"epoch","Name: hopfield_mol - _step","Name: hopfield_mol - _step__MIN","Name: hopfield_mol - _step__MAX","Name: hopfield_mol - loss_to_report_val","Name: hopfield_mol - loss_to_report_val__MIN","Name: hopfield_mol - loss_to_report_val__MAX"
"0","0","0","0","0.4072085149454375","0.40384263355503164","0.4095290870658127"
"1","2","2","2","0.35953285563358856","0.35639743972388954","0.3645938803131393"
"2","4","4","4","0.33879566367066183","0.32655544499051964","0.34702049221815795"
"3","6","6","6","0.31687180733954523","0.3124185211584505","0.3239213844116349"
"4","8","8","8","0.3039005775849563","0.29929012759589635","0.3113183019137258"
"5","10","10","10","0.2910023153841006","0.2882366378448675","0.2949534989557343"
"6","12","12","12","0.28272770660161733","0.27618358210676053","0.28791147779869614"
"7","14","14","14","0.2708967062973217","0.26500754293588996","0.2736696457374595"
"8","16","16","16","0.267790296713061","0.2605029476878091","0.2732217772275178"
"9","18","18","18","0.2568428945009429","0.2520135474511009","0.2611281931554622"
"10","20","20","20","0.25398723815482754","0.24832542927101522","0.2590852774952957"
"11","22","22","22","0.24713543031052074","0.24394554670432028","0.2502420637376937"
"12","24","24","24","0.24171119422402038","0.23738743666736206","0.24585095253346223"
"13","26","26","26","0.23647300936937682","0.23192435957327065","0.24151194933357809"
"14","28","28","28","0.23205577795066362","0.2304778972812376","0.2329252227827883"
"15","30","30","30","0.228592596196193","0.22194734856001233","0.23522832284778317"
"16","32","32","32","0.22139360859004298","0.22022946071095736","0.22316167370073847"
"17","34","34","34","0.22131305969812018","0.21769659336410271","0.22423354311498955"
"18","36","36","36","0.2178948464268032","0.21545259324117877","0.22272595207457968"
"19","38","38","38","0.21706261969434468","0.2136692442563231","0.2210061770960904"
"20","40","40","40","0.2126257386005074","0.21016471298169115","0.21594995359445404"
"21","42","42","42","0.20909367715796673","0.2058850855987067","0.2155818321759878"
"22","44","44","44","0.20564773168868555","0.203215081587746","0.20818078393548184"
"23","46","46","46","0.20364530984933013","0.20101418830154888","0.20527672006385955"
"24","48","48","48","0.20322726708331493","0.19881438725281086","0.20745351920808744"
"25","50","50","50","0.19872370149688487","0.1952811233073426","0.2038139808014301"
"26","52","52","52","0.1972265038061698","0.19480872812407185","0.20024489017770752"
"27","54","54","54","0.19377542791243882","0.192295577795773","0.1955484020631538"
"28","56","56","56","0.19136813870728417","0.1890470014997847","0.19397798295831775"
"29","58","58","58","0.19305579636184794","0.18809161757575688","0.19719463937947695"
"30","60","60","60","0.1883007703800384","0.1864083454672468","0.18980083818190047"
"31","62","62","62","0.18890756132183043","0.18670706627285968","0.19211768162255413"
"32","64","64","64","0.18669130965383648","0.1845647555255584","0.18968722576381294"
"33","66","66","66","0.18730479266387956","0.18479179679099195","0.18906165303202827"
"34","68","68","68","0.18430446292476904","0.18230707798177748","0.18628476515667508"
"35","70","70","70","0.1802695190993897","0.17758195726204415","0.18558145682533408"
"36","72","72","72","0.1807944686398406","0.17866552748408523","0.18465500497098908"
"37","74","74","74","0.18032530501869753","0.1767019999981875","0.18549307092433528"
"38","76","76","76","0.17939008244336085","0.177390760692819","0.18142020441845866"
"39","78","78","78","0.17733351063079206","0.1744622429401667","0.18060751129187566"
"40","80","80","80","0.1765016286480971","0.17459248072426123","0.1787637352549069"
"41","82","82","82","0.1760824702586119","0.17398530054521252","0.17805576359677314"
"42","84","84","84","0.1732974024411724","0.17254055592368336","0.17497785689467393"
"43","86","86","86","0.17275554165335358","0.17149681603965544","0.17401442156134328"
"44","88","88","88","0.1727070857956144","0.16998696886590098","0.17572111770859772"
"45","90","90","90","0.17059554610860247","0.16838481665046423","0.17192392288840141"
"46","92","92","92","0.17195927631180985","0.17074979600765233","0.17517930564708442"
"47","94","94","94","0.17057043234067526","0.16777372244765168","0.1744546185345048"
"48","96","96","96","0.17101650834365592","0.16799312004403083","0.1762942903428619"
"49","98","98","98","0.16760493317792685","0.16422500402085474","0.16923884994420535"
"50","100","100","100","0.16850623844799067","0.16623547538423603","0.17014540376138276"
"51","102","102","102","0.16739829741174583","0.16563700484529997","0.16882859656873522"
"52","104","104","104","0.16625844615181573","0.1649518648115147","0.1685066235884578"
"53","106","106","106","0.1674920262570159","0.1636430750961085","0.1748448370745638"
"54","108","108","108","0.16561505799461332","0.16187133517500957","0.16903651094127198"
"55","110","110","110","0.16426211952289632","0.1630360018322698","0.1659130401679738"
"56","112","112","112","0.16404560780856597","0.16228612059488362","0.1656646205840906"
"57","114","114","114","0.1623927174946874","0.16060779957115154","0.16420216436493842"
"58","116","116","116","0.16325981771127732","0.1608631177732998","0.16645770723706804"
"59","118","118","118","0.1606171030274524","0.15730953519640814","0.1632858109214564"
"60","120","120","120","0.16232722548554784","0.1594904742283529","0.1664264738541276"
"61","122","122","122","0.16018783662577202","0.15861240885127295","0.16230488072303378"
"62","124","124","124","0.16062093306415678","0.15918899598962838","0.16333630721338888"
"63","126","126","126","0.1591803011616381","0.15755044201169094","0.1624286477837233"
"64","128","128","128","0.15917584476238247","0.1564715266701095","0.16061363741192386"
"65","130","130","130","0.15925402644188064","0.15736609908295304","0.16173052077628516"
"66","132","132","132","0.15835733991245332","0.1561998491424987","0.15966143886984355"
"67","134","134","134","0.1566325784946388","0.1544221397505252","0.15908705027897532"
"68","136","136","136","0.1584023438603117","0.15670491309400075","0.161568076671036"
"69","138","138","138","0.15997670013547532","0.15784383939184973","0.1622853961079831"
"70","140","140","140","0.15705759914696643","0.15465953938930285","0.15897383059279896"
"71","142","142","142","0.1573944520904565","0.1535952442113411","0.16107416122369808"
"72","144","144","144","0.15627513734132117","0.15430776147256106","0.15946936199389183"
"73","146","146","146","0.15601145524872212","0.15382866444553112","0.15823691428445247"
"74","148","148","148","0.15628272703562104","0.15454488986444828","0.1579005698731761"
"75","150","150","150","0.15631536642365929","0.1541440980674912","0.15999635580449137"
"76","152","152","152","0.15553083744686585","0.15319652628948005","0.1569210205935209"
"77","154","154","154","0.1561595364673706","0.15368899503740166","0.15861409811131258"
"78","156","156","156","0.15631672696154317","0.15480386617688177","0.1582600923020232"
"79","158","158","158","0.15498804895899307","0.1537930662130746","0.15735938455370654"
"80","160","160","160","0.15607234747355228","0.1543433450977383","0.15696869962378635"
"81","162","162","162","0.15495611118915126","0.15269344007576832","0.15758154736722646"
"82","164","164","164","0.1558868190166209","0.15228880221244956","0.15900883154947218"
"83","166","166","166","0.15511643376869702","0.1513840721263221","0.15787178270901178"
"84","168","168","168","0.15400835113823544","0.15152409715147924","0.1552213716399157"
"85","170","170","170","0.15402206463502477","0.15191484684408493","0.1570914551566395"
"86","172","172","172","0.15422327139593273","0.15270257807571463","0.1569275909791923"
"87","174","174","174","0.15268892974187018","0.15104782455967053","0.15421001710617732"
"88","176","176","176","0.15275259591060358","0.15185023621008975","0.1541527220478803"
"89","178","178","178","0.15276047745000348","0.15153110992161098","0.1540440273936554"
"90","180","180","180","0.15268598828276686","0.15116744404365542","0.15434098659756149"
"91","182","182","182","0.15350246674975734","0.15180740423795633","0.1548087455088515"
"92","184","184","184","0.15241426414509124","0.15088735725135086","0.1535594168175622"
"93","186","186","186","0.15264302582231248","0.15046191204843296","0.15431155744220662"
"94","188","188","188","0.15367643524761504","0.15196871878671742","0.15675624559295084"
"95","190","190","190","0.15292558675136064","0.15075696374202663","0.15543621496881904"
"96","192","192","192","0.15224822821401088","0.15151866652412044","0.15379279046828584"
"97","194","194","194","0.1530106274437904","0.15120294557064687","0.1545937640300278"
"98","196","196","196","0.15293739084421903","0.15190584977666569","0.15374863856998025"
"99","198","198","198","0.15346844298046966","0.1508971217778575","0.15510033646971777"
"100","200","200","200","0.15315057429041828","0.14981158432535244","0.1552607698066079"
"101","202","202","202","0.15185311034212046","0.1499935187159504","0.15272000144141187"
"102","204","204","204","0.15050378576596465","0.14831069310425388","0.15206997618033458"
"103","206","206","206","0.15268768824211348","0.14962483786077585","0.15411335955174524"
"104","208","208","208","0.1530746323030082","0.14978370599816807","0.15731034982182285"
"105","210","210","210","0.15066546591260932","0.14963694447566595","0.15152559514951972"
"106","212","212","212","0.15098801100438863","0.14625067935519923","0.1543840650501194"
"107","214","214","214","0.15063506992163556","0.14943770238851076","0.1521667911948662"
"108","216","216","216","0.15283610903699021","0.14743532349681737","0.15567116635335504"
"109","218","218","218","0.15028192774790003","0.14792082521986868","0.15367346982941227"
"110","220","220","220","0.15069110263992994","0.1484479695432278","0.15284439481896903"
"111","222","222","222","0.15134098261532805","0.14998372905952967","0.15574166548612609"
"112","224","224","224","0.15060054644390303","0.14818318067739952","0.1514849157596717"
"113","226","226","226","0.15205229373263132","0.1492508558449841","0.15463565219841285"
"114","228","228","228","0.15158277005834098","0.1484699288364226","0.1546095545796889"
"115","230","230","230","0.15033449060297366","0.14852361077451093","0.15176123161879743"
"116","232","232","232","0.14931544572158145","0.1458231474814869","0.15171712461348832"
"117","234","234","234","0.15011955730139187","0.14749426633663967","0.15240299477764935"
"118","236","236","236","0.15093194262187923","0.1495712278018922","0.15171803724020588"
"119","238","238","238","0.14989260460546014","0.14821845887839574","0.1522619118660687"
"120","240","240","240","0.15129714491045032","0.1472948476291891","0.15462533754611554"
"121","242","242","242","0.14933473602295205","0.14630933604837","0.1525378161055627"
"122","244","244","244","0.15129135688230194","0.14899069617562427","0.15607100278803146"
"123","246","246","246","0.15121759515742733","0.14787318351887072","0.15622479982484636"
"124","248","248","248","0.15047348654061485","0.14729632968044606","0.15538018962964023"
"125","250","250","250","0.14922860278716063","0.14517387679011926","0.15233743586876836"
"126","252","252","252","0.1512783440169526","0.14847987297474743","0.15309777080538525"
"127","254","254","254","0.15005965175395242","0.14872029761851935","0.15106260046329545"
"128","256","256","256","0.14915191346878331","0.14716710011348455","0.15145898442118752"
"129","258","258","258","0.14968764427267134","0.14773201908284198","0.15209936545844555"
"130","260","260","260","0.14880778147239102","0.14542424860471445","0.1510108605812757"
"131","262","262","262","0.14931319374267935","0.1472670677694139","0.1518275876421673"
"132","264","264","264","0.1498832986205816","0.147266215129505","0.15198744250210616"
"133","266","266","266","0.14866816598592938","0.14778662614152432","0.14958455178801291"
"134","268","268","268","0.14943615663742638","0.14771586133976386","0.1510046772199297"
"135","270","270","270","0.14913551240271486","0.1461582564913355","0.15110313599589656"
"136","272","272","272","0.15034195085856844","0.14928146709216966","0.15113033318590025"
"137","274","274","274","0.14879332998489053","0.14705226653853382","0.15076678361648643"
"138","276","276","276","0.14923187119965495","0.14570813848597788","0.15432529814040444"
"139","278","278","278","0.1482765128231524","0.1467030537473751","0.15033075813317584"
"140","280","280","280","0.1486080206142709","0.1475079160736612","0.1504785247575862"
"141","282","282","282","0.15021057792534792","0.14749633590030745","0.15171941724296184"
"142","284","284","284","0.14952110857629441","0.14652068416847636","0.15150970804482036"
"143","286","286","286","0.15008997360172574","0.14792928408232356","0.1538908562713466"
"144","288","288","288","0.150864707345921","0.14796277113426115","0.15302847383255375"
"145","290","290","290","0.14835411620353806","0.14520391156200482","0.15191803456107236"
"146","292","292","292","0.1483145058139536","0.14445555837008625","0.1516611571966132"
"147","294","294","294","0.14841692340131604","0.14695221324152605","0.14999466855430013"
"148","296","296","296","0.1495468810776392","0.14623887333990998","0.15281290306162404"
"149","298","298","298","0.14781112098394864","0.14572369404489807","0.15065858800190757"
"150","300","300","300","0.1487395440785106","0.14579910816822153","0.1501930020685784"
"151","302","302","302","0.14864914603744736","0.1466498192295329","0.15101641074511177"
"152","304","304","304","0.14975187566319612","0.14777449150834132","0.15278828659967558"
"153","306","306","306","0.1494525726952339","0.14485378550706351","0.15322535520649408"
"154","308","308","308","0.15161782846534594","0.14916463750775685","0.15727646443888968"
"155","310","310","310","0.15075643181201398","0.1480168176696951","0.15247019505245527"
"156","312","312","312","0.1496915541079019","0.1477711073681225","0.1529246202167745"
"157","314","314","314","0.14904261593594373","0.1472925774855334","0.15064423502283106"
"158","316","316","316","0.14726955201600825","0.14529600383959246","0.15070081695398968"
"159","318","318","318","0.15009649579804388","0.1462520108116155","0.15358534145429367"
"160","320","320","320","0.14835378617163836","0.14681283650270305","0.15065469985929764"
"161","322","322","322","0.14928791351156268","0.1477569449580271","0.15066010379140285"
"162","324","324","324","0.1488508176182443","0.1478987856036159","0.1512417883573346"
"163","326","326","326","0.1489838169974766","0.14764783127327005","0.1512766486002942"
"164","328","328","328","0.15004758268643453","0.14859864023059727","0.15246196103932796"
"165","330","330","330","0.14988961042079313","0.14841012771116283","0.1512980422546544"
"166","332","332","332","0.14995385452534463","0.14710467517133255","0.15309771325419524"
"167","334","334","334","0.14886138740299337","0.146038073325181","0.15192942852246874"
"168","336","336","336","0.14872971767382034","0.14660392883857917","0.15094802008615546"
"169","338","338","338","0.14848793101695473","0.14607696755525956","0.14991530543299111"
"170","340","340","340","0.1495728154841574","0.1475868620624502","0.1518997804665194"
"171","342","342","342","0.14925464935126653","0.14680150195989083","0.1527151050889651"
"172","344","344","344","0.14825490408972947","0.1457107428535056","0.15045615927245448"
"173","346","346","346","0.14906006560869495","0.1482249174329502","0.15083332319935883"
"174","348","348","348","0.14716415971700297","0.1434060273865187","0.1491330249685069"
"175","350","350","350","0.14802637509124233","0.14594433218135228","0.15042522599391503"
"176","352","352","352","0.148269859941417","0.1458898507821811","0.15211002201789073"
"177","354","354","354","0.14897811993030224","0.14678700899230224","0.15148555163135585"
"178","356","356","356","0.14800398535725043","0.14459467653994146","0.15155257968954686"
"179","358","358","358","0.14942506913115805","0.14585955805266618","0.15300935023453283"
"180","360","360","360","0.14756339735708363","0.1443568945444462","0.15107087756239557"
"181","362","362","362","0.14853453009780154","0.145932889371415","0.15212350967907776"
"182","364","364","364","0.14910429464201955","0.14538673538407876","0.1522512300820196"
"183","366","366","366","0.148432238526015","0.14386935285268906","0.15139116512495213"
"184","368","368","368","0.148976891117131","0.1427272213405053","0.1532014430238302"
"185","370","370","370","0.14871990588454892","0.14494442147743342","0.15142746428198534"
"186","372","372","372","0.1485982263807139","0.14714818062976776","0.15231912654300878"
"187","374","374","374","0.14796642043819222","0.14729788208614752","0.14853564171729833"
"188","376","376","376","0.14845539777334815","0.14706703431553314","0.15061626381768942"
"189","378","378","378","0.14987036971093717","0.14843249973814712","0.15220510357570052"
"190","380","380","380","0.14896238292269576","0.14540084345034873","0.1506977779908371"
"191","382","382","382","0.14787228688546586","0.14544647709062195","0.14975261513364702"
"192","384","384","384","0.14807033804968942","0.14621440107823647","0.14956264400607147"
"193","386","386","386","0.1479110265334413","0.14422945882603508","0.15311236024737068"
"194","388","388","388","0.1492438791788369","0.14780791095862073","0.1515356505277656"
"195","390","390","390","0.1489256024358379","0.144676112327154","0.1502086509703377"
"196","392","392","392","0.14845723606040914","0.14423620079973273","0.15077210919450273"
"197","394","394","394","0.15001996943351142","0.1467121482029537","0.15341780930141724"
"198","396","396","396","0.1489476153189196","0.14830692612483146","0.15031283018230857"
"199","398","398","398","0.14769282306756715","0.1445777410510911","0.15154433941150944"
"200","400","400","400","0.14911880651359505","0.14624722976122256","0.1507291038402041"
"201","402","402","402","0.1485362924925177","0.14457245830459867","0.15099404872490385"
"202","404","404","404","0.14907623222032945","0.1451384013801129","0.15103651752550917"
"203","406","406","406","0.1498527187647118","0.1465727149524364","0.15449518974051016"
"204","408","408","408","0.14929664262985667","0.14781849805476635","0.15203230487959246"
"205","410","410","410","0.14790136204269028","0.14454275512510167","0.15178863547676236"
"206","412","412","412","0.14901572263995555","0.14650013895446762","0.15312914500129413"
"207","414","414","414","0.1489608861988051","0.14679226952704308","0.15193420332325028"
"208","416","416","416","0.14681439820182085","0.1444313331901687","0.1496585364070181"
"209","418","418","418","0.14923817892463315","0.146053668682719","0.15243697339280077"
"210","420","420","420","0.14801910788422698","0.1463037344008794","0.1509940231570758"
"211","422","422","422","0.14912607828739807","0.146600063530444","0.15082831006888947"
"212","424","424","424","0.1490843972254257","0.14812411841435597","0.14973403786891992"
"213","426","426","426","0.15002236509695355","0.14849323397018357","0.15088874451675105"
"214","428","428","428","0.14862387918379108","0.14726950077002243","0.15039428152601286"
"215","430","430","430","0.14765200957772562","0.14659721282260413","0.1492424418686339"
"216","432","432","432","0.15021178629277676","0.1469457038550464","0.1554637657653511"
"217","434","434","434","0.14830085409673138","0.14634594201084666","0.1504643427448913"
"218","436","436","436","0.14832034854870493","0.14710709439594374","0.15033878320094823"
"219","438","438","438","0.14959717436033332","0.147156283610217","0.15280958691579116"
"220","440","440","440","0.14897480279244302","0.14690980499607423","0.15150440046854832"
"221","442","442","442","0.1479241998793453","0.14543630282359818","0.15152478360053873"
"222","444","444","444","0.14834274738396017","0.14644816878032627","0.1500702940989257"
"223","446","446","446","0.15049711263966808","0.1461484210160429","0.15493142125793513"
"224","448","448","448","0.149318175269499","0.14538397649429788","0.15066924074892868"
"225","450","450","450","0.14881092756776457","0.1455842276326579","0.15131170300229782"
"226","452","452","452","0.14827466256846544","0.14578986348109316","0.1502848776750238"
"227","454","454","454","0.15004240741107636","0.14423533122934468","0.1546259882635138"
"228","456","456","456","0.14827235627391988","0.14562903323320608","0.15107647679949804"
"229","458","458","458","0.14968165088133015","0.14661376297161885","0.153474733141434"
"230","460","460","460","0.14903975509136566","0.14765154820362608","0.15131227916134835"
"231","462","462","462","0.14964502755003883","0.14519982455638558","0.15515495622602038"
"232","464","464","464","0.14903515156305186","0.14551904703425983","0.15117775495008595"
"233","466","466","466","0.1496319243489464","0.14691625238696324","0.15174598528114175"
"234","468","468","468","0.14987720668903057","0.14752312733580375","0.1525895770406361"
"235","470","470","470","0.15178720716047817","0.14874905801393828","0.15601423764682038"
"236","472","472","472","0.1490755412045932","0.14728316750101042","0.15029356949874403"
"237","474","474","474","0.14947026511748263","0.14819570637152366","0.15119104707225212"
"238","476","476","476","0.14961493945441465","0.14749547889005699","0.15110743964388104"
"239","478","478","478","0.15045783198056323","0.1479949337040145","0.15341800781566295"
"240","480","480","480","0.14931537475893658","0.145692937693912","0.15324123169138618"
"241","482","482","482","0.14919518779846536","0.1469303816790895","0.15149129592255525"
"242","484","484","484","0.14763735951722856","0.14555566650714594","0.15013399538959016"
"243","486","486","486","0.15056073102118867","0.1479186413275616","0.1530112661853722"
"244","488","488","488","0.14873125156147796","0.14670681963915336","0.15130773950966628"
"245","490","490","490","0.14833043913675303","0.14457859288332875","0.15013472145574136"
"246","492","492","492","0.14799687923292207","0.1464802311544168","0.14925657467637213"
"247","494","494","494","0.1474382170596377","0.14572544414759117","0.14991651277397963"
"248","496","496","496","0.14881624785644235","0.14662964134708492","0.15148045954972705"
"249","498","498","498","0.14853841794695777","0.14333083211384362","0.15264287967380463"
"250","500","500","500","0.14902795580326306","0.14754830402255328","0.15122744868895102"
"251","502","502","502","0.15038321397785626","0.14776912460242977","0.1527944992760211"
"252","504","504","504","0.14826516807163684","0.14620861695740386","0.1503867795643975"
"253","506","506","506","0.1507329712278174","0.14840985847914384","0.15275785296051184"
"254","508","508","508","0.14947505255659732","0.1462965028554865","0.15235845901563289"
"255","510","510","510","0.14806084616021903","0.1447405222876081","0.15166576896846573"
"256","512","512","512","0.14963667457396865","0.14743694514147743","0.15299464681788466"
"257","514","514","514","0.14950413125492015","0.14787578327160228","0.15375766555864842"
"258","516","516","516","0.15072600796351318","0.14914729572926702","0.15259880402624482"
"259","518","518","518","0.14946372837545624","0.1466549560027613","0.15275534327229423"
"260","520","520","520","0.1501656237284758","0.14669382943354772","0.153786504221806"
"261","522","522","522","0.1505906389972233","0.14776663057672051","0.15279698214988238"
"262","524","524","524","0.1483837165439103","0.14609927514168183","0.1505491345160033"
"263","526","526","526","0.14941835176003632","0.14748085108013442","0.15186381007885782"
"264","528","528","528","0.14936831710316395","0.14839780426699084","0.15229986476521212"
"265","530","530","530","0.14866533358512504","0.14635544173142054","0.1508273164961738"
"266","532","532","532","0.15145251787578257","0.1485241320579581","0.153105886753388"
"267","534","534","534","0.1512895101763913","0.14951088892627334","0.15294448224647575"
"268","536","536","536","0.14938139456586944","0.14674493754560242","0.15318650640242984"
"269","538","538","538","0.15020587090557697","0.14895885328845138","0.15133062034474107"
"270","540","540","540","0.15224660169056065","0.14925914756056013","0.1543964306417321"
"271","542","542","542","0.14873815776324997","0.14647180114125524","0.1536853728140686"
"272","544","544","544","0.15111039950627608","0.14822814061877748","0.15666020495955155"
"273","546","546","546","0.149394595235226","0.14715830300156077","0.15165247939125498"
"274","548","548","548","0.14954711376252233","0.14839786048007866","0.15304431385252307"
"275","550","550","550","0.14903268637949788","0.1477419639087005","0.1507445576615405"
"276","552","552","552","0.1515396497705911","0.1497281206665857","0.15349222309087543"
"277","554","554","554","0.1496791988191915","0.14923636670829","0.1500898216305997"
"278","556","556","556","0.15100334065158402","0.14924442154463372","0.1524772019163391"
"279","558","558","558","0.14971898981716142","0.1484385678448704","0.1518023020713304"
"280","560","560","560","0.15057563624697828","0.1486793929888925","0.15368289081758296"
"281","562","562","562","0.1485747959333628","0.14593596764714492","0.15097486155160963"
"282","564","564","564","0.14885353403969265","0.1451936431397964","0.15274103524409444"
"283","566","566","566","0.1486373311210537","0.14687498135125102","0.1510162234320823"
"284","568","568","568","0.1488939498227171","0.1465017453949452","0.1537379214618297"
"285","570","570","570","0.151436180577445","0.1480182610716929","0.15473737160329612"
"286","572","572","572","0.14975324099750326","0.148740032977147","0.15198537226186742"
"287","574","574","574","0.14933550591968214","0.14693971172239323","0.1517135712530449"
"288","576","576","576","0.14974467272731884","0.14769739465825607","0.15230498160143832"
"289","578","578","578","0.15021556239752565","0.14684068676074846","0.15225604647490615"
"290","580","580","580","0.1508199475472119","0.14957421450915007","0.153030524175683"
"291","582","582","582","0.149678314905214","0.14800249390833273","0.15280938967446572"
"292","584","584","584","0.14999038605849618","0.14868807115692684","0.15042895785194874"
"293","586","586","586","0.14891056021052138","0.14485016531907266","0.15104806789223083"
"294","588","588","588","0.14969898717206434","0.14832659650380484","0.1521868644847845"
"295","590","590","590","0.1494053392881442","0.14541868806451722","0.15476132808980111"
"296","592","592","592","0.1497370412682734","0.1474259897668449","0.1520100813978658"
"297","594","594","594","0.14860059491012245","0.14735189710469923","0.14985876345691643"
"298","596","596","596","0.14952499244594442","0.1479310361899256","0.15213918556326053"
"299","598","598","598","0.15014107812161598","0.14628570375903557","0.15317219473812138"
"300","600","600","600","0.1499243845644555","0.14716119852460777","0.15341118241896326"
"301","602","602","602","0.14907088640137225","0.14810212646829135","0.15041508644181759"
"302","604","604","604","0.14955948764736962","0.14659872812374614","0.15193059004028106"
"303","606","606","606","0.14974601437945972","0.14848007485564915","0.15074470718874805"
"304","608","608","608","0.14744597808411267","0.14655053091544076","0.14834563744199064"
"305","610","610","610","0.14983075344524216","0.14840807865151356","0.1516364705527062"
"306","612","612","612","0.15072257663927668","0.1491369408748344","0.1523472571850813"
"307","614","614","614","0.15063994519273496","0.14739573580375107","0.15265445308858724"
"308","616","616","616","0.14888634388173932","0.14800842866046818","0.15092186644966063"
"309","618","618","618","0.14911848510980444","0.14601453112518847","0.15072626031287978"
"310","620","620","620","0.14899022922616428","0.14699866738870404","0.15271247609414304"
"311","622","622","622","0.14903053934084456","0.14830840414754504","0.14960992162284278"
"312","624","624","624","0.15001005558445465","0.14805379741545122","0.15126567778415717"
"313","626","626","626","0.15018542246088978","0.14566363296743512","0.15485214984067552"
"314","628","628","628","0.14960178429362456","0.14738476120611685","0.1522594224708297"
"315","630","630","630","0.14857461836119962","0.14720282792047903","0.15271615102318029"
"316","632","632","632","0.15102160079396804","0.14931525083846534","0.15418246470859648"
"317","634","634","634","0.14999266848172157","0.1487687610487089","0.15164727608837397"
"318","636","636","636","0.14929955990070443","0.14639665322636441","0.15192489179654553"
"319","638","638","638","0.1496799866736731","0.1463419851804107","0.1522077236082054"
"320","640","640","640","0.1485131677154383","0.14708024451303134","0.15041790982151307"
"321","642","642","642","0.1486703207609023","0.14574816947923389","0.1511574968786584"
"322","644","644","644","0.1479997873591739","0.1469603024017972","0.1506511443683013"
"323","646","646","646","0.15019404725510152","0.14791833288575534","0.15243656607079395"
"324","648","648","648","0.15014286338558952","0.1486812730215024","0.15133007155787465"
"325","650","650","650","0.14951183471089685","0.14752843257450424","0.15238149298415432"
"326","652","652","652","0.1483281414702024","0.14506753058334815","0.1504957218791178"
"327","654","654","654","0.1492183577228194","0.14525631771615513","0.15178179294808147"
"328","656","656","656","0.15151216930843409","0.15072032059938634","0.15241527134527744"
"329","658","658","658","0.1479944695863343","0.1465547231536244","0.15126604580167058"
"330","660","660","660","0.14888411777636948","0.1466411190022487","0.1515087515821047"
"331","662","662","662","0.14818363899107206","0.14618656772239516","0.15024264360875036"
"332","664","664","664","0.1491842942340064","0.14671037840523218","0.1523191000353369"
"333","666","666","666","0.14975773073137838","0.1479170904829465","0.15210640534652858"
"334","668","668","668","0.14991404487692347","0.14866879844826844","0.15151906457553466"
"335","670","670","670","0.15045607076280176","0.1483064374905265","0.1542483373279862"
"336","672","672","672","0.15018791176771046","0.14734550573904273","0.15729535967942007"
"337","674","674","674","0.14892464666858699","0.14800426033554048","0.14935436654767295"
"338","676","676","676","0.1490133702199193","0.14716356792971622","0.15260806200970758"
"339","678","678","678","0.1483301902993401","0.14408655325979394","0.151484378938169"
"340","680","680","680","0.14887265820130255","0.14768084993996095","0.14990589514879396"
"341","682","682","682","0.14983279515022407","0.1481772906072517","0.1521353028038434"
"342","684","684","684","0.15023985805404028","0.14817367490435304","0.1541023257890226"
"343","686","686","686","0.15066358259046728","0.14825642775100958","0.1529774813856333"
"344","688","688","688","0.14885922195552115","0.14630050720365922","0.1503024105791449"
"345","690","690","690","0.1493685872297184","0.14658963097624872","0.15185836757667973"
"346","692","692","692","0.1494203431201092","0.14402116973425944","0.15456547753871627"
"347","694","694","694","0.14963088417386966","0.1470459353163397","0.15222477484836924"
"348","696","696","696","0.15102651137205758","0.15011232064120542","0.15336415105111548"
"349","698","698","698","0.1496101755977032","0.14776594402004542","0.15239894370382454"
"350","700","700","700","0.15148878895598453","0.14870728790730983","0.1537595404428363"
"351","702","702","702","0.15033335383459862","0.1477845456532534","0.15235111371286986"
"352","704","704","704","0.15076187345173753","0.14796879191095672","0.15595230155497578"
"353","706","706","706","0.15087223192654328","0.1469287107532807","0.15302516718588274"
"354","708","708","708","0.15008805112897766","0.1478111179327661","0.1518297642295382"
"355","710","710","710","0.15043452114825168","0.1489689129031248","0.1532321087316742"
"356","712","712","712","0.1498062653114528","0.14670490218550705","0.15176837300341403"
"357","714","714","714","0.14965872369858607","0.14447452337410532","0.15492966046896592"
"358","716","716","716","0.15036017294918697","0.1467227841449228","0.15242373099406004"
"359","718","718","718","0.14993719194482968","0.1477953000171015","0.15394810894652786"
"360","720","720","720","0.1513109993395821","0.14877401616279726","0.15472504621425562"
"361","722","722","722","0.1501382145146476","0.1461961951480572","0.15363216840301577"
"362","724","724","724","0.15017119242534244","0.1475871452216877","0.1524272155377882"
"363","726","726","726","0.14886989311458604","0.1446668112403912","0.15184628012591417"
"364","728","728","728","0.14999827371749092","0.14819571767275314","0.15221353437613203"
"365","730","730","730","0.14940257709907784","0.14744458493191676","0.15107443584778774"
"366","732","732","732","0.14965984423003506","0.1477122824679382","0.15283471705597335"
"367","734","734","734","0.14889888174537974","0.14602322831165546","0.15300081935419454"
"368","736","736","736","0.14920359228799715","0.14704452787333328","0.15236153870605718"
"369","738","738","738","0.1502650359714388","0.14749939037266882","0.15323519329717605"
"370","740","740","740","0.1489250888807248","0.14502272368715255","0.15056179805316086"
"371","742","742","742","0.15056843522716312","0.14749410925227743","0.1549620062366117"
"372","744","744","744","0.1488550768929776","0.14632055281652376","0.15418116952855107"
"373","746","746","746","0.14993410755453854","0.148549715363524","0.1510743043046132"
"374","748","748","748","0.15014658100456663","0.14595112602170773","0.15378002236645708"
"375","750","750","750","0.15129642021630468","0.14755836103439451","0.15438097428320516"
"376","752","752","752","0.14893501074215204","0.14663859527265521","0.1514789202145041"
"377","754","754","754","0.1481666416477526","0.14572680310077457","0.14994411286478665"
"378","756","756","756","0.14821369386158542","0.14604651812915587","0.15057039974083525"
"379","758","758","758","0.14891421585285972","0.1473845920389975","0.1508029935637496"
"380","760","760","760","0.1495998564739504","0.147081569525399","0.151122087018304"
"381","762","762","762","0.14970501612841575","0.1465432475978456","0.15278289369869477"
"382","764","764","764","0.14952067576179437","0.1481359682214367","0.1512683070967659"
"383","766","766","766","0.1504067204979747","0.14939474999082902","0.15332280377828789"
"384","768","768","768","0.1502253898792","0.14762880916198526","0.1537092061008123"
"385","770","770","770","0.15015414041606384","0.1486909775777636","0.15324943152356232"
"386","772","772","772","0.14994476137875098","0.14609252178278767","0.15393067502877275"
"387","774","774","774","0.1487991623383842","0.14561935714785082","0.1523602790964524"
"388","776","776","776","0.15063555645639995","0.147619831735893","0.15227900238147762"
"389","778","778","778","0.1506745428109896","0.14826353523158134","0.1527043419066503"
"390","780","780","780","0.15072921982878892","0.14856525386483282","0.15628283666064083"
"391","782","782","782","0.14960241297483917","0.1454683263934362","0.1536925085313241"
"392","784","784","784","0.15020439381651002","0.14644607488602454","0.15248797916533605"
"393","786","786","786","0.148058778043055","0.14555550960545668","0.1500134806491296"
"394","788","788","788","0.1497002600222503","0.14788406519006356","0.15131213471838917"
"395","790","790","790","0.14971554908858606","0.14888507118328106","0.15059910188842596"
"396","792","792","792","0.14980239103605422","0.14870571854743903","0.1518697012646389"
"397","794","794","794","0.1528573130514455","0.14987624686172601","0.1559372818247282"
"398","796","796","796","0.150141668630062","0.14912217914758083","0.15230839343205618"
"399","798","798","798","0.1507346733539428","0.14825559544044462","0.15659212991866073"
"400","800","800","800","0.15168262266651925","0.1488290133559939","0.15535347115583392"
"401","802","802","802","0.1507810219102083","0.14997809311252275","0.15222220844218212"
"402","804","804","804","0.14998031717728635","0.14858919234747694","0.1519283907916902"
"403","806","806","806","0.15006736603260257","0.14786882077666982","0.15208736129224415"
"404","808","808","808","0.1506604384018799","0.1501663952118401","0.15111423803937812"
"405","810","810","810","0.15013053244418412","0.1481611210657888","0.1531198675211002"
"406","812","812","812","0.15171975694120104","0.1486299522084932","0.15679207421140554"
"407","814","814","814","0.1515046774826782","0.15060332509188165","0.1536730206528324"
"408","816","816","816","0.14934589342777743","0.147781279892704","0.15265837008452324"
"409","818","818","818","0.15109306271011577","0.14931259942840036","0.15311803315745698"
"410","820","820","820","0.15042167785258906","0.14894897126050607","0.1518138860126767"
"411","822","822","822","0.1493826161087599","0.14675705636347222","0.15145259227918248"
"412","824","824","824","0.14970151296067796","0.14572914450132787","0.1518373398864993"
"413","826","826","826","0.15140606210233115","0.15017603573813768","0.15301219114333206"
"414","828","828","828","0.1481454293321774","0.14585382683693068","0.14967288615669044"
"415","830","830","830","0.1501092481486547","0.14694100918273664","0.1516510057936871"
"416","832","832","832","0.14866636949162731","0.14658166175475534","0.15138451496457803"
"417","834","834","834","0.1489087567814841","0.14634397313264308","0.15114129148010522"
"418","836","836","836","0.1485808750580281","0.14606124877425833","0.15007984329136026"
"419","838","838","838","0.149714642172505","0.14820164919279274","0.15129692903206435"
"420","840","840","840","0.1501518949850657","0.1486911405488993","0.15138083730965038"
"421","842","842","842","0.14864222442561048","0.1454555924326418","0.15316632431494362"
"422","844","844","844","0.15053173220063534","0.14824913619064853","0.15343945472638923"
"423","846","846","846","0.15035606014734434","0.14474033047392024","0.1539471119917453"
"424","848","848","848","0.15127465922930683","0.1461666171644258","0.15425752821714994"
"425","850","850","850","0.14969080146834948","0.14698195891784027","0.15152743233033722"
"426","852","852","852","0.150726205235476","0.1493531566423516","0.15254726075424616"
"427","854","854","854","0.15044975992621396","0.14832610595836263","0.15169107769429685"
"428","856","856","856","0.15123201369943354","0.1472329341131571","0.15383524982422456"
"429","858","858","858","0.15168999900735086","0.15049150076353407","0.153180462896342"
"430","860","860","860","0.1509069665634072","0.14974615968559243","0.15223743346687885"
"431","862","862","862","0.14957517034261386","0.14769453579745065","0.15134194596444267"
"432","864","864","864","0.15127852284963877","0.1490419534606255","0.15279668238750688"
"433","866","866","866","0.15103264940674416","0.14660389550375652","0.15380194454008028"
"434","868","868","868","0.1510787766107313","0.14724023325854327","0.1544044098999119"
"435","870","870","870","0.14973689109309085","0.14701801561139546","0.15197171526446981"
"436","872","872","872","0.15219339577048524","0.14987157489977412","0.1535369443345523"
"437","874","874","874","0.1509061059025997","0.14771983404550063","0.1537917098286536"
"438","876","876","876","0.15096773841549038","0.14884004698416867","0.15395722801536707"
"439","878","878","878","0.15075817662010643","0.14832665982889698","0.1534292632565632"
"440","880","880","880","0.15151555116809523","0.14918019992793816","0.15519041064992461"
"441","882","882","882","0.1508596273684218","0.1471811436061911","0.15372333319677808"
"442","884","884","884","0.1504971523653334","0.14753094104275521","0.15601528873368423"
"443","886","886","886","0.15124382279807524","0.14889268034807626","0.15466592097868176"
"444","888","888","888","0.15186493746821533","0.14795855521497364","0.15547464742099987"
"445","890","890","890","0.15170693438769006","0.1470940080824411","0.1574870521995881"
"446","892","892","892","0.151047070245812","0.1488113015070182","0.15364240283737673"
"447","894","894","894","0.15006085219670376","0.14829133307645256","0.15264480339583658"
"448","896","896","896","0.15040540420130832","0.14714981479115677","0.15500014200560402"
"449","898","898","898","0.15076236935429388","0.14768778249100223","0.15380275692125606"
"450","900","900","900","0.1515225925912694","0.14847950932126502","0.15607079288666326"
"451","902","902","902","0.15141915220975427","0.14836773832862327","0.15339633230013383"
"452","904","904","904","0.15128114261273645","0.1486889930804646","0.15351928942795307"
"453","906","906","906","0.1497694778701048","0.14722445042114593","0.15202878900638175"
"454","908","908","908","0.1513050250956074","0.14434388746608176","0.15620452444068803"
"455","910","910","910","0.14995577044408143","0.14674690100193674","0.1525143807235988"
"456","912","912","912","0.1490522115858374","0.14772622344336303","0.1520524267580843"
"457","914","914","914","0.15255734639981128","0.14970700871832585","0.15599159053496153"
"458","916","916","916","0.15089606316520895","0.14846330113954873","0.15191876850668107"
"459","918","918","918","0.1518609160800682","0.1496302128768597","0.15389573622636815"
"460","920","920","920","0.15128902550965567","0.14774946476347803","0.15460362477185208"
"461","922","922","922","0.1500663393786013","0.14832934276142182","0.15381494839592122"
"462","924","924","924","0.15013900522738352","0.14915104150588568","0.15077906807878153"
"463","926","926","926","0.1498411364317651","0.1468613723506693","0.15143580937637446"
"464","928","928","928","0.15165084105426013","0.14804079554263527","0.15609604229888008"
"465","930","930","930","0.14936056114985163","0.14692690898364952","0.15158940328696355"
"466","932","932","932","0.15044679662792174","0.14766738162762919","0.15244513478519883"
"467","934","934","934","0.15129620585129605","0.14755024379674297","0.1551662807441031"
"468","936","936","936","0.1513151851231845","0.14850545129864579","0.15400027995907495"
"469","938","938","938","0.15036313226529985","0.14579807981618145","0.1541653349710266"
"470","940","940","940","0.15052531131397134","0.14560387525623492","0.15359947250841263"
"471","942","942","942","0.1485556195438819","0.14635104644733263","0.15029893916571405"
"472","944","944","944","0.15033649527053367","0.146732700620196","0.15834618013800464"
"473","946","946","946","0.15016878403582368","0.14619902141139762","0.15237722534621803"
"474","948","948","948","0.15046977710843704","0.14681529755314665","0.15462643573792426"
"475","950","950","950","0.15100508948373412","0.14952635099645326","0.15310288345618225"
"476","952","952","952","0.15081699239329957","0.14794936863560665","0.15480640417026187"
"477","954","954","954","0.15118062300145535","0.14850065384077352","0.15382323149821872"
"478","956","956","956","0.15060635006083065","0.14657506384425484","0.154395627166208"
"479","958","958","958","0.15226948455459122","0.14901565112905624","0.15430445650365954"
"480","960","960","960","0.1497970382907278","0.1477103227063916","0.1518459763851599"
"481","962","962","962","0.15055248095422252","0.14827041834375504","0.15268684370041644"
"482","964","964","964","0.1488351155184669","0.14595091261701526","0.1517133286830409"
"483","966","966","966","0.1484907449446447","0.1455646049934034","0.1528267739946054"
"484","968","968","968","0.14886577335757195","0.14553485888082637","0.150829307682624"
"485","970","970","970","0.15130863780630094","0.14573742813624904","0.15803223601596394"
"486","972","972","972","0.15115896306223514","0.14855654367388127","0.15458201523145867"
"487","974","974","974","0.15004295032903442","0.14239492566665274","0.1537539452711508"
"488","976","976","976","0.14950347653730942","0.14518861237456063","0.1525965198274455"
"489","978","978","978","0.1488807271130816","0.14668929622582855","0.15332679525993084"
"490","980","980","980","0.1497859134074802","0.1459740949973283","0.15253433351522508"
"491","982","982","982","0.14971101188008837","0.14596629147420573","0.15451808169601877"
"492","984","984","984","0.15048235602237478","0.14954222358871597","0.15153211674903513"
"493","986","986","986","0.15049117521095734","0.14609748035920717","0.15505689668956288"
"494","988","988","988","0.1505433249256101","0.14746620993312817","0.15303172896181413"
"495","990","990","990","0.1502476820803457","0.1457388202731123","0.15377991114246628"
"496","992","992","992","0.15209838329515005","0.14739004314864687","0.1556940925186942"
"497","994","994","994","0.15059084791073346","0.14878296534813445","0.15591601272885738"
"498","996","996","996","0.15148395693288147","0.1496193030188389","0.15418295052292122"
"499","998","998","998","0.14848862978369318","0.1458907934295922","0.15126075179146112"
"500","1000","1000","1000","0.15066041388620505","0.14760123838632716","0.15233433101195842"
"501","1002","1002","1002","0.1519791896170215","0.14905006864666293","0.15578473541823384"
"502","1004","1004","1004","0.15110496371524576","0.14785114484669412","0.15366817123876583"
"503","1006","1006","1006","0.15008739562268975","0.1453686238432814","0.15580744403940744"
"504","1008","1008","1008","0.15129747708367208","0.14833349575401056","0.1547459145571541"
"505","1010","1010","1010","0.14883352038462352","0.14423240777184018","0.1524253072355169"
"506","1012","1012","1012","0.15139855601786306","0.1482287041774042","0.15396718902454282"
"507","1014","1014","1014","0.15098218080755724","0.14858536798353034","0.15411945086229745"
"508","1016","1016","1016","0.15120758682052565","0.14870063917948464","0.15365678922927564"
"509","1018","1018","1018","0.15048660587366752","0.1495121230551972","0.15133245030478149"
"510","1020","1020","1020","0.15072755485999845","0.14894375331830217","0.15192910353463385"
"511","1022","1022","1022","0.15085149707430162","0.14811192094559092","0.15430770953026895"
"512","1024","1024","1024","0.15094258057390575","0.14937175150800688","0.15265928454886385"
"513","1026","1026","1026","0.1497488584117239","0.14818445899232688","0.15151209890329823"
"514","1028","1028","1028","0.15012718738543918","0.14899083061409704","0.15249952679648457"
"515","1030","1030","1030","0.15037350606881358","0.14714505307963785","0.1553478855372081"
"516","1032","1032","1032","0.1514787377759827","0.1480680813882732","0.15457120753360692"
"517","1034","1034","1034","0.15151441298498355","0.14604338015413856","0.15620739156263835"
"518","1036","1036","1036","0.15053897866835925","0.1482624510451093","0.15288397059786382"
"519","1038","1038","1038","0.1514211539589032","0.14947370894134454","0.1533598712909176"
"520","1040","1040","1040","0.1516336033594461","0.14825728101743066","0.15578206834224131"
"521","1042","1042","1042","0.15006628200216926","0.1473863357194823","0.1522619585079628"
"522","1044","1044","1044","0.15077846519984456","0.14896884443579256","0.1546191087707821"
"523","1046","1046","1046","0.15169822526843318","0.14766655137643078","0.1542115494415148"
"524","1048","1048","1048","0.15140611461204806","0.14731165204912353","0.15442775574413517"
"525","1050","1050","1050","0.15087916872702714","0.14827280958988867","0.15312379321810765"
"526","1052","1052","1052","0.15117075268476704","0.14882833050915026","0.1548717933568183"
"527","1054","1054","1054","0.15224772921498947","0.15062372973732205","0.15354007725811497"
"528","1056","1056","1056","0.15153503952905986","0.14917769936908024","0.15567986922467061"
"529","1058","1058","1058","0.15286601237446087","0.1523567694070669","0.1536825051560689"
"530","1060","1060","1060","0.1522253596131376","0.15026770745068346","0.15490236486556203"
"531","1062","1062","1062","0.1514575329193648","0.14942919635616184","0.15271006961149092"
"532","1064","1064","1064","0.15178606777047865","0.14968515862074427","0.15553384056297695"
"533","1066","1066","1066","0.15299473139586997","0.15074195127156725","0.15505992508712915"
"534","1068","1068","1068","0.1525123456142971","0.14930456140218212","0.15491501753890938"
"535","1070","1070","1070","0.15220834471398506","0.1500036087860662","0.15370558718451033"
"536","1072","1072","1072","0.15119313366010778","0.14880688267154352","0.1545632132090843"
"537","1074","1074","1074","0.1531658689659569","0.15007529734285982","0.1571930919366245"
"538","1076","1076","1076","0.15242344352845746","0.14994056977557405","0.15343025508860095"
"539","1078","1078","1078","0.151305220018005","0.15017371664864188","0.15299892429368095"
"540","1080","1080","1080","0.15179369519063038","0.14754813999391977","0.15529842633406998"
"541","1082","1082","1082","0.15279310496528276","0.15051093238318067","0.1541140206237893"
"542","1084","1084","1084","0.15060340226822264","0.1460555302135704","0.15381476664388502"
"543","1086","1086","1086","0.15230610323474356","0.15144020865287788","0.15463426356846716"
"544","1088","1088","1088","0.15112462634013968","0.14900623708121477","0.15359054556086774"
"545","1090","1090","1090","0.1517353938632735","0.14927559424784442","0.15481574328992692"
"546","1092","1092","1092","0.1506484673170637","0.14772091287932917","0.15305082663700062"
"547","1094","1094","1094","0.15100405069596792","0.15013341906224761","0.1523146311530268"
"548","1096","1096","1096","0.15139200990672555","0.1483485840676203","0.15548560730892552"
"549","1098","1098","1098","0.15021957538647757","0.1486102840199504","0.15201744799240688"
"550","1100","1100","1100","0.1521898805710342","0.14990471533687869","0.15614686330942398"
"551","1102","1102","1102","0.15201535928188614","0.14835634008527282","0.1565849094496349"
"552","1104","1104","1104","0.15108359403727936","0.1478676476291934","0.15411587999282664"
"553","1106","1106","1106","0.15199268274439728","0.14761106080455388","0.1558481862947871"
"554","1108","1108","1108","0.15136742368973954","0.14959197564401672","0.1529272469499414"
"555","1110","1110","1110","0.15235574189848916","0.15140214339022232","0.1539134385235016"
"556","1112","1112","1112","0.15316460966739842","0.15201798219018653","0.15458724461385023"
"557","1114","1114","1114","0.15218184807490312","0.15044190664719323","0.15527206226530846"
"558","1116","1116","1116","0.14965837205713783","0.14799837047879671","0.1507444710767832"
"559","1118","1118","1118","0.15154956957596807","0.1489896088080916","0.1546941521749235"
"560","1120","1120","1120","0.14910166333613023","0.14704441622799105","0.1510088494791286"
"561","1122","1122","1122","0.1507372539544423","0.14793631677009306","0.1538346494540363"
"562","1124","1124","1124","0.15097306564077187","0.1499481101731627","0.15209364080824445"
"563","1126","1126","1126","0.14939683833235548","0.1483824447912278","0.15119595077600614"
"564","1128","1128","1128","0.150306810583841","0.14690991010885363","0.15351806815611474"
"565","1130","1130","1130","0.15140829911004577","0.14884688538002103","0.15580287804760085"
"566","1132","1132","1132","0.1515597495762479","0.1473292700933841","0.15413168387945878"
"567","1134","1134","1134","0.15213440702609843","0.14897567802737038","0.15410639918825658"
"568","1136","1136","1136","0.15226538547725393","0.1505852399105327","0.15347575764650292"
"569","1138","1138","1138","0.14935758566085344","0.14855199062935","0.15004354064983516"
"570","1140","1140","1140","0.15167570717593262","0.14887690698085837","0.1552106836606953"
"571","1142","1142","1142","0.1506419272684562","0.1485137173347433","0.15262861830333946"
"572","1144","1144","1144","0.15080639097616483","0.147099725997111","0.1540725525672336"
"573","1146","1146","1146","0.1517300510216571","0.14790003764866752","0.1563010919197339"
"574","1148","1148","1148","0.14997246188100175","0.14708471826614797","0.15219169078287179"
"575","1150","1150","1150","0.15102187752531518","0.14949697439057522","0.1538699120338483"
"576","1152","1152","1152","0.151068820194371","0.147830955299448","0.15543595776465557"
"577","1154","1154","1154","0.15178001933460233","0.1493237158351818","0.1539625915762003"
"578","1156","1156","1156","0.1514827191281825","0.14806492671359892","0.15485797338454377"
"579","1158","1158","1158","0.15183125879763076","0.14842315493847216","0.15389940136055993"
"580","1160","1160","1160","0.15131151831221656","0.14836794843971043","0.15483786834565202"
"581","1162","1162","1162","0.1504035313889252","0.14621475530241282","0.15612686904938256"
"582","1164","1164","1164","0.15333170014858064","0.15115568927730186","0.15452913032565757"
"583","1166","1166","1166","0.15159575954133475","0.14885878826177268","0.1533246450580412"
"584","1168","1168","1168","0.1511719259816717","0.14841159897905415","0.1533700748151984"
"585","1170","1170","1170","0.15109258493158284","0.14984433250376944","0.15265228042375886"
"586","1172","1172","1172","0.15157226498785198","0.14729877738591013","0.1544415079748979"
"587","1174","1174","1174","0.14850208062319226","0.14785772456509663","0.1492655418650925"
"588","1176","1176","1176","0.15139026230686076","0.14894474404059033","0.15311111545945158"
"589","1178","1178","1178","0.14971083303878502","0.14727769431801077","0.15210010402910795"
"590","1180","1180","1180","0.1499677067388517","0.14742229227310716","0.15424376906104925"
"591","1182","1182","1182","0.15123404262111467","0.14955189293203","0.15301744271251536"
"592","1184","1184","1184","0.15132368637496027","0.1507638505118539","0.15188927284942436"
"593","1186","1186","1186","0.15158546089192942","0.14856863292513525","0.15413016108419944"
"594","1188","1188","1188","0.15064862703800785","0.1482219382735451","0.1530143285914239"
"595","1190","1190","1190","0.15079174110826526","0.14990099486826178","0.1522137190429759"
"596","1192","1192","1192","0.15151084194712763","0.14899346421582146","0.152829167102697"
"597","1194","1194","1194","0.151403078571747","0.14905130458846322","0.1539470625484059"
"598","1196","1196","1196","0.1517230669474948","0.14904882963451427","0.15423597141610676"
"599","1198","1198","1198","0.15058384052845192","0.1483439676758287","0.1543854102911616"
"600","1200","1200","1200","0.1504586443056739","0.14812086116053408","0.1533045405600253"
"601","1202","1202","1202","0.15219301922935666","0.1499127070047678","0.15597670683771853"
"602","1204","1204","1204","0.15010929012252996","0.14654365119454982","0.15386016570744213"
"603","1206","1206","1206","0.15063295050500056","0.14893939036404585","0.15245217012207343"
"604","1208","1208","1208","0.1514318542981802","0.15034627667508757","0.15298747104455124"
"605","1210","1210","1210","0.15262713634340588","0.1502498284138651","0.1551785641594633"
"606","1212","1212","1212","0.1516969342861403","0.15003695902498596","0.15365747941819183"
"607","1214","1214","1214","0.15280477870745504","0.15128992482688042","0.15500681624959017"
"608","1216","1216","1216","0.15211723915984998","0.1494040013233215","0.15689059582737264"
"609","1218","1218","1218","0.15081991068347883","0.14841135531154642","0.15245170666833113"
"610","1220","1220","1220","0.1508941305040908","0.14883831103795023","0.15318089794704326"
"611","1222","1222","1222","0.1507795218099091","0.148345253057724","0.15357412437829224"
"612","1224","1224","1224","0.15039805909220827","0.14865862503694727","0.15284110670259507"
"613","1226","1226","1226","0.151316752100695","0.15006384035271886","0.15372087273850474"
"614","1228","1228","1228","0.15101292757984505","0.14886290913182718","0.154329115933131"
"615","1230","1230","1230","0.15150443320202048","0.15023589930871992","0.1548152351009405"
"616","1232","1232","1232","0.15228598983274522","0.14886988918049227","0.15619319125542616"
"617","1234","1234","1234","0.15195452071543986","0.1486313492996615","0.15407389867541957"
"618","1236","1236","1236","0.15388404826250737","0.1503457679929148","0.1559947343498766"
"619","1238","1238","1238","0.1524489843751405","0.15000936428592476","0.1547221887865095"
"620","1240","1240","1240","0.15152714194435085","0.14858490728732388","0.15427041420094392"
"621","1242","1242","1242","0.15193683578234665","0.1509667685092843","0.1538071738315736"
"622","1244","1244","1244","0.1522607803022258","0.14994767112013968","0.15573624130030986"
"623","1246","1246","1246","0.1543296654764475","0.15103986726926763","0.15832218386546432"
"624","1248","1248","1248","0.15182982612292042","0.15024411863377687","0.15318497697188888"
"625","1250","1250","1250","0.15136109171812134","0.14764182880668722","0.15372234628667103"
"626","1252","1252","1252","0.1515537324313556","0.1467894302953407","0.15383541295406972"
"627","1254","1254","1254","0.15213881362584777","0.14787634211810977","0.15449064028684667"
"628","1256","1256","1256","0.15175552328616032","0.14861722863513493","0.15590757934371097"
"629","1258","1258","1258","0.1518403075880072","0.14966903411406127","0.15302939095105136"
"630","1260","1260","1260","0.15063819003412507","0.14847977414503374","0.15476024614611378"
"631","1262","1262","1262","0.15223366232289384","0.1491346536735202","0.15393162976121536"
"632","1264","1264","1264","0.15372033010417288","0.14798345037008476","0.1587296400619747"
"633","1266","1266","1266","0.15104171593545881","0.1481786963370594","0.1544510597133823"
"634","1268","1268","1268","0.1498196686185411","0.14639555922764516","0.15575982056432025"
"635","1270","1270","1270","0.15198862483039619","0.14884117294026664","0.15398989460797333"
"636","1272","1272","1272","0.1523463810569094","0.15082691709323498","0.1547449930209701"
"637","1274","1274","1274","0.15201796324709532","0.14907245644791406","0.15482997149211977"
"638","1276","1276","1276","0.15108989144063673","0.14588058514192406","0.15514052383864438"
"639","1278","1278","1278","0.15022064068463944","0.14661033012202035","0.15312732356519065"
"640","1280","1280","1280","0.1521773400929013","0.1499968322076566","0.15573266582395281"
"641","1282","1282","1282","0.15114102502523286","0.14944879728323449","0.15312863284700792"
"642","1284","1284","1284","0.15130874683148754","0.14929085783517015","0.1542112636944121"
"643","1286","1286","1286","0.15269652799759323","0.14733937697756744","0.15770988790962495"
"644","1288","1288","1288","0.15168390796664596","0.14779457575979402","0.1540970307241277"
"645","1290","1290","1290","0.15112443303564022","0.1487088113797612","0.1538769667445383"
"646","1292","1292","1292","0.14943996212995905","0.1466174310305653","0.15353403339856525"
"647","1294","1294","1294","0.15085954967944462","0.14970741621472608","0.1529714400025231"
"648","1296","1296","1296","0.1508540085525715","0.14851784862680664","0.1537506546592064"
"649","1298","1298","1298","0.15005037895968312","0.14750852425725255","0.15254059718804985"
"650","1300","1300","1300","0.15042647350118338","0.14561071138575848","0.1546183826177939"
"651","1302","1302","1302","0.15180393037638013","0.14887695132091686","0.1543589742352004"
"652","1304","1304","1304","0.15113519980976206","0.14931199355330543","0.15526274109250374"
"653","1306","1306","1306","0.1504040279454117","0.1467438231064774","0.15424309499548985"
"654","1308","1308","1308","0.15107334961475044","0.14983832159203184","0.15456606243209622"
"655","1310","1310","1310","0.15085062964835125","0.14907030693036022","0.1531801288191621"
"656","1312","1312","1312","0.15091091843497767","0.1493037971887848","0.15279567848083286"
"657","1314","1314","1314","0.15240898784513002","0.14886326503454989","0.1570055764200796"
"658","1316","1316","1316","0.1512146509454308","0.1479377617481483","0.1533508294340701"
"659","1318","1318","1318","0.15199526913493128","0.14822787827439915","0.15499441461074429"
"660","1320","1320","1320","0.15107959029698667","0.14870556517974876","0.1555565315695843"
"661","1322","1322","1322","0.1519115539627546","0.14931353863673885","0.1562828597512081"
"662","1324","1324","1324","0.1503474138122082","0.14738210302096794","0.1523004331513804"
"663","1326","1326","1326","0.15145477152679754","0.14694945591582337","0.1558252106272073"
"664","1328","1328","1328","0.1528350160590158","0.150309138626444","0.154444770415599"
"665","1330","1330","1330","0.14978234155388404","0.14808559774321298","0.15084857215426664"
"666","1332","1332","1332","0.15126020330236797","0.1495475243937314","0.15334186277351186"
"667","1334","1334","1334","0.1527771263828916","0.15025169330456775","0.1542175992144675"
"668","1336","1336","1336","0.15093620329567756","0.14812918659298363","0.1532852930835292"
"669","1338","1338","1338","0.15261494784328317","0.1497461905561118","0.15459563351063876"
"670","1340","1340","1340","0.1508007226508287","0.14936779856406837","0.1517033391466407"
"671","1342","1342","1342","0.15202293530526317","0.1502228681868588","0.15403155248111386"
"672","1344","1344","1344","0.15301585989116961","0.15137268456310757","0.15382242747432345"
"673","1346","1346","1346","0.15171968184420287","0.14839007791287429","0.15447882796369022"
"674","1348","1348","1348","0.1534419589240707","0.15122465720314354","0.15574184278703865"
"675","1350","1350","1350","0.1533941491268553","0.15110950504311463","0.15610943699351698"
"676","1352","1352","1352","0.15318904204992453","0.14937725258338222","0.1565417397620624"
"677","1354","1354","1354","0.15193852086711912","0.14915246262974038","0.15358458607340153"
"678","1356","1356","1356","0.15099482608945228","0.14858353349167652","0.15343424920668838"
"679","1358","1358","1358","0.152717579143499","0.1506932840605441","0.15502582928148576"
"680","1360","1360","1360","0.15329545424424423","0.1518464967266874","0.15516268711382653"
"681","1362","1362","1362","0.15175949778810732","0.1483994340779177","0.15617588483109904"
"682","1364","1364","1364","0.15164100817592652","0.1501330578070394","0.1542011221075849"
"683","1366","1366","1366","0.15198508484360346","0.14993758626186585","0.15391998010556251"
"684","1368","1368","1368","0.1515929064613956","0.14949803784165733","0.15428193328384537"
"685","1370","1370","1370","0.1526906910498141","0.15099640476868292","0.15470372001241442"
"686","1372","1372","1372","0.15170655195881172","0.15010436562951696","0.15436244777098093"
"687","1374","1374","1374","0.15212880180444835","0.14882167988329334","0.1551281490330374"
"688","1376","1376","1376","0.15087704726246426","0.14756736337025947","0.1539516246077808"
"689","1378","1378","1378","0.15145587791279097","0.14899798508162432","0.15364246709861454"
"690","1380","1380","1380","0.15283230671713438","0.15054680060663891","0.154180716621196"
"691","1382","1382","1382","0.15166657721019097","0.14828929387867648","0.1570878472565619"
"692","1384","1384","1384","0.15193969371867638","0.14878708695493684","0.15652973237532875"
"693","1386","1386","1386","0.1512716080651316","0.14898643825502952","0.15553122177084253"
"694","1388","1388","1388","0.15025852072165088","0.14860653433780913","0.1538856006102082"
"695","1390","1390","1390","0.15219436588330343","0.1509618382484059","0.15393612425460843"
"696","1392","1392","1392","0.15376475133165968","0.15165064909890894","0.15573559578644508"
"697","1394","1394","1394","0.15364020209486245","0.15216949088014453","0.15501436008877717"
"698","1396","1396","1396","0.15395046100535667","0.15184642060544398","0.15543674956297743"
"699","1398","1398","1398","0.15377881787823483","0.1510003231854641","0.15672931661105194"
"700","1400","1400","1400","0.1526211786362678","0.14876344315310494","0.15484742700056423"
"701","1402","1402","1402","0.1502631111152163","0.1472486685256173","0.1540584963734675"
"702","1404","1404","1404","0.15203716476978318","0.1508148368442972","0.15347825707666457"
"703","1406","1406","1406","0.1512947232738968","0.14796803834788227","0.15704550958456245"
"704","1408","1408","1408","0.15122811471686134","0.14891374768531476","0.15297409635753104"
"705","1410","1410","1410","0.1507750076185828","0.14777447117197381","0.15280399806700976"
"706","1412","1412","1412","0.1515468574268013","0.15001933945753865","0.1535087275182941"
"707","1414","1414","1414","0.1513711105236279","0.1502129514538992","0.15213131593438384"
"708","1416","1416","1416","0.15154572780143163","0.1497545883427629","0.1539924473245223"
"709","1418","1418","1418","0.15185645914181406","0.15111209522081848","0.15252390360971746"
"710","1420","1420","1420","0.15100569634296815","0.14825923039013433","0.15330594888725607"
"711","1422","1422","1422","0.15339336873679327","0.14961812613427794","0.1573019344761385"
"712","1424","1424","1424","0.15087785077176769","0.14876608447979578","0.15382840938837006"
"713","1426","1426","1426","0.15291319772024956","0.14974739498482373","0.15698405288406744"
"714","1428","1428","1428","0.1524159212724679","0.15165759447560895","0.15443116137128554"
"715","1430","1430","1430","0.15160874191880577","0.14719679282800804","0.1557442121420462"
"716","1432","1432","1432","0.1530057482077432","0.15145228741516392","0.1559429516765472"
"717","1434","1434","1434","0.1513974181825339","0.14935166102836556","0.15368589349301595"
"718","1436","1436","1436","0.15077600195160942","0.14788051819303377","0.15437053462345032"
"719","1438","1438","1438","0.1524842218882809","0.14967770160007918","0.1561819922624159"
"720","1440","1440","1440","0.15124505674135483","0.14909426747446222","0.15361105558594076"
"721","1442","1442","1442","0.15128769229425518","0.14869754539604924","0.15394675040121994"
"722","1444","1444","1444","0.15279149418031945","0.15042284037910114","0.15551863031536842"
"723","1446","1446","1446","0.15227962979825335","0.15017639827947307","0.15446089505647778"
"724","1448","1448","1448","0.15133623415169892","0.15015632394308454","0.15302015297359026"
"725","1450","1450","1450","0.15150736480893295","0.14905850798216913","0.15482386522866523"
"726","1452","1452","1452","0.15297716976450076","0.1489026448607013","0.15489138132969826"
"727","1454","1454","1454","0.15051516049975797","0.1484592257934524","0.1519220767921783"
"728","1456","1456","1456","0.15246543940741442","0.15104257846124203","0.15425430782342897"
"729","1458","1458","1458","0.1509641616849269","0.14793491934989114","0.15254263138848045"
"730","1460","1460","1460","0.15245934284232857","0.1493343009238529","0.1562236454441984"
"731","1462","1462","1462","0.15068564349200328","0.1466850951137197","0.15339556026069961"
"732","1464","1464","1464","0.1515253218763871","0.14937943539784987","0.15298863755446385"
"733","1466","1466","1466","0.15245967089825485","0.1494209846908757","0.1545735470958298"
"734","1468","1468","1468","0.1527839803743444","0.15112936983437486","0.15432948957698892"
"735","1470","1470","1470","0.15255392638263035","0.14907365289417498","0.15757697890908093"
"736","1472","1472","1472","0.1519216354311179","0.1483665266720086","0.15598680218929098"
"737","1474","1474","1474","0.15352984241505158","0.15076682892793525","0.15895957651567966"
"738","1476","1476","1476","0.1533531142278552","0.15092055066352522","0.15609877018102866"
"739","1478","1478","1478","0.15108392325172743","0.14913117346189353","0.1526489372602472"
"740","1480","1480","1480","0.15371119292970598","0.15190766961237726","0.15589062304709864"
"741","1482","1482","1482","0.1532493383642985","0.14956020238472292","0.15817534121974644"
"742","1484","1484","1484","0.15317763899654252","0.14871476798278224","0.15645290213903973"
"743","1486","1486","1486","0.15306227011905318","0.15029403876199623","0.1562634066668623"
"744","1488","1488","1488","0.15373336955672015","0.15121720455542126","0.15564608483955014"
"745","1490","1490","1490","0.15443808999626982","0.14969881343119332","0.15738248663182988"
"746","1492","1492","1492","0.15233631340728893","0.15066452023569615","0.1536019788760156"
"747","1494","1494","1494","0.15251561905592928","0.14911395091289434","0.15483918434910626"
"748","1496","1496","1496","0.15232807065329","0.14967492978007618","0.15493061905033093"
"749","1498","1498","1498","0.15148948216076322","0.15032797700984446","0.1523647379171557"
"750","1500","1500","1500","0.1514092182759234","0.14956154092215085","0.1536604630746561"
"751","1502","1502","1502","0.150706912090325","0.14849171000262734","0.1544604597682227"
"752","1504","1504","1504","0.150689014257739","0.14911712723362475","0.15253422611056675"
"753","1506","1506","1506","0.15209582987121814","0.14844463771212152","0.1550264639497444"
"754","1508","1508","1508","0.1519245813267926","0.14968405589448278","0.1545130190292772"
"755","1510","1510","1510","0.15129226859530878","0.14787688216437528","0.15268995867816804"
"756","1512","1512","1512","0.15285949698547188","0.1491785210710537","0.15592069713009216"
"757","1514","1514","1514","0.15153065852505","0.14870455654642284","0.15428917436411163"
"758","1516","1516","1516","0.15366967483019117","0.15223073337332307","0.15606415922231967"
"759","1518","1518","1518","0.15285167308207892","0.15085395687591513","0.15502857682269353"
"760","1520","1520","1520","0.15410337907488544","0.14966490426427018","0.1560129281089695"
"761","1522","1522","1522","0.15338366386049537","0.15137014387099507","0.15539512303194158"
"762","1524","1524","1524","0.1515427578815321","0.150042445129005","0.15286931263191944"
"763","1526","1526","1526","0.1530004691615694","0.14939481117521294","0.15608904559180706"
"764","1528","1528","1528","0.1541355325917026","0.14942771139140792","0.15866318360921816"
"765","1530","1530","1530","0.15411843341402148","0.15136588894898453","0.15726745273313894"
"766","1532","1532","1532","0.152219414278832","0.14924093439272754","0.1564511545415232"
"767","1534","1534","1534","0.15485817836689927","0.15441578941105877","0.15547013878101723"
"768","1536","1536","1536","0.1538921472346842","0.15213159064787707","0.15572417891517434"
"769","1538","1538","1538","0.15177883748750037","0.15020064061518257","0.1542267292170179"
"770","1540","1540","1540","0.1554585103427794","0.15304080617476523","0.15777976061991653"
"771","1542","1542","1542","0.15483566968631904","0.15143419789377413","0.15835061659847496"
"772","1544","1544","1544","0.1529773791825295","0.15161499765956057","0.1552540899553027"
"773","1546","1546","1546","0.15369396105150107","0.15127178181289347","0.15671106239945715"
"774","1548","1548","1548","0.1541786718108656","0.15171736107951406","0.15815397984119356"
"775","1550","1550","1550","0.15241561106796628","0.14974680676256755","0.1551535758964518"
"776","1552","1552","1552","0.1508193100376108","0.14839921736464412","0.1526481816754381"
"777","1554","1554","1554","0.15329231674948146","0.15057136336609403","0.1559285874501444"
"778","1556","1556","1556","0.15364781553173507","0.15149426437449767","0.15838519596699574"
"779","1558","1558","1558","0.15314840541531552","0.15032320921899409","0.15683773000604234"
"780","1560","1560","1560","0.15336827913640994","0.15184570706911027","0.1550933889404657"
"781","1562","1562","1562","0.15433170477772357","0.15144941939634407","0.1563393224168821"
"782","1564","1564","1564","0.153097805199637","0.1481541649547917","0.1573007843325847"
"783","1566","1566","1566","0.15419912951334017","0.15217474096435016","0.15599447487192533"
"784","1568","1568","1568","0.15222289279649207","0.15083010494908677","0.15363758617752"
"785","1570","1570","1570","0.15237250552320653","0.1496417023801426","0.15623072137767677"
"786","1572","1572","1572","0.1534962476927843","0.1509509768664192","0.15810589954443552"
"787","1574","1574","1574","0.15314763270958248","0.15179485336141382","0.1553565022216125"
"788","1576","1576","1576","0.152171637419732","0.14832467176733688","0.15670201135706469"
"789","1578","1578","1578","0.1523385236469655","0.14887588251880707","0.1547885848245017"
"790","1580","1580","1580","0.15519637114835722","0.1529219794023813","0.15779372313504703"
"791","1582","1582","1582","0.15380719280065772","0.15280367190410848","0.15557525271475572"
"792","1584","1584","1584","0.15293467768138214","0.1495870544248455","0.15574995826286642"
"793","1586","1586","1586","0.15496279322196302","0.1519523100388882","0.15774283931565383"
"794","1588","1588","1588","0.15431723090360555","0.15246782184729296","0.15625472878893124"
"795","1590","1590","1590","0.15310795656458867","0.15076888635465244","0.15617417408882076"
"796","1592","1592","1592","0.15331081858484447","0.15182621475743346","0.15442458943914805"
"797","1594","1594","1594","0.15340247421487663","0.1510321970800642","0.15560650651869537"
"798","1596","1596","1596","0.1546246563695684","0.1536495151656967","0.15678019091461298"
"799","1598","1598","1598","0.15234461241548303","0.15083158770922103","0.15458050748707156"
"800","1600","1600","1600","0.15187061287112033","0.14856423657508316","0.15573470609536105"
"801","1602","1602","1602","0.15248250742747974","0.14883473328354174","0.1549987566042788"
"802","1604","1604","1604","0.15186545686898448","0.15035573153650544","0.15367460959827337"
"803","1606","1606","1606","0.15418335286734153","0.15039102380682118","0.1570818366410505"
"804","1608","1608","1608","0.15233264801751178","0.14927913970775175","0.15568888587175078"
"805","1610","1610","1610","0.1553861150299987","0.15320888370853522","0.15740713544214605"
"806","1612","1612","1612","0.15340598017367593","0.1519490342790264","0.15578351127686205"
"807","1614","1614","1614","0.15110902604419257","0.14782922036750398","0.1556428371386567"
"808","1616","1616","1616","0.15122175841846083","0.1468307519129549","0.15634583729081974"
"809","1618","1618","1618","0.1532568283266734","0.14662608203170355","0.15693939355618725"
"810","1620","1620","1620","0.152549373619715","0.14793299253851064","0.1548505997208916"
"811","1622","1622","1622","0.15185440183018567","0.14836190257317078","0.1544769585400155"
"812","1624","1624","1624","0.1524405352276124","0.14856493868321913","0.15526338210407428"
"813","1626","1626","1626","0.15342644963603463","0.15168742721520947","0.1548369106154375"
"814","1628","1628","1628","0.15299823333295265","0.15220226003826193","0.1542940144985753"
"815","1630","1630","1630","0.15381813849211742","0.15086289219627952","0.15673767984497491"
"816","1632","1632","1632","0.1526235450065983","0.15162050838875224","0.15460419910969922"
"817","1634","1634","1634","0.1522416465188963","0.15058026256043144","0.15648069388370728"
"818","1636","1636","1636","0.15261621441344114","0.14948910667394383","0.15594241884826834"
"819","1638","1638","1638","0.1529408072593434","0.15161726313675933","0.15486473587709176"
"820","1640","1640","1640","0.15379772379152326","0.15060743474601715","0.15663666733031553"
"821","1642","1642","1642","0.15400211224626065","0.14989855880683456","0.15938649452123682"
"822","1644","1644","1644","0.15240411732740006","0.1502209236721804","0.155859412406635"
"823","1646","1646","1646","0.15286379298527733","0.1513338684911946","0.155659345637955"
"824","1648","1648","1648","0.15285054765370898","0.14903094797359823","0.1562839513102766"
"825","1650","1650","1650","0.15246962734379407","0.15106719410330394","0.15561892175517095"
"826","1652","1652","1652","0.153535194417537","0.14910675120824998","0.15676475418032254"
"827","1654","1654","1654","0.15498631660535184","0.1526513164009808","0.15721592028677034"
"828","1656","1656","1656","0.15350585540059175","0.14967293365117007","0.15620156355409945"
"829","1658","1658","1658","0.15242715648466487","0.14961978816631372","0.15535753284897366"
"830","1660","1660","1660","0.15233303859760694","0.14913012213204935","0.1549261561960118"
"831","1662","1662","1662","0.1513892907784443","0.14797342795240384","0.15312407381199036"
"832","1664","1664","1664","0.15338137781079603","0.15034747428596126","0.15440834634067652"
"833","1666","1666","1666","0.15201494189499845","0.15035810442306394","0.15610828466987348"
"834","1668","1668","1668","0.15071438519529062","0.14636445685579594","0.1520561250986216"
"835","1670","1670","1670","0.15256917851821022","0.1509299894262643","0.15465891954146882"
"836","1672","1672","1672","0.1529867680227947","0.15019587385813082","0.15617485552343302"
"837","1674","1674","1674","0.1501964929434681","0.14964170426455434","0.1507772373320857"
"838","1676","1676","1676","0.15258438076557995","0.15107419132520294","0.154739903436764"
"839","1678","1678","1678","0.15086822284229623","0.14934832280162985","0.15205750159581416"
"840","1680","1680","1680","0.15087874371710536","0.1494926298356501","0.15241444185167075"
"841","1682","1682","1682","0.1513945189635997","0.15084048683438975","0.15192384909923387"
"842","1684","1684","1684","0.1514622070012158","0.1496083165992284","0.15320455160015423"
"843","1686","1686","1686","0.1511014804456495","0.14859869461903502","0.15212643595069764"
"844","1688","1688","1688","0.15179077494308194","0.1487892061073869","0.15433890893684404"
"845","1690","1690","1690","0.1521574005661352","0.14900542456215163","0.15491204764757988"
"846","1692","1692","1692","0.15142119058014075","0.14822555338988888","0.15416008555263477"
"847","1694","1694","1694","0.15242429167918997","0.1500647700583641","0.15636561955238895"
"848","1696","1696","1696","0.15178600363369796","0.14930901367661223","0.1558664315639883"
"849","1698","1698","1698","0.1534472245771413","0.1501854133593157","0.15685153849492814"
"850","1700","1700","1700","0.15247585502897915","0.15102202053806815","0.15347422515240697"
"851","1702","1702","1702","0.15278918562558366","0.14901680497990322","0.15786668392036846"
"852","1704","1704","1704","0.15349633396014828","0.15032648781753002","0.15490731325692672"
"853","1706","1706","1706","0.15258825397915787","0.14886102798637296","0.1559265896764104"
"854","1708","1708","1708","0.15159795497907055","0.1497162657472682","0.15402933904007912"
"855","1710","1710","1710","0.1530778604562713","0.15087846072127048","0.15474154208249055"
"856","1712","1712","1712","0.15234180300903527","0.15003390862495358","0.15490277374596337"
"857","1714","1714","1714","0.15318968376206704","0.15021650509447992","0.1558521089475904"
"858","1716","1716","1716","0.1528141798313317","0.1508895846154988","0.15416202432308262"
"859","1718","1718","1718","0.1545755858438483","0.15218210881860764","0.15854854176611427"
"860","1720","1720","1720","0.15127441129808233","0.1458856734520671","0.15570428471376468"
"861","1722","1722","1722","0.15103295448232656","0.1481454246669164","0.1528361092527308"
"862","1724","1724","1724","0.153928071044102","0.1503515131052793","0.15707762728034977"
"863","1726","1726","1726","0.1528298093284411","0.14994507401011659","0.15706967004247807"
"864","1728","1728","1728","0.15340961631010486","0.15108002941265886","0.15497195168467853"
"865","1730","1730","1730","0.15137689956060976","0.14781700847259405","0.15414831779849889"
"866","1732","1732","1732","0.1534593055956334","0.15063591859083678","0.15670650568166977"
"867","1734","1734","1734","0.15241766872237733","0.14958524217083044","0.15534280681139745"
"868","1736","1736","1736","0.15346260021484515","0.15068065588389373","0.15544437831625074"
"869","1738","1738","1738","0.15266358573492816","0.14912793866923155","0.15407611751928124"
"870","1740","1740","1740","0.15252897456006892","0.14990777902755759","0.15558353540891323"
"871","1742","1742","1742","0.1532977066785747","0.15223943497002784","0.1546338983442777"
"872","1744","1744","1744","0.15131941914568214","0.14999994947098855","0.15380784526172864"
"873","1746","1746","1746","0.15121506876415675","0.14775250479443536","0.15302447317506504"
"874","1748","1748","1748","0.15135278220423204","0.14927903092411035","0.1539971842970762"
"875","1750","1750","1750","0.15377970469285152","0.15162768224608814","0.15524406956963943"
"876","1752","1752","1752","0.15156953469993437","0.1500834234875066","0.15384393370429814"
"877","1754","1754","1754","0.15246477931730457","0.14943845337611902","0.15517118067659494"
"878","1756","1756","1756","0.15167563259247402","0.14982659269597107","0.15407475628768394"
"879","1758","1758","1758","0.1514776096907412","0.14901665339665804","0.15452068867196445"
"880","1760","1760","1760","0.1515516275558111","0.14812980002414083","0.1556290745996105"
"881","1762","1762","1762","0.1514688122577618","0.1495702187249998","0.15429113898536395"
"882","1764","1764","1764","0.15429839906498038","0.15141959403334018","0.15774420756731436"
"883","1766","1766","1766","0.15151714348422818","0.15068187805385042","0.1521262766877065"
"884","1768","1768","1768","0.1528263638916308","0.15068894789519932","0.15859120723778014"
"885","1770","1770","1770","0.15323042735529788","0.15187545437732494","0.15528894571750415"
"886","1772","1772","1772","0.15157168597857945","0.14797655038551777","0.15369703052607464"
"887","1774","1774","1774","0.15450735014845968","0.1516818553094104","0.1565444996629262"
"888","1776","1776","1776","0.15360443599693122","0.15074270371209655","0.15622723258873852"
"889","1778","1778","1778","0.15183501474864342","0.15019119731806002","0.15491119729944328"
"890","1780","1780","1780","0.15483646974707946","0.1503693810086294","0.1576421109656134"
"891","1782","1782","1782","0.15268316162352819","0.15133526494889699","0.1550123830934595"
"892","1784","1784","1784","0.1522006112774553","0.15040806692063052","0.1542064132997505"
"893","1786","1786","1786","0.15390838634485132","0.1515555462954351","0.15628787945637143"
"894","1788","1788","1788","0.1537353948377702","0.151946754597492","0.15469008661862263"
"895","1790","1790","1790","0.15526556447616907","0.1536928587708554","0.15682848309889805"
"896","1792","1792","1792","0.1527990880062456","0.15109848854272034","0.15357870187866224"
"897","1794","1794","1794","0.15392933420315988","0.1504571089835427","0.15732223063079034"
"898","1796","1796","1796","0.15291353598094695","0.14853426901603675","0.15765537886507172"
"899","1798","1798","1798","0.15518591639067775","0.15220994723963174","0.15855606303259853"
"900","1800","1800","1800","0.15379870687432168","0.15253266757806103","0.1553106556478052"
"901","1802","1802","1802","0.15219657794897798","0.14853111940792182","0.1540870940465016"
"902","1804","1804","1804","0.15279177580589764","0.1519875621333594","0.15452046088941435"
"903","1806","1806","1806","0.1534942676250377","0.15000111742142933","0.15847863517797592"
"904","1808","1808","1808","0.15224795453095896","0.1477939311430815","0.15589806913159016"
"905","1810","1810","1810","0.1541546107953828","0.15097144948181054","0.15705014180844598"
"906","1812","1812","1812","0.15427015096876964","0.1514263646032223","0.15695976703951797"
"907","1814","1814","1814","0.15319198831573913","0.15191902040528074","0.15533024562498254"
"908","1816","1816","1816","0.15208343485523126","0.1501428827138883","0.15361172766003664"
"909","1818","1818","1818","0.15314314214945468","0.15045003732582155","0.15521583133649394"
"910","1820","1820","1820","0.15282144739527728","0.14976743430981437","0.15430514218470143"
"911","1822","1822","1822","0.15384715165002705","0.15092555740740357","0.15560132281959368"
"912","1824","1824","1824","0.1533891767011405","0.1503786647569072","0.15786938822706345"
"913","1826","1826","1826","0.15312496619291166","0.15118816842071672","0.15509309335017674"
"914","1828","1828","1828","0.15136621496923947","0.14951046930316514","0.1542734433198784"
"915","1830","1830","1830","0.15151922696858064","0.15055670361228993","0.15277989603576886"
"916","1832","1832","1832","0.15214185351622245","0.14924155567121894","0.15637040066769664"
"917","1834","1834","1834","0.15261598190288778","0.15083375650697836","0.1539776867758619"
"918","1836","1836","1836","0.15210168456377277","0.14786003888280375","0.15564348667069902"
"919","1838","1838","1838","0.15339435111159122","0.15057464806476398","0.1579941277728311"
"920","1840","1840","1840","0.15286400086867474","0.15149567396533145","0.15523379254646824"
"921","1842","1842","1842","0.1526200262262632","0.14989408154417438","0.1559259910975057"
"922","1844","1844","1844","0.15092580266071048","0.14613287520803395","0.15660855930768267"
"923","1846","1846","1846","0.15278031739642536","0.15093933814386087","0.1537411770204669"
"924","1848","1848","1848","0.15255454298485183","0.14976195151086527","0.1560503079508877"
"925","1850","1850","1850","0.1529870710823305","0.14866833873652097","0.15846409743051004"
"926","1852","1852","1852","0.15258775839213673","0.15102146246893575","0.15394706235461258"
"927","1854","1854","1854","0.1540074981116714","0.15042915248178865","0.1556409937493459"
"928","1856","1856","1856","0.15203441820981517","0.15026121870965567","0.15303398420395659"
"929","1858","1858","1858","0.15255288707748577","0.15051418250911264","0.15458511842998085"
"930","1860","1860","1860","0.15324268970636448","0.1510205947254954","0.15568591013828742"
"931","1862","1862","1862","0.153160795362695","0.15101266061941848","0.15717920802066807"
"932","1864","1864","1864","0.15370626856191588","0.15216641632196196","0.1557615578955635"
"933","1866","1866","1866","0.15414404844112403","0.1526331033705615","0.1571931360620488"
"934","1868","1868","1868","0.15387205851147967","0.15109746792949957","0.15611750011094339"
"935","1870","1870","1870","0.1525888624073754","0.1502421960094763","0.1550895925525809"
"936","1872","1872","1872","0.1517169237094033","0.14715140993938092","0.15447310510496942"
"937","1874","1874","1874","0.15302072747847126","0.14982362911886918","0.15701718834825681"
"938","1876","1876","1876","0.15212213801084423","0.14870979770702264","0.15620925603936192"
"939","1878","1878","1878","0.153687343238402","0.15062652860342807","0.15618246171428365"
"940","1880","1880","1880","0.15311300388733046","0.1478968227396075","0.15561069176798378"
"941","1882","1882","1882","0.1526549632240367","0.15067826510671684","0.154702624596745"
"942","1884","1884","1884","0.15109251829827622","0.14766889493758276","0.1528924984672818"
"943","1886","1886","1886","0.15436827302218162","0.15301610402533614","0.15577988897894623"
"944","1888","1888","1888","0.15309500530388004","0.15096931750996745","0.15722205468020597"
"945","1890","1890","1890","0.1517261489030005","0.14799746716462922","0.15414083152337463"
"946","1892","1892","1892","0.15536421189249275","0.15230316508254096","0.15759036256362158"
"947","1894","1894","1894","0.15622840321156745","0.15239219837524076","0.160738904586823"
"948","1896","1896","1896","0.15529209385781945","0.15100992279945155","0.15919419362431178"
"949","1898","1898","1898","0.15296271692325064","0.14974861035377274","0.15569457836487852"
"950","1900","1900","1900","0.1530205607439275","0.15127323854466815","0.15511575879268072"
"951","1902","1902","1902","0.15255042969011565","0.15015877139435113","0.156406329862287"
"952","1904","1904","1904","0.15314005922069923","0.15261757940987858","0.15387889427135978"
"953","1906","1906","1906","0.15261322635246155","0.1498490097534015","0.15620522155670424"
"954","1908","1908","1908","0.15546642562755736","0.15147446350092586","0.15961022039950956"
"955","1910","1910","1910","0.15307423034020823","0.14897072443394926","0.15599907713703706"
"956","1912","1912","1912","0.15363513696143116","0.15270337273620194","0.1559549479235475"
"957","1914","1914","1914","0.15364106088324486","0.1500610683286072","0.15617146177257565"
"958","1916","1916","1916","0.1547814926620114","0.15142155972644816","0.1576484611881865"
"959","1918","1918","1918","0.15333163402424793","0.15058617550304057","0.1552279078811887"
"960","1920","1920","1920","0.15475182221971262","0.1526601340609321","0.15796850419156433"
"961","1922","1922","1922","0.1541448464073181","0.1491077716796024","0.15778586640588252"
"962","1924","1924","1924","0.15475238990022988","0.15216120182492404","0.15981422756065955"
"963","1926","1926","1926","0.15344306343044792","0.15059764098078873","0.15673787580740764"
"964","1928","1928","1928","0.15351747249082276","0.1512269435325752","0.15591636218906396"
"965","1930","1930","1930","0.15294661821804928","0.14977770972196996","0.15635237484412584"
"966","1932","1932","1932","0.15265924707411804","0.14783131997841803","0.15876196803217768"
"967","1934","1934","1934","0.15404823114209748","0.1508291136909039","0.15938717571358368"
"968","1936","1936","1936","0.15300669203687453","0.1497824473728763","0.1563252748240304"
"969","1938","1938","1938","0.1524929816309591","0.1503017977508798","0.15390255343485684"
"970","1940","1940","1940","0.15291953869105152","0.1503073925695389","0.15574060901832576"
"971","1942","1942","1942","0.15297918875702168","0.15047883192392292","0.15586397313386308"
"972","1944","1944","1944","0.15065113510309844","0.14766712246468494","0.15190548361643344"
"973","1946","1946","1946","0.15204042634899353","0.1494783596392897","0.15505638783501524"
"974","1948","1948","1948","0.1509974324005955","0.14681587915775246","0.15373748754916364"
"975","1950","1950","1950","0.15195468841564927","0.1494887683786877","0.15377199118154752"
"976","1952","1952","1952","0.15298134935171992","0.15136974425399793","0.15558182615855842"
"977","1954","1954","1954","0.15069716232799563","0.14668316916979413","0.15478386957366344"
"978","1956","1956","1956","0.1507388601112361","0.14932228535653422","0.15314741769202428"
"979","1958","1958","1958","0.15381612335362976","0.1493000633410155","0.15743411304542887"
"980","1960","1960","1960","0.15161430454246494","0.14978610460754901","0.15425260266065896"
"981","1962","1962","1962","0.1531284498043549","0.15122688473603701","0.15659236482095673"
"982","1964","1964","1964","0.1530199248346431","0.15161199049781043","0.1546457651701312"
"983","1966","1966","1966","0.15131038071226682","0.14833227740985308","0.15303317516334092"
"984","1968","1968","1968","0.15218738956178696","0.14945222251370743","0.15583349276007616"
"985","1970","1970","1970","0.15332358127103576","0.15184076284183215","0.15530676834776302"
"986","1972","1972","1972","0.1522268711011263","0.15063284887158426","0.1534842823508536"
"987","1974","1974","1974","0.1527093741571467","0.14870173011601123","0.15496960688914266"
"988","1976","1976","1976","0.1526584160771413","0.14785700839267535","0.1575199867812924"
"989","1978","1978","1978","0.15346941083157906","0.14950992212156308","0.15543936774109193"
"990","1980","1980","1980","0.15262286797732644","0.14980168138590125","0.15364683059216094"
"991","1982","1982","1982","0.15236261010317342","0.14988202286592514","0.1557249951480295"
"992","1984","1984","1984","0.15231921622695216","0.14938390971903837","0.15448814908983236"
"993","1986","1986","1986","0.15265520666210677","0.14972795366929717","0.15761372045270164"
"994","1988","1988","1988","0.15159293596309795","0.14810010480751443","0.1534976150375864"
"995","1990","1990","1990","0.15148104935503676","0.14921353984291372","0.15482326738163227"
"996","1992","1992","1992","0.15138552212940146","0.14914000155824994","0.1547764262542278"
"997","1994","1994","1994","0.15255912168055044","0.15143364852732727","0.1536153505740021"
"998","1996","1996","1996","0.15036347878607298","0.14771786591973748","0.15154031092837209"
"999","1998","1998","1998","0.15138547542198344","0.14963138424851335","0.15345653079682828"