"epoch","Name: hopfield_prot - _step","Name: hopfield_prot - _step__MIN","Name: hopfield_prot - _step__MAX","Name: hopfield_prot - ci_val","Name: hopfield_prot - ci_val__MIN","Name: hopfield_prot - ci_val__MAX"
"0","0","0","0","0.7029823707271671","0.6993905103039117","0.7084167130079612"
"1","2","2","2","0.7271737515539322","0.718700400710632","0.7340756415672394"
"2","4","4","4","0.7454054275040802","0.7408956625326317","0.7492333697990566"
"3","6","6","6","0.7557742930731952","0.7531603095305363","0.7595094283443102"
"4","8","8","8","0.760539419830826","0.7586063541597965","0.762311155162995"
"5","10","10","10","0.7635487756228878","0.7583770801973941","0.77206984582392"
"6","12","12","12","0.7703793053071674","0.7658908452401856","0.7742629303618863"
"7","14","14","14","0.7750695752529617","0.7677627757071074","0.7785433151704091"
"8","16","16","16","0.7774105202013016","0.7737027802315225","0.7815425738118602"
"9","18","18","18","0.7810405696905115","0.7788708672891932","0.7851408406690966"
"10","20","20","20","0.7833834817370426","0.7814593621573421","0.7854551268009807"
"11","22","22","22","0.7883256023573177","0.7824504141990617","0.7922894699834557"
"12","24","24","24","0.7899085210085719","0.7876953842569175","0.7924219262006149"
"13","26","26","26","0.7936052786369667","0.7905233593312814","0.7973745643430714"
"14","28","28","28","0.7957865196401274","0.7924489663717215","0.7994976968807435"
"15","30","30","30","0.7982235128690343","0.7960483591695063","0.8028734319149198"
"16","32","32","32","0.8015963639950868","0.8006453336874295","0.8035700428749755"
"17","34","34","34","0.803923580866463","0.7998932144453978","0.806677794106096"
"18","36","36","36","0.8047697492296868","0.8007590005791149","0.8072860425097473"
"19","38","38","38","0.8079537926851541","0.8014059790679026","0.812095482291807"
"20","40","40","40","0.8097465218099525","0.8072333561788336","0.812439669036753"
"21","42","42","42","0.810216160373578","0.8068260879497623","0.8149589683439407"
"22","44","44","44","0.8126128434580238","0.8088280770913134","0.8148893009296978"
"23","46","46","46","0.8147021708783916","0.8135592437645056","0.8162143821896243"
"24","48","48","48","0.8151699674245932","0.81273972242939","0.8191112500087183"
"25","50","50","50","0.8182976598881302","0.8161694806612296","0.8215565533432423"
"26","52","52","52","0.8193053254612532","0.8178869096084807","0.8208504156761978"
"27","54","54","54","0.8202122651423507","0.8188421520628301","0.8213280244188649"
"28","56","56","56","0.8228482848325485","0.820290977634192","0.8253227738361313"
"29","58","58","58","0.8241703195295937","0.8204109802233855","0.8275288637001035"
"30","60","60","60","0.823683315501702","0.8206115325100101","0.8309312550230717"
"31","62","62","62","0.8257987176192436","0.8230497772692495","0.8297593178038865"
"32","64","64","64","0.8250037864095592","0.8238270883251867","0.8271303756654736"
"33","66","66","66","0.8266700505213553","0.8252536620330835","0.8281275609620969"
"34","68","68","68","0.8284004809049028","0.8257202677487325","0.8322238038467272"
"35","70","70","70","0.8326155850709712","0.8289211764605995","0.8364004057168425"
"36","72","72","72","0.834513825274955","0.8283305318003199","0.8386135156658182"
"37","74","74","74","0.834773625760428","0.8303208135365454","0.8386247611015359"
"38","76","76","76","0.8366285423087666","0.8301351371937873","0.8406596455616431"
"39","78","78","78","0.8378693282083101","0.8307455515291372","0.8427528125885475"
"40","80","80","80","0.8380147019980887","0.8303698667002615","0.8414410502643355"
"41","82","82","82","0.8405497056606894","0.8367313394503391","0.8426584637389808"
"42","84","84","84","0.8428799978730129","0.8401223483117637","0.8438402726456726"
"43","86","86","86","0.8418560890825054","0.8389094154699688","0.8440888804856939"
"44","88","88","88","0.8440638117389417","0.842490277239397","0.846207571314322"
"45","90","90","90","0.8445797365470034","0.8414703597456303","0.8469354470116698"
"46","92","92","92","0.8451229875764215","0.84237885587595","0.8472578800003122"
"47","94","94","94","0.8454732908635826","0.8419078255102321","0.8474538297627605"
"48","96","96","96","0.8470965590867406","0.8450001391032698","0.8487501529836631"
"49","98","98","98","0.8476035747725611","0.8447605054027468","0.8489262811994636"
"50","100","100","100","0.8481510479708444","0.845887236160114","0.8500312282309322"
"51","102","102","102","0.8485182729692357","0.8460939098509632","0.8495530763863887"
"52","104","104","104","0.8486815303934465","0.8465159529213321","0.8506096501591262"
"53","106","106","106","0.8491052421334382","0.8473373805043835","0.8511274018124395"
"54","108","108","108","0.850230140933102","0.8489649999347536","0.8515046833019265"
"55","110","110","110","0.8508030895316011","0.8497356865624568","0.8520615361470779"
"56","112","112","112","0.8496988265180143","0.8487864256808182","0.8504396748290005"
"57","114","114","114","0.8507334726842679","0.8488645202064161","0.8520256394908607"
"58","116","116","116","0.8507054851370418","0.8480248212420999","0.8527561029188869"
"59","118","118","118","0.8516358222757245","0.8503681541880916","0.8533242345114695"
"60","120","120","120","0.8508804863213404","0.8462473747504589","0.8543126266622376"
"61","122","122","122","0.8523795269349017","0.8492096964381299","0.8546746618010153"
"62","124","124","124","0.8537832531733134","0.8505482739098496","0.8586380889851581"
"63","126","126","126","0.8543148568118781","0.8532100291692162","0.8558628717947534"
"64","128","128","128","0.855037399426989","0.8519874196293308","0.8579268806789859"
"65","130","130","130","0.8558702379990342","0.851530707939014","0.8596721263953558"
"66","132","132","132","0.856861130871635","0.853573490610438","0.8599390101382252"
"67","134","134","134","0.8571418565471174","0.8559073571950273","0.858416488107899"
"68","136","136","136","0.8565723880419409","0.854233566442907","0.8595655180791761"
"69","138","138","138","0.8570340746310714","0.8526223599583462","0.8602430801663604"
"70","140","140","140","0.8573297614758829","0.8539831655342348","0.8601191111878498"
"71","142","142","142","0.8576888184598316","0.8535536503355007","0.8602309702198391"
"72","144","144","144","0.8583049210074272","0.8543884694850068","0.8615159816888722"
"73","146","146","146","0.8590078168711838","0.8561566544609241","0.861018828306676"
"74","148","148","148","0.8583537703167885","0.8547904310747978","0.8601149969686785"
"75","150","150","150","0.8598720744228363","0.8573249819960588","0.8620482773263609"
"76","152","152","152","0.8601907188143227","0.8584965431218224","0.8636615532601907"
"77","154","154","154","0.8607018032921433","0.8576074246439737","0.8628855153716061"
"78","156","156","156","0.8603955148149283","0.8565087839235936","0.8682421496903655"
"79","158","158","158","0.860229347639953","0.8567622205138036","0.86322900997212"
"80","160","160","160","0.8605687276396923","0.856406015546474","0.8639521604361287"
"81","162","162","162","0.8600438841733492","0.8564993378972259","0.8637065015699146"
"82","164","164","164","0.8622227988902524","0.8587274857307257","0.8647226889832057"
"83","166","166","166","0.8620505544438866","0.8597468534142282","0.8644250512748123"
"84","168","168","168","0.8631758924308641","0.8618033679361291","0.8647213176862855"
"85","170","170","170","0.8609404675013907","0.8574602350365952","0.8624204212757932"
"86","172","172","172","0.8609294072871718","0.8576866182333118","0.8643032518295133"
"87","174","174","174","0.8626822450741123","0.8613981517013061","0.865306141462248"
"88","176","176","176","0.8617092227060887","0.8593589526849466","0.8632175421753335"
"89","178","178","178","0.8629848708740834","0.8617899450000175","0.8645153702197619"
"90","180","180","180","0.8644683209866155","0.8629762390677909","0.8662494461354084"
"91","182","182","182","0.8631484969443809","0.861591812474917","0.8648464139096375"
"92","184","184","184","0.8617858863063059","0.8579943623666457","0.865107917438984"
"93","186","186","186","0.862098793670308","0.859370727705092","0.8635225395474435"
"94","188","188","188","0.8631785004908135","0.860004631182124","0.865232437182025"
"95","190","190","190","0.864506373509611","0.8608233910558324","0.8667142959053632"
"96","192","192","192","0.8645690581704617","0.8620149302508217","0.8669346499327315"
"97","194","194","194","0.8640517815512118","0.8626969341777181","0.8654127390868754"
"98","196","196","196","0.8622826499541627","0.8608712127377407","0.8635442474916835"
"99","198","198","198","0.8636886300201294","0.8586998782857878","0.865734160119875"
"100","200","200","200","0.862447950265105","0.8597719053905031","0.8648386628441751"
"101","202","202","202","0.8646015012963083","0.8600884244628473","0.8664611740913692"
"102","204","204","204","0.8621620813397921","0.8570812408713995","0.8659948192897349"
"103","206","206","206","0.8622927583282936","0.8583358319699803","0.8663915321731552"
"104","208","208","208","0.8629672717710161","0.8606566888658923","0.8666219146052899"
"105","210","210","210","0.863789065541282","0.8608647862172994","0.8654848753568183"
"106","212","212","212","0.8652515633096384","0.8629412387953078","0.8675535078015515"
"107","214","214","214","0.8646332754079573","0.8611545045478418","0.8671550815776266"
"108","216","216","216","0.8645357425384528","0.860115521867578","0.8671520168273026"
"109","218","218","218","0.8653646333625975","0.8622938604666753","0.867202794974963"
"110","220","220","220","0.8652653640470476","0.8631607663540174","0.8670784665083915"
"111","222","222","222","0.8656166970066147","0.8622591330234796","0.8677884950819434"
"112","224","224","224","0.865716563958421","0.8641443230560689","0.8678938978157499"
"113","226","226","226","0.8657040422907677","0.8647171246357227","0.8670560761401127"
"114","228","228","228","0.8650332965522075","0.8600965090640873","0.8677113846653705"
"115","230","230","230","0.8643262943662379","0.8595101428920753","0.8668090027734069"
"116","232","232","232","0.8635619160058503","0.859544781749015","0.8676584648701594"
"117","234","234","234","0.8665416619924216","0.865400437522684","0.8679103646431401"
"118","236","236","236","0.8661019488008834","0.8634995221968325","0.8689457238740894"
"119","238","238","238","0.8643570611666261","0.8622547419820199","0.8682080626179572"
"120","240","240","240","0.8670226775058418","0.8629688699526183","0.8686158860156066"
"121","242","242","242","0.8667474973327346","0.8641418809860328","0.8701133055277067"
"122","244","244","244","0.8677581921064081","0.8643202186148524","0.8714614282765641"
"123","246","246","246","0.8655834580597462","0.8629595033417177","0.86987926448064"
"124","248","248","248","0.868041454094433","0.8652684760795405","0.8695712725941355"
"125","250","250","250","0.8669248101149734","0.8655113242431309","0.8692724627382618"
"126","252","252","252","0.8658916823142546","0.8632658472260166","0.8676548026720005"
"127","254","254","254","0.8682597667150548","0.865507279148039","0.8715014778596915"
"128","256","256","256","0.86776635642321","0.8661445889786394","0.8703825010244874"
"129","258","258","258","0.8661536023549671","0.86433969819941","0.8678209288470226"
"130","260","260","260","0.8671462073277552","0.8619740584673746","0.8704275762877369"
"131","262","262","262","0.8672140892986515","0.8622639941268554","0.8695545321389865"
"132","264","264","264","0.8675331465630937","0.8656302931298331","0.8686373174493968"
"133","266","266","266","0.8664614982006645","0.864789371023911","0.8680469684269493"
"134","268","268","268","0.8672469321488936","0.8653446785631023","0.8707574866018023"
"135","270","270","270","0.869345769936048","0.868411415717119","0.8714709977906085"
"136","272","272","272","0.8686519416386955","0.8663050691539352","0.870009354484113"
"137","274","274","274","0.8679009983279252","0.8635050032558764","0.8694934738758777"
"138","276","276","276","0.8685547655512114","0.867065428127122","0.8700784125135398"
"139","278","278","278","0.8694169515202839","0.8676207659319435","0.8718511283375217"
"140","280","280","280","0.8691385387908422","0.8665656575827406","0.8713045789078914"
"141","282","282","282","0.8680317291342139","0.8664475595583662","0.8704120172730845"
"142","284","284","284","0.8686175979301503","0.8643982989853831","0.8714766312176714"
"143","286","286","286","0.8694630893304076","0.8678983774755883","0.8705296322506972"
"144","288","288","288","0.8684541977011406","0.8645369493799318","0.8724186862370861"
"145","290","290","290","0.8699228569640747","0.8655787573796925","0.8729516900243005"
"146","292","292","292","0.8703785166343614","0.8678093082043218","0.8720823409827017"
"147","294","294","294","0.8709125992778162","0.8685789314569184","0.8754253373474621"
"148","296","296","296","0.8692553663432196","0.8640352146171376","0.8752149394270439"
"149","298","298","298","0.8693483869410044","0.8660749479094927","0.8726801415125339"
"150","300","300","300","0.868015172337191","0.8645251073487864","0.8723044136487457"
"151","302","302","302","0.8688844503797863","0.860466651416102","0.871864453449396"
"152","304","304","304","0.8694999127231604","0.8638194514968184","0.8732379022531067"
"153","306","306","306","0.8693734717558002","0.8671968530525238","0.8709782210045671"
"154","308","308","308","0.8693441132151005","0.8676806436401202","0.8726439371907967"
"155","310","310","310","0.8686329093305846","0.8673689983069879","0.8702323349621496"
"156","312","312","312","0.8722890771354145","0.8677301212136124","0.8758524850869168"
"157","314","314","314","0.8699652873852373","0.8663153531200948","0.8732822552645965"
"158","316","316","316","0.8676759160959536","0.8627851357755632","0.870210294820622"
"159","318","318","318","0.8691664229397444","0.8666539683733785","0.8716547312112481"
"160","320","320","320","0.8691509359999131","0.8656103332631716","0.8719357110283261"
"161","322","322","322","0.8690532969856756","0.864806336717732","0.8714770769903953"
"162","324","324","324","0.8681087731871783","0.8632711033142833","0.8724410513670646"
"163","326","326","326","0.8679667461757712","0.8620731812631174","0.8711885844191968"
"164","328","328","328","0.8687736366081896","0.8644565011169462","0.8722979034283985"
"165","330","330","330","0.867297178106271","0.8633059612155832","0.87059840738602"
"166","332","332","332","0.8691076702935385","0.8655972526217889","0.8738759316213751"
"167","334","334","334","0.8693621094618423","0.8658013649539583","0.8722741708258965"
"168","336","336","336","0.8694139392787749","0.8655014763565975","0.8725744386533805"
"169","338","338","338","0.869590662600487","0.8652562780780209","0.872571566148284"
"170","340","340","340","0.8682157475490657","0.8650872483465882","0.8715193841204331"
"171","342","342","342","0.8698161095698463","0.8665055679595423","0.8714024686129026"
"172","344","344","344","0.8695386415201684","0.8676825063544463","0.8729034341698149"
"173","346","346","346","0.8679287959861345","0.865045578497948","0.8717158743000146"
"174","348","348","348","0.8702728198087654","0.8687515418084467","0.8720472554566422"
"175","350","350","350","0.8684413287034761","0.866336393680493","0.8731738827610059"
"176","352","352","352","0.8690497794021537","0.866613229019618","0.8714606316944038"
"177","354","354","354","0.8677324684630138","0.8636415807680276","0.8717834471949536"
"178","356","356","356","0.8670862406819555","0.8628842325158994","0.8703802333142017"
"179","358","358","358","0.868112892220472","0.8659465646859527","0.8712429293163793"
"180","360","360","360","0.8697004283916921","0.865818115361537","0.872101389303593"
"181","362","362","362","0.8687047552286806","0.8599012354414678","0.8717372602874748"
"182","364","364","364","0.8694250688003464","0.8653842839083439","0.8722582235118399"
"183","366","366","366","0.870484553708877","0.8666567437774474","0.8739612524797281"
"184","368","368","368","0.8690620174174768","0.8633385814991442","0.8719601087244018"
"185","370","370","370","0.8682739616658169","0.8593683545486132","0.8719433520687846"
"186","372","372","372","0.869602623296393","0.8658959815824282","0.871747399373116"
"187","374","374","374","0.86936360794748","0.8607833089248332","0.8725740625952902"
"188","376","376","376","0.8688427923044095","0.859611041855503","0.8721833492157048"
"189","378","378","378","0.8676135484334366","0.857450176606731","0.8737030555710636"
"190","380","380","380","0.8689112027716785","0.864231953670087","0.8738686128349865"
"191","382","382","382","0.8688945558663509","0.861484441851862","0.8735822315891243"
"192","384","384","384","0.8686273701018516","0.8620394920444046","0.874566145925626"
"193","386","386","386","0.8700467038973102","0.8642482998325053","0.8750411088341695"
"194","388","388","388","0.8697343547678266","0.8674232502454938","0.8714983608842242"
"195","390","390","390","0.8713782599946202","0.864124408095578","0.8791242248211377"
"196","392","392","392","0.8710460898834101","0.8686147422613268","0.8747100817244398"
"197","394","394","394","0.8702739154589494","0.8635946514794944","0.8733899539893616"
"198","396","396","396","0.8705176573511844","0.8667963894683571","0.8726087134390749"
"199","398","398","398","0.8711407318911484","0.8661772837663141","0.876497681577013"
"200","400","400","400","0.8706258191655781","0.8657732438356968","0.8728115293850336"
"201","402","402","402","0.8694968337001621","0.8614537442006187","0.8717739181544966"
"202","404","404","404","0.8692408094821088","0.8641187289967969","0.8728320455098936"
"203","406","406","406","0.8701746074503252","0.8638278104468461","0.8739431582354916"
"204","408","408","408","0.8700571694853828","0.8588367384202288","0.8771297234200862"
"205","410","410","410","0.8695039339294818","0.8643736275242689","0.8729727073792601"
"206","412","412","412","0.8704358460295412","0.864866393460545","0.8740006054305696"
"207","414","414","414","0.8721948266460426","0.8654986143197322","0.8753135902374466"
"208","416","416","416","0.8714674234162277","0.8651110460533489","0.8752938471376723"
"209","418","418","418","0.8717468926878524","0.8653416443930386","0.8745642520531227"
"210","420","420","420","0.869195062560246","0.8641229294642041","0.8733342850635974"
"211","422","422","422","0.8682747813790993","0.8609474847426158","0.8723261586375675"
"212","424","424","424","0.8713878271000178","0.8627070997576379","0.8760139422353607"
"213","426","426","426","0.8708545358651788","0.8625761103279137","0.8793715187655948"
"214","428","428","428","0.8711358528856351","0.8602912318916711","0.8766042666730385"
"215","430","430","430","0.8709855167807479","0.864678619113281","0.8761550293387665"
"216","432","432","432","0.8696840955189847","0.8672073150679354","0.8718727708144394"
"217","434","434","434","0.8713077418402463","0.8656043753037678","0.8770810871831155"
"218","436","436","436","0.8700381006160882","0.8650997195525487","0.8733833017138252"
"219","438","438","438","0.8700759629223933","0.8652683426958742","0.8763253276045606"
"220","440","440","440","0.8694670630159204","0.862570806385785","0.8739660049079746"
"221","442","442","442","0.8696089031875454","0.8632776684961732","0.8737490857142612"
"222","444","444","444","0.8697840736587178","0.8629143944278774","0.8728010692338627"
"223","446","446","446","0.8711107864276455","0.8651042061479826","0.8746163329087684"
"224","448","448","448","0.8718080187391115","0.8616081935846155","0.8767804726817183"
"225","450","450","450","0.8698303621906749","0.8636308593001026","0.874558050657181"
"226","452","452","452","0.870580968342485","0.8598013132534392","0.8774250616813261"
"227","454","454","454","0.8699670322288483","0.865130918291332","0.8728533574531131"
"228","456","456","456","0.8719017212264106","0.8678495822848169","0.8754780141940274"
"229","458","458","458","0.8717540511918834","0.8631920243991517","0.8765474677179259"
"230","460","460","460","0.8733830257546191","0.8683900202282777","0.8776759563881045"
"231","462","462","462","0.8719752966048417","0.8666873820466786","0.8756248135384792"
"232","464","464","464","0.8696861101094704","0.8672773362787136","0.8711710388743896"
"233","466","466","466","0.8694913419533746","0.8658638041808353","0.8730699965481279"
"234","468","468","468","0.8692984751955901","0.8617510031405982","0.8748475414760007"
"235","470","470","470","0.87105757002965","0.863154421599559","0.8750574367995444"
"236","472","472","472","0.8695299003435577","0.8630889319524587","0.8744896483656189"
"237","474","474","474","0.8725949439289173","0.8671767263653328","0.8771172436557867"
"238","476","476","476","0.8721562492895846","0.8651824258572922","0.8777423199566746"
"239","478","478","478","0.8722028232556264","0.8644377537260629","0.877387687228367"
"240","480","480","480","0.871946215405905","0.863453841170605","0.8763612977178111"
"241","482","482","482","0.8723782019255923","0.8678024047302723","0.8761349923147835"
"242","484","484","484","0.8703727728643695","0.8642036983991369","0.8763340109636251"
"243","486","486","486","0.8717687478494988","0.8625065626411774","0.8764698421082845"
"244","488","488","488","0.8725164881502699","0.86807974470992","0.8743428686188625"
"245","490","490","490","0.8728485689887391","0.8671546486559353","0.8765115568234729"
"246","492","492","492","0.8733782197901814","0.8643625011806597","0.8770857888484072"
"247","494","494","494","0.8720862438058214","0.8684271412760768","0.8748718652485762"
"248","496","496","496","0.8722818242784713","0.8657293969930319","0.881582794174278"
"249","498","498","498","0.871908257140581","0.8689710712867881","0.8760731351300252"
"250","500","500","500","0.8722577354324477","0.8699311068275644","0.8753076039529845"
"251","502","502","502","0.8685916574906166","0.8597748889801846","0.877052792348532"
"252","504","504","504","0.8710813367328637","0.8682033698770054","0.876240115112153"
"253","506","506","506","0.8737270357856225","0.866166845841236","0.8770948827555398"
"254","508","508","508","0.8718937836212192","0.8636456453067595","0.8770445863363243"
"255","510","510","510","0.8750110004695483","0.8696043818390734","0.8789944139753837"
"256","512","512","512","0.8711840615764161","0.8654973386520836","0.8748034806946166"
"257","514","514","514","0.8713937219292145","0.8638212249634531","0.8791808773865343"
"258","516","516","516","0.8704931023727246","0.8664753316544378","0.8753157886754104"
"259","518","518","518","0.8724936679026232","0.8680469823070062","0.8753060465894863"
"260","520","520","520","0.869247314425864","0.8608356122717119","0.8754055930506042"
"261","522","522","522","0.872053158832054","0.8674883051284159","0.8772470601799287"
"262","524","524","524","0.8718897983980491","0.8677365600352306","0.8773823008962335"
"263","526","526","526","0.8727446037241616","0.8696891267762766","0.875549005983438"
"264","528","528","528","0.8725862252108783","0.8643605147708122","0.8777613599687759"
"265","530","530","530","0.8727339482610077","0.8676728176893199","0.8775501428373346"
"266","532","532","532","0.8719825276276196","0.8666933574869748","0.8768549134970075"
"267","534","534","534","0.8692274049928379","0.8612949382025225","0.8778412660896161"
"268","536","536","536","0.8719097477845692","0.8641308521632483","0.876322794164656"
"269","538","538","538","0.8724205509346359","0.8680544733161663","0.8785764485862328"
"270","540","540","540","0.8724090074459422","0.869780519374048","0.8746571496584072"
"271","542","542","542","0.8693825835640313","0.86185719810109","0.8785185253793242"
"272","544","544","544","0.8705856449130082","0.8655406953462779","0.8748681849264136"
"273","546","546","546","0.8728027909104004","0.8658010382756968","0.8784772279262255"
"274","548","548","548","0.8702113291494402","0.86206726924248","0.8784675608895427"
"275","550","550","550","0.872815673709576","0.8703965161276573","0.8770838681158468"
"276","552","552","552","0.8707589539885008","0.8670962306168639","0.8734981809476536"
"277","554","554","554","0.8712471396123856","0.8681534362386529","0.87669502568789"
"278","556","556","556","0.8737680379641468","0.866148543444268","0.878453051463371"
"279","558","558","558","0.8735501405622232","0.8708470837294547","0.8769134370552841"
"280","560","560","560","0.8716245034750967","0.8683583182708399","0.874941381024831"
"281","562","562","562","0.8699478305489388","0.8666105200512038","0.8778433084103094"
"282","564","564","564","0.8714984284573765","0.8694821110175629","0.8759589678813599"
"283","566","566","566","0.8700687388797753","0.8648780262180168","0.8751050570919074"
"284","568","568","568","0.8742192775546398","0.8690850100181032","0.879305720774036"
"285","570","570","570","0.8717715697590055","0.8637707938600533","0.8769803559574493"
"286","572","572","572","0.8716948155075425","0.8691959056937062","0.8755255056990084"
"287","574","574","574","0.8731451764979885","0.8672756833927944","0.8794331913881939"
"288","576","576","576","0.8730716753244036","0.8706246725957533","0.8767863544850129"
"289","578","578","578","0.8701798133282956","0.8665793539701434","0.8738274601055145"
"290","580","580","580","0.8690138341221185","0.8650494454537521","0.8737056033669416"
"291","582","582","582","0.8682820093278505","0.864229364645242","0.873087312751452"
"292","584","584","584","0.8683329819316248","0.8614826783412354","0.8738844938750536"
"293","586","586","586","0.870093056528438","0.8671968277182349","0.8721207737928897"
"294","588","588","588","0.8701969235139488","0.8607312400184653","0.8736098883650235"
"295","590","590","590","0.8706308820548812","0.8674444033703559","0.8733136808466446"
"296","592","592","592","0.8678351715507846","0.8634105716464234","0.8717618532714302"
"297","594","594","594","0.8694257128903151","0.862588419810119","0.8751788839395621"
"298","596","596","596","0.8675198875487677","0.8629166699555729","0.8741921544802789"
"299","598","598","598","0.8692656425505468","0.8641690853331684","0.8744419600397834"
"300","600","600","600","0.8700148078169571","0.8633000526326533","0.8782667780599415"
"301","602","602","602","0.8688031168256833","0.8611517004847428","0.8736001563725178"
"302","604","604","604","0.8700210862496627","0.8648082086438161","0.8773137265559625"
"303","606","606","606","0.8682463468182806","0.8648093150757711","0.8700600699614666"
"304","608","608","608","0.8697991294337182","0.8658722253682625","0.8780484074581033"
"305","610","610","610","0.8693464730150884","0.8643361986891372","0.8748974994099095"
"306","612","612","612","0.8719506997415465","0.8676152296568963","0.8760639012217906"
"307","614","614","614","0.8722960708700157","0.8640917685045716","0.8777210931827711"
"308","616","616","616","0.8714481578957353","0.8638551918344295","0.8772147040638708"
"309","618","618","618","0.8706692211279767","0.8670283012239473","0.8761345582860832"
"310","620","620","620","0.8694655325809132","0.8659605641058354","0.8738333855781897"
"311","622","622","622","0.8705835609877972","0.8625755435513286","0.8784505749697041"
"312","624","624","624","0.8710934352734082","0.8637892353039613","0.8794661776121296"
"313","626","626","626","0.8702885042230438","0.8655203396604381","0.8752864416159242"
"314","628","628","628","0.8696526596823407","0.8637090945628184","0.8777360656260323"
"315","630","630","630","0.8696777504550612","0.8621519753385802","0.8748670263726835"
"316","632","632","632","0.8706404640025227","0.8661350579512631","0.8742324267897693"
"317","634","634","634","0.8704017797554495","0.8629077775021732","0.873700198449298"
"318","636","636","636","0.8707890736049297","0.8650300938061639","0.8736287693288922"
"319","638","638","638","0.870100198462141","0.8634415089589236","0.8750269734289947"
"320","640","640","640","0.8712868239413301","0.8645593833400956","0.8746895421724368"
"321","642","642","642","0.8702071661955599","0.8648302533818109","0.8747472115006136"
"322","644","644","644","0.87015253842468","0.8668004954335021","0.874075201355153"
"323","646","646","646","0.871219517625948","0.8676322671829458","0.8783817424612331"
"324","648","648","648","0.8713898255472294","0.8632214529735727","0.8806010658173736"
"325","650","650","650","0.8704122505587254","0.8590842070961405","0.878913888453389"
"326","652","652","652","0.8732098863219564","0.8671405643213252","0.8764632391937636"
"327","654","654","654","0.8707899234876784","0.8660124008233698","0.8796829271645471"
"328","656","656","656","0.8712822400884506","0.8662091088733296","0.87363794562822"
"329","658","658","658","0.8701185796984088","0.8664780514975001","0.8776420355756361"
"330","660","660","660","0.8709575794231444","0.8669512891056943","0.8748041088398197"
"331","662","662","662","0.8703913227290642","0.8665689543147116","0.8743265629066421"
"332","664","664","664","0.8740208217914729","0.8702441324278148","0.8804628674256813"
"333","666","666","666","0.8720887682106383","0.8704727796885351","0.8729609089755053"
"334","668","668","668","0.8715933803734263","0.8685064750613866","0.8746516509883147"
"335","670","670","670","0.872572436479345","0.8702639912295366","0.8755116861591855"
"336","672","672","672","0.8725721628775223","0.8686626743419754","0.8796337695284958"
"337","674","674","674","0.8696183250940004","0.8654714623236214","0.8752588550241196"
"338","676","676","676","0.8733820808829638","0.8681686771247062","0.8773880065629307"
"339","678","678","678","0.8701093411891077","0.8646191088753102","0.8738824138690571"
"340","680","680","680","0.8711132814130318","0.8656664836677763","0.8790207321299722"
"341","682","682","682","0.8728719424801554","0.8702231801174157","0.8759149572729461"
"342","684","684","684","0.8733736300049131","0.8707313470599767","0.8783777825547578"
"343","686","686","686","0.871146143522289","0.8648142404063276","0.8788781064590026"
"344","688","688","688","0.873881722120409","0.8715484326608663","0.8770013256290139"
"345","690","690","690","0.8709128657836468","0.8632520117880267","0.8778993375861914"
"346","692","692","692","0.8697731745865542","0.8661166189860111","0.874541461439975"
"347","694","694","694","0.8716322951366673","0.8632254478331698","0.8778173159646477"
"348","696","696","696","0.8706409122980954","0.8654328336408432","0.8763649323914878"
"349","698","698","698","0.8700215316827601","0.8657037113582353","0.8752955555996772"
"350","700","700","700","0.8694020601250572","0.863848763616109","0.8764194603206552"
"351","702","702","702","0.8711823525375797","0.8658230722515952","0.8747260861801526"
"352","704","704","704","0.869852445684663","0.8646497454922222","0.875546469952076"
"353","706","706","706","0.8687839623081747","0.8591333772472699","0.8738483642225513"
"354","708","708","708","0.8682901304406789","0.8613608455942624","0.8740644754898744"
"355","710","710","710","0.8700068338630356","0.8663564373627626","0.8774943050037088"
"356","712","712","712","0.8719703720101407","0.8666841524852117","0.879160606380909"
"357","714","714","714","0.8716548338864498","0.8670479526849942","0.8772075209718968"
"358","716","716","716","0.8721509847659317","0.8654463456513721","0.8790444766357773"
"359","718","718","718","0.8716515774348428","0.8660345245305062","0.8789749522485639"
"360","720","720","720","0.8726987586464802","0.8677351571669326","0.8793869362917431"
"361","722","722","722","0.8723874338551685","0.8643282296035733","0.8777784325634248"
"362","724","724","724","0.8734447980756919","0.8653195995242321","0.8771351023190705"
"363","726","726","726","0.8741235208139096","0.8689421334529978","0.8803936856447926"
"364","728","728","728","0.8734227535493979","0.8669228887569317","0.8797377927676963"
"365","730","730","730","0.8729633479685385","0.8681892728675826","0.8802994911245768"
"366","732","732","732","0.8722459978222471","0.8679108305053148","0.8780703917108758"
"367","734","734","734","0.869701849296939","0.8667726498009368","0.8716314026384263"
"368","736","736","736","0.8727385840153294","0.8704788790072853","0.8790286168289349"
"369","738","738","738","0.8737848493888333","0.8684267921089655","0.8821566626923185"
"370","740","740","740","0.871533994562401","0.8685235796523123","0.8750566038754511"
"371","742","742","742","0.8702316715998173","0.8681294759503263","0.8742758442982533"
"372","744","744","744","0.872043340270696","0.8676369806120229","0.8760482807011437"
"373","746","746","746","0.8708968727714389","0.8670676528994888","0.8781799583698418"
"374","748","748","748","0.8709921105719008","0.8663062030909939","0.8743268929923081"
"375","750","750","750","0.8727816322409065","0.8646583834924879","0.881141700941363"
"376","752","752","752","0.8732443524844102","0.8684943373775903","0.8785858437281999"
"377","754","754","754","0.873308304268855","0.8666209129005282","0.8783195271777526"
"378","756","756","756","0.8702604057138199","0.8666815551234621","0.8743584524517748"
"379","758","758","758","0.8695845072285415","0.865236560300177","0.8751190119025021"
"380","760","760","760","0.8716658754120633","0.86759813670015","0.8785826497299922"
"381","762","762","762","0.8740024522113787","0.8651828220521054","0.8781683688474493"
"382","764","764","764","0.8716295919990525","0.86466441714668","0.8744493979608136"
"383","766","766","766","0.8715754164745769","0.8632466375051713","0.8742978079437658"
"384","768","768","768","0.870993122212748","0.866250492504798","0.8732888663532401"
"385","770","770","770","0.8698527148429298","0.8670886896803294","0.8742940820480838"
"386","772","772","772","0.8731816028450042","0.8652982516720089","0.8769119363917853"
"387","774","774","774","0.8728029203199823","0.867018603866495","0.8776891233951843"
"388","776","776","776","0.8730905896769953","0.8673525843118652","0.8805113936322696"
"389","778","778","778","0.870735921358339","0.8655808562247717","0.8766992665308365"
"390","780","780","780","0.8697222783953531","0.8660285254360293","0.8737639815127773"
"391","782","782","782","0.8703743547988496","0.8625213934829656","0.8796315639443364"
"392","784","784","784","0.8740993976062462","0.8663877951291493","0.8802854066121565"
"393","786","786","786","0.8717808982781226","0.8674262867988122","0.8785374394485453"
"394","788","788","788","0.8717419771432796","0.8686487747569014","0.8750644507334161"
"395","790","790","790","0.8719724842324734","0.8699820758357599","0.873996220283613"
"396","792","792","792","0.8721439703706336","0.8630626462585032","0.8768446420595649"
"397","794","794","794","0.8711651068454268","0.8647810824346326","0.8779836184680335"
"398","796","796","796","0.8711879417098546","0.8644228962470412","0.8739496488892113"
"399","798","798","798","0.8693805763633247","0.8617196014202234","0.8747350024838092"
"400","800","800","800","0.8719271052521153","0.8673659379585673","0.8736571060212922"
"401","802","802","802","0.8734395372601563","0.8658457417038384","0.8794016787516643"
"402","804","804","804","0.8724828743085551","0.8694860887038857","0.8760225671744163"
"403","806","806","806","0.8721346233875884","0.8645733287789769","0.8763497784344357"
"404","808","808","808","0.874238020031696","0.869348409975258","0.8780808205340107"
"405","810","810","810","0.8735639184920915","0.8689267913747877","0.8783202161360214"
"406","812","812","812","0.8725742147927649","0.8671547785131251","0.8805733291436737"
"407","814","814","814","0.871819053602971","0.8681209692992793","0.8786270676252408"
"408","816","816","816","0.8702351936984272","0.8665153020021862","0.8783940227825439"
"409","818","818","818","0.8686254683385632","0.8611608082060023","0.8759404280355008"
"410","820","820","820","0.869217666440923","0.8663184244435206","0.8743312442913225"
"411","822","822","822","0.8721832991652596","0.8680645631484923","0.8787128989313446"
"412","824","824","824","0.8689144562189837","0.8630449164345413","0.874852877802459"
"413","826","826","826","0.8665141477559988","0.8629782763772075","0.8701018056288353"
"414","828","828","828","0.8696722893731211","0.8662174755751076","0.8717002621319933"
"415","830","830","830","0.8720417951943917","0.8686038401801714","0.8766236400177102"
"416","832","832","832","0.8693361177483958","0.8664229656596766","0.8733806548321686"
"417","834","834","834","0.8699960241381277","0.8679962238228214","0.8714163227453476"
"418","836","836","836","0.869616652654692","0.863240323070203","0.8780259282812264"
"419","838","838","838","0.8693297226314117","0.8643181070301454","0.8777070932780037"
"420","840","840","840","0.8694826120699876","0.8663893515434284","0.8727127705818283"
"421","842","842","842","0.8700080764369288","0.8673999674692858","0.8777882337162498"
"422","844","844","844","0.8689469296859373","0.8662937841245305","0.871675997515996"
"423","846","846","846","0.8709213156356943","0.8645159780894579","0.876214435836271"
"424","848","848","848","0.8705769414286715","0.8675141591231594","0.8763082917401609"
"425","850","850","850","0.8731958807788178","0.871442431949181","0.8753506321551915"
"426","852","852","852","0.8707798876277911","0.8666228419586568","0.8749494618421896"
"427","854","854","854","0.8698046967527621","0.8668735304675924","0.8745683254548775"
"428","856","856","856","0.8715544838151861","0.8663039993504512","0.8756859414904263"
"429","858","858","858","0.8743169417215203","0.8696906901985","0.8785811977989764"
"430","860","860","860","0.8701114645748488","0.8645362203949372","0.8776742177156849"
"431","862","862","862","0.8736851096003921","0.8670143235546431","0.8776411033498841"
"432","864","864","864","0.8702579456978089","0.8621692694825747","0.8800515890762488"
"433","866","866","866","0.875524498247667","0.8659114300103405","0.8818018268581665"
"434","868","868","868","0.8712214981163415","0.8658362322062628","0.8750673057157727"
"435","870","870","870","0.8700118096621055","0.8649001332214702","0.8745542960025116"
"436","872","872","872","0.8711433968507482","0.8674005276504195","0.8761598621779165"
"437","874","874","874","0.8713683282650646","0.8648311418673001","0.8751830822247162"
"438","876","876","876","0.8719235396206321","0.8661769423417943","0.8793233486068917"
"439","878","878","878","0.8714357273439524","0.8674069703260028","0.8751272953988456"
"440","880","880","880","0.870388108128263","0.8671901208853844","0.8767220967444599"
"441","882","882","882","0.8724611246716295","0.8654384254071276","0.877356559151606"
"442","884","884","884","0.8693884116073128","0.8669719835371691","0.874177745923266"
"443","886","886","886","0.8691797562359665","0.864319596103726","0.8799798904145412"
"444","888","888","888","0.8699841335379637","0.8622086043678284","0.877793815999104"
"445","890","890","890","0.8700611910149627","0.8615794537384323","0.8783206873759976"
"446","892","892","892","0.8706018542418257","0.8633214610353764","0.8740091903523965"
"447","894","894","894","0.8706396192019863","0.866138960754063","0.8732960648852495"
"448","896","896","896","0.8712801087926142","0.8645376787108267","0.8757733150175873"
"449","898","898","898","0.8714339935428294","0.8624190899836373","0.8773670598382003"
"450","900","900","900","0.8712331674260521","0.8667466188533142","0.8762106546707623"
"451","902","902","902","0.8708307818332125","0.8676622694640523","0.8740069953047281"
"452","904","904","904","0.8702828066836457","0.8676377100231696","0.8747072936846327"
"453","906","906","906","0.8721754529739233","0.8700943720872755","0.8751934320678608"
"454","908","908","908","0.8699374442468214","0.8649563734258067","0.8735435725951027"
"455","910","910","910","0.8716574571177784","0.8638285445135435","0.8799789986918698"
"456","912","912","912","0.8701384117787775","0.8659689323058761","0.8794000046575564"
"457","914","914","914","0.872961757985536","0.8687309508801547","0.8813275338450983"
"458","916","916","916","0.8687994468792899","0.8651052035040705","0.8754165940385051"
"459","918","918","918","0.8693021660546979","0.8653094037680847","0.8766150359038057"
"460","920","920","920","0.8703900690886701","0.8655256098536535","0.8788149057530049"
"461","922","922","922","0.8700083787485461","0.8661260160393007","0.8766048301379128"
"462","924","924","924","0.8704286571187027","0.8679026519677214","0.8782859111084609"
"463","926","926","926","0.8679001099832803","0.8632168530004068","0.8776496116745403"
"464","928","928","928","0.8701348620828291","0.8648210284402293","0.8816660183235754"
"465","930","930","930","0.8711652677981057","0.8664979451867991","0.8754322559671112"
"466","932","932","932","0.8716051545352876","0.8668004572035999","0.8776068902741044"
"467","934","934","934","0.8744700556346233","0.8708641530448309","0.8827129449895521"
"468","936","936","936","0.870615268764173","0.8670230142761358","0.8769177458549678"
"469","938","938","938","0.8726432241240453","0.8669213043368379","0.8794907101608983"
"470","940","940","940","0.8724922984327677","0.8656401588864724","0.882514541408488"
"471","942","942","942","0.8713098668675789","0.8630620606040793","0.8806324936477503"
"472","944","944","944","0.8699041374809988","0.8630632678336285","0.8781848891829958"
"473","946","946","946","0.870612378298093","0.8662008966366063","0.87692385457069"
"474","948","948","948","0.8706652779133968","0.8644589056293114","0.8828334392855157"
"475","950","950","950","0.8710685810501498","0.8631893412243633","0.8796222147876115"
"476","952","952","952","0.8695726889936235","0.8635692076542304","0.8804130758608676"
"477","954","954","954","0.8711244331706764","0.8642857800902194","0.8799183068208465"
"478","956","956","956","0.8710421793903805","0.8652774455591321","0.8805716107813029"
"479","958","958","958","0.8693476571308043","0.863802383886053","0.8769483254091552"
"480","960","960","960","0.8714397402439621","0.868555352244786","0.8790075903883505"
"481","962","962","962","0.8728660142135742","0.8664313038806619","0.8769253512474909"
"482","964","964","964","0.871711408345117","0.8683293653961136","0.877025237708116"
"483","966","966","966","0.8713127492550757","0.8688239002438422","0.8766899985370431"
"484","968","968","968","0.8701759237009388","0.8647971971588654","0.8788406875786944"
"485","970","970","970","0.8685729441630622","0.8621956360815239","0.8771118740472625"
"486","972","972","972","0.8704395404957654","0.8642375934742408","0.8784723078174415"
"487","974","974","974","0.8727099448049511","0.8672238094097116","0.8785422418191409"
"488","976","976","976","0.8711931927858041","0.8655981352169667","0.8797205005501416"
"489","978","978","978","0.8719033058155548","0.8661109763603996","0.8789723703458121"
"490","980","980","980","0.87031346365571","0.8631635292571511","0.880308750665473"
"491","982","982","982","0.8694764945938592","0.8652477166042052","0.8812121760405112"
"492","984","984","984","0.8700394090094248","0.862999340708837","0.8789718775320864"
"493","986","986","986","0.8700288153101866","0.863531993384748","0.8805196518361652"
"494","988","988","988","0.8703707549981103","0.8665275140269834","0.8774966608780936"
"495","990","990","990","0.8704262501237773","0.865384388001442","0.8768802520591074"
"496","992","992","992","0.8695461356121758","0.8655618333224321","0.8774606771683133"
"497","994","994","994","0.8700641581965216","0.8634816932966362","0.8774854305079879"
"498","996","996","996","0.8723854826515884","0.8641426521860021","0.8781054832995882"
"499","998","998","998","0.8723127423426653","0.8683488823046354","0.8768761869080947"
"500","1000","1000","1000","0.8724001793354631","0.8647490223514851","0.8786598889832309"
"501","1002","1002","1002","0.8710240726587888","0.8647462789942943","0.876328559938291"
"502","1004","1004","1004","0.8744244046830543","0.8680587362948562","0.8791973915163195"
"503","1006","1006","1006","0.8733646777155941","0.8710076539799373","0.8776484627115768"
"504","1008","1008","1008","0.8734435847013948","0.8707984142773935","0.8772831137137217"
"505","1010","1010","1010","0.8709618169684405","0.8676192625766982","0.873124710519674"
"506","1012","1012","1012","0.8722830847532557","0.8684534418563808","0.8767997697504685"
"507","1014","1014","1014","0.8715921726615623","0.8671619938864168","0.8740012659532523"
"508","1016","1016","1016","0.8724796678514399","0.8700780622062455","0.8741059431967534"
"509","1018","1018","1018","0.8703801611623863","0.8680358032523976","0.8732417122671795"
"510","1020","1020","1020","0.8709620563558251","0.8669998665700651","0.874961004478115"
"511","1022","1022","1022","0.8728441663817417","0.8669406943879945","0.8792409156040049"
"512","1024","1024","1024","0.874054997475846","0.8712274117530443","0.8798348267729388"
"513","1026","1026","1026","0.8695830886851489","0.860581442289","0.8782829382749343"
"514","1028","1028","1028","0.8715237155325971","0.8660866456308305","0.8777414376960958"
"515","1030","1030","1030","0.8719583867489107","0.8687776302146443","0.8794186521050049"
"516","1032","1032","1032","0.8739545639871096","0.8684515032794345","0.8796889553534953"
"517","1034","1034","1034","0.8739448578847832","0.8698895346143677","0.8800264651384481"
"518","1036","1036","1036","0.8713252317755327","0.861634080839575","0.8763075888385382"
"519","1038","1038","1038","0.8702686085893054","0.8658045098234445","0.878098346912587"
"520","1040","1040","1040","0.8724044775089048","0.8651350576958391","0.8789721319147804"
"521","1042","1042","1042","0.8682633077521077","0.8617468332522391","0.8756103551254055"
"522","1044","1044","1044","0.8728030585770075","0.8690922953410094","0.876349534531061"
"523","1046","1046","1046","0.8725208342309323","0.8693753869820182","0.8792896846495938"
"524","1048","1048","1048","0.869007194780431","0.8631663547383549","0.8748602540099767"
"525","1050","1050","1050","0.8693257258739788","0.8648698857188463","0.8752081620171446"
"526","1052","1052","1052","0.8721216765711974","0.8644341679613565","0.8792330307261809"
"527","1054","1054","1054","0.8697380635588446","0.8630482719529485","0.8794079595555102"
"528","1056","1056","1056","0.8717668908601631","0.8681322748515998","0.8796660838365279"
"529","1058","1058","1058","0.8717659372673495","0.8684792493750074","0.8787730197170432"
"530","1060","1060","1060","0.870636691718708","0.8655635913263785","0.8764357622400579"
"531","1062","1062","1062","0.8729928666293192","0.8666805681946503","0.8784212545357273"
"532","1064","1064","1064","0.8733660533915713","0.8656826807978465","0.8794925732140986"
"533","1066","1066","1066","0.8719707941787144","0.859647653589961","0.8774043322498178"
"534","1068","1068","1068","0.8710270155291063","0.8614297743484468","0.8813261203942522"
"535","1070","1070","1070","0.8730866120221435","0.8666663275884652","0.8819578506066258"
"536","1072","1072","1072","0.8733454489851951","0.8690007175510166","0.8774490551695029"
"537","1074","1074","1074","0.8725251142677163","0.8661551070988271","0.8775601883384394"
"538","1076","1076","1076","0.871664172086348","0.8666068391305679","0.8785520828768804"
"539","1078","1078","1078","0.8724606626044604","0.867192527940913","0.8794087340995855"
"540","1080","1080","1080","0.873786881624546","0.8651719703515806","0.8792837145783715"
"541","1082","1082","1082","0.8713050860732292","0.8616806552747492","0.8768322355233884"
"542","1084","1084","1084","0.8732146809529662","0.8645806393312271","0.8766435994701935"
"543","1086","1086","1086","0.8729907329194365","0.8653352389082195","0.8777896410187749"
"544","1088","1088","1088","0.8699043244572364","0.8560937497117329","0.8764599899717053"
"545","1090","1090","1090","0.8708111806277747","0.8618706000429952","0.8751937000043124"
"546","1092","1092","1092","0.8705634406836771","0.8597330883611287","0.8791454098048874"
"547","1094","1094","1094","0.8712216209949158","0.859395863361927","0.8771046010473356"
"548","1096","1096","1096","0.8690950902480112","0.8661299199898799","0.8720249450203623"
"549","1098","1098","1098","0.8698242023064979","0.8604493897944384","0.8770810327559933"
"550","1100","1100","1100","0.8718454413274846","0.867819126533974","0.8758869298418251"
"551","1102","1102","1102","0.8709044085829347","0.8671088345470195","0.8766139846669524"
"552","1104","1104","1104","0.8685629029407318","0.8628701660077054","0.8725731339079489"
"553","1106","1106","1106","0.8689325134579509","0.8651491711577609","0.8775138996499766"
"554","1108","1108","1108","0.8717298318251551","0.8669891692985302","0.8783441058294551"
"555","1110","1110","1110","0.8698599717158716","0.8636473824046639","0.8736810222160042"
"556","1112","1112","1112","0.8717167994355183","0.8673207012717308","0.8761103432339257"
"557","1114","1114","1114","0.870617041330538","0.8669166988174025","0.8736748194231303"
"558","1116","1116","1116","0.8731002120611556","0.8690336754237525","0.8763520794286271"
"559","1118","1118","1118","0.8716206136052662","0.8708429571620384","0.8733695278754179"
"560","1120","1120","1120","0.8706516599942337","0.8661550570828996","0.8776711011839068"
"561","1122","1122","1122","0.8705975210060288","0.8664679931755467","0.8757913068817774"
"562","1124","1124","1124","0.8691533651588828","0.86591217885482","0.8715495981893181"
"563","1126","1126","1126","0.8704594520556533","0.8647393640537661","0.874859078686896"
"564","1128","1128","1128","0.8698804699665377","0.8636627992703594","0.8764692098470253"
"565","1130","1130","1130","0.8708446409125508","0.8669971226256563","0.8739806016432494"
"566","1132","1132","1132","0.8739677884509703","0.870396667429429","0.8775230845764402"
"567","1134","1134","1134","0.8717866466264617","0.8672209751882977","0.8767716199938074"
"568","1136","1136","1136","0.8727868436331221","0.8683774817161538","0.8811284361980486"
"569","1138","1138","1138","0.8732828500209677","0.8685847011991568","0.8801558155810802"
"570","1140","1140","1140","0.874490159184476","0.8693731788780859","0.8812465132369077"
"571","1142","1142","1142","0.8744764134104666","0.871110305959868","0.8794899039986882"
"572","1144","1144","1144","0.871855362344679","0.8684180720952986","0.8743158907741948"
"573","1146","1146","1146","0.8735338730461099","0.8707660279990618","0.8799434427439871"
"574","1148","1148","1148","0.8734642574563489","0.8694960041216928","0.8777432485301843"
"575","1150","1150","1150","0.874469219372411","0.8697085797714453","0.8804003370784952"
"576","1152","1152","1152","0.8719358914071668","0.8641110794106546","0.8786448829064777"
"577","1154","1154","1154","0.8738366908467589","0.8722569638638211","0.8774398120853587"
"578","1156","1156","1156","0.8738573299129916","0.8723296881354494","0.8766066813327407"
"579","1158","1158","1158","0.8736612353622212","0.8689477875151779","0.876509700701955"
"580","1160","1160","1160","0.8715830402557041","0.8645516092417774","0.8768512680794678"
"581","1162","1162","1162","0.8715487374313934","0.866728111453457","0.8777847703435685"
"582","1164","1164","1164","0.8709538402551423","0.865667945840084","0.8769528015669951"
"583","1166","1166","1166","0.8728530171367185","0.8646079227302512","0.8762499265730742"
"584","1168","1168","1168","0.8716440512052859","0.8641485477214933","0.8745332987766073"
"585","1170","1170","1170","0.8711240169886437","0.8630220716322006","0.8751063522987136"
"586","1172","1172","1172","0.8721016063305195","0.8675286348013921","0.8787803143962166"
"587","1174","1174","1174","0.87313728062547","0.869707174080459","0.8753174433431472"
"588","1176","1176","1176","0.8743072930976874","0.8709758011970706","0.8810637050792302"
"589","1178","1178","1178","0.8743203132065547","0.869216503642248","0.879425914092517"
"590","1180","1180","1180","0.8745569118680331","0.8697890147265197","0.8778446882365253"
"591","1182","1182","1182","0.8730339525694394","0.8690220268550084","0.8780352971746208"
"592","1184","1184","1184","0.8752932687427222","0.8687675726326043","0.878962524549907"
"593","1186","1186","1186","0.8725336473114922","0.8701043509445352","0.8752057879555952"
"594","1188","1188","1188","0.8735962396189892","0.8670589867010989","0.8766943390314288"
"595","1190","1190","1190","0.8727975157290985","0.8691572798768817","0.8773057476301452"
"596","1192","1192","1192","0.8735718461053199","0.868709502325416","0.8777776583211369"
"597","1194","1194","1194","0.8733184838227517","0.8689170584401229","0.8778237742813505"
"598","1196","1196","1196","0.8702412154526403","0.8643222844618568","0.8728269160887254"
"599","1198","1198","1198","0.871637961576616","0.8683375795149563","0.876080514960223"
"600","1200","1200","1200","0.871539101701684","0.8649551791600895","0.8761555480996418"
"601","1202","1202","1202","0.8699547091976705","0.8618731286458736","0.8802727713584267"
"602","1204","1204","1204","0.8699860572149264","0.8632335194099464","0.8778561628920641"
"603","1206","1206","1206","0.8703121171901731","0.8645372293919639","0.8747112754434229"
"604","1208","1208","1208","0.8673323054381445","0.854466652160593","0.8743740315745787"
"605","1210","1210","1210","0.8700288545928142","0.8617079814297843","0.8774010109887289"
"606","1212","1212","1212","0.8709096481101479","0.8657782400930716","0.8776414635772724"
"607","1214","1214","1214","0.8711904901781956","0.8661708512231338","0.8747131744485752"
"608","1216","1216","1216","0.871399384980559","0.8681061867941576","0.8769974212851426"
"609","1218","1218","1218","0.8735135816311013","0.868741693580215","0.8768333398230721"
"610","1220","1220","1220","0.8741926593928182","0.8671251675332546","0.8805343398969457"
"611","1222","1222","1222","0.8723918572571764","0.8666982164053254","0.8788524514718786"
"612","1224","1224","1224","0.8723168766159887","0.8670752462600705","0.8764654788695655"
"613","1226","1226","1226","0.872493551293968","0.8698739346846985","0.8752728912467523"
"614","1228","1228","1228","0.8700464756776484","0.8639224104276132","0.8754769539401369"
"615","1230","1230","1230","0.8705876170927516","0.8660603136901818","0.8749782989107752"
"616","1232","1232","1232","0.8704087450253567","0.8615042893475194","0.8778326670047861"
"617","1234","1234","1234","0.8712994657716184","0.8621124342165328","0.8747396077628573"
"618","1236","1236","1236","0.872857080214674","0.8680469394409259","0.8792239505632005"
"619","1238","1238","1238","0.8704482823057231","0.8660276339297571","0.8754124058904402"
"620","1240","1240","1240","0.8715201185192427","0.8668270382513568","0.8759527469272925"
"621","1242","1242","1242","0.8713364537479628","0.8666609312081155","0.8754796527855285"
"622","1244","1244","1244","0.8705380328126818","0.8627250356139844","0.8758303977972314"
"623","1246","1246","1246","0.8732687605582441","0.8689653342954097","0.8768452954546835"
"624","1248","1248","1248","0.8692860106895071","0.8633546747959425","0.874242570051489"
"625","1250","1250","1250","0.873513374160477","0.8702391979101672","0.8769620051060678"
"626","1252","1252","1252","0.8711977062371787","0.8675853568022229","0.8760745227684303"
"627","1254","1254","1254","0.8711398688815841","0.867839628434038","0.8735493596385331"
"628","1256","1256","1256","0.8729011689373474","0.868960634285727","0.8758567997612493"
"629","1258","1258","1258","0.8715201042380176","0.8667483090620313","0.875126082351109"
"630","1260","1260","1260","0.8737044715236166","0.8686260217744146","0.8763184073768714"
"631","1262","1262","1262","0.87467134144784","0.8694865449362812","0.8767917984225568"
"632","1264","1264","1264","0.8765416134641166","0.8722454064762679","0.880075665931901"
"633","1266","1266","1266","0.8742395931416145","0.8704779262729333","0.8773967880907872"
"634","1268","1268","1268","0.872875624138542","0.8667640021185039","0.8776172115081244"
"635","1270","1270","1270","0.8735533941734385","0.8697814668705003","0.8776570343186959"
"636","1272","1272","1272","0.8756979728752556","0.8700684181295665","0.8800125755489318"
"637","1274","1274","1274","0.8730025445390452","0.8701848709628123","0.8770642458427698"
"638","1276","1276","1276","0.8753809067997693","0.8689582644155452","0.8814656159194179"
"639","1278","1278","1278","0.8739532572249132","0.8696257075387811","0.8772384447809489"
"640","1280","1280","1280","0.8747246799468206","0.8658877254216418","0.8813325907087083"
"641","1282","1282","1282","0.874407753041543","0.8681833479754922","0.8778793872812175"
"642","1284","1284","1284","0.8741079907613611","0.8649327073943641","0.8787514245904546"
"643","1286","1286","1286","0.8731394241199621","0.8696775675673889","0.8765551361167553"
"644","1288","1288","1288","0.8730232661528079","0.8692498879426692","0.8753501591904983"
"645","1290","1290","1290","0.8729525244784785","0.8629430368728981","0.8800955224224333"
"646","1292","1292","1292","0.8727835231922029","0.8677379939572005","0.8777300191160512"
"647","1294","1294","1294","0.8731478574361968","0.8687923646200818","0.8754739098748514"
"648","1296","1296","1296","0.8726051526786659","0.8673308964489601","0.8763784330435668"
"649","1298","1298","1298","0.8722702264157011","0.8682109133619789","0.875421512807261"
"650","1300","1300","1300","0.8697352929020381","0.8629144607708429","0.875985980858071"
"651","1302","1302","1302","0.8707313053286363","0.8671907743433602","0.8749889376299871"
"652","1304","1304","1304","0.8707558439525027","0.8656328138006432","0.8746952761279834"
"653","1306","1306","1306","0.8714279980387089","0.864866983883432","0.8745991774204056"
"654","1308","1308","1308","0.8716478164017134","0.8682137277683584","0.8777391626983946"
"655","1310","1310","1310","0.8734751028533078","0.8679857513483275","0.8778297682069898"
"656","1312","1312","1312","0.8719173619479225","0.8665828023847142","0.8773588348016957"
"657","1314","1314","1314","0.8736081387071024","0.8700232233093458","0.8765433995809998"
"658","1316","1316","1316","0.8709843834803168","0.8622344299337594","0.8782934270810213"
"659","1318","1318","1318","0.8681297732919099","0.860685272296584","0.8746638495830732"
"660","1320","1320","1320","0.8721241650793188","0.8668904235768233","0.8770214673137156"
"661","1322","1322","1322","0.871149184500988","0.8575164963271229","0.877595556111958"
"662","1324","1324","1324","0.8724413730915952","0.8645658191728286","0.8793496969742757"
"663","1326","1326","1326","0.8692888247466591","0.8625660761209969","0.8727725260728723"
"664","1328","1328","1328","0.8725428779323311","0.8662448910325155","0.8757186855560114"
"665","1330","1330","1330","0.869918940633943","0.8654720950490917","0.8763270997768061"
"666","1332","1332","1332","0.8701322356460917","0.8644784824235443","0.8762747367032446"
"667","1334","1334","1334","0.8675823229381592","0.8617548244728346","0.8760117809679087"
"668","1336","1336","1336","0.8711038062206133","0.868287846018368","0.8741215195850929"
"669","1338","1338","1338","0.8719998789946697","0.8670623953435025","0.8749394956706638"
"670","1340","1340","1340","0.8690671939115469","0.862286928858337","0.8766342660886445"
"671","1342","1342","1342","0.8692922747009625","0.8584389130820858","0.8799702774581254"
"672","1344","1344","1344","0.8696960324423018","0.8615421090576076","0.8769272863509291"
"673","1346","1346","1346","0.8702626081456941","0.8669484590272301","0.8748655828560146"
"674","1348","1348","1348","0.8689463265172529","0.8677894291379649","0.8703063074159797"
"675","1350","1350","1350","0.8677057541915655","0.8618093235380915","0.8714271108388341"
"676","1352","1352","1352","0.8716087335711414","0.8676466508484887","0.8745946432892162"
"677","1354","1354","1354","0.8709626415196791","0.865434073671394","0.8794832673750875"
"678","1356","1356","1356","0.8721519229628217","0.8669793459840229","0.8746801934835783"
"679","1358","1358","1358","0.8703401464314162","0.8654033961645649","0.8783781945650668"
"680","1360","1360","1360","0.8741405499686019","0.8699588318865935","0.8794956530301952"
"681","1362","1362","1362","0.8728025117016809","0.8688193546357077","0.8764442537985715"
"682","1364","1364","1364","0.8711863231563509","0.8657291881545808","0.8784173746748285"
"683","1366","1366","1366","0.8714141357446603","0.866922930735062","0.8735775268372928"
"684","1368","1368","1368","0.8714132656838043","0.8675017653769928","0.878793416439199"
"685","1370","1370","1370","0.8728810703781292","0.8666253685234039","0.8781214946656514"
"686","1372","1372","1372","0.8721354625288612","0.8669564028979952","0.8765601856198316"
"687","1374","1374","1374","0.8712650779841088","0.86619383487572","0.8773516155351089"
"688","1376","1376","1376","0.8687538763061904","0.8648135019134369","0.8765591481255514"
"689","1378","1378","1378","0.8690715425732376","0.8624239304494629","0.8734869323021748"
"690","1380","1380","1380","0.871271300392997","0.8652912541826344","0.8759481430621832"
"691","1382","1382","1382","0.8715301202997262","0.868235657559579","0.8735612965085012"
"692","1384","1384","1384","0.8715886495787626","0.8652771689244879","0.8780895495604966"
"693","1386","1386","1386","0.8707422192861365","0.8669098276470286","0.8767827149219519"
"694","1388","1388","1388","0.8715696881845695","0.8624006815520016","0.8793608681110804"
"695","1390","1390","1390","0.8733851916975996","0.8652258725887909","0.8798521118257426"
"696","1392","1392","1392","0.8723654543581638","0.870360677698792","0.8745552748864511"
"697","1394","1394","1394","0.8724404992332658","0.8690745741661585","0.8759086937898498"
"698","1396","1396","1396","0.8713748501750873","0.8692997539212021","0.8747517784491519"
"699","1398","1398","1398","0.8705998483713084","0.869222278006367","0.8731541574811356"
"700","1400","1400","1400","0.8684893734863746","0.8627875919983933","0.8749385639290754"
"701","1402","1402","1402","0.8692892055050147","0.8624211005037291","0.8746438105524746"
"702","1404","1404","1404","0.8711546305083651","0.8658408931803891","0.874367456612636"
"703","1406","1406","1406","0.8734203766180817","0.8695721909967716","0.8793105952856456"
"704","1408","1408","1408","0.8703493857764737","0.8635393893502908","0.8806160312261637"
"705","1410","1410","1410","0.868530243913862","0.8607856113613136","0.8787394190302095"
"706","1412","1412","1412","0.8684128741979528","0.8619143676123318","0.8738661316589401"
"707","1414","1414","1414","0.8704890023024092","0.863110923988099","0.881136012613105"
"708","1416","1416","1416","0.8690302741030275","0.8643682989404012","0.8748602263408254"
"709","1418","1418","1418","0.8730267567574691","0.8683687773749115","0.8770513795235417"
"710","1420","1420","1420","0.8679342854796213","0.8595587224678718","0.871133060422903"
"711","1422","1422","1422","0.8722299546640484","0.8687679522208883","0.8764700669506686"
"712","1424","1424","1424","0.8705468489296019","0.8657927989183538","0.8776504519710123"
"713","1426","1426","1426","0.8711598597031067","0.8656801031457828","0.8800718741749122"
"714","1428","1428","1428","0.8733959475037782","0.8700283720839949","0.8794831429517534"
"715","1430","1430","1430","0.8708662161797639","0.8683480016491112","0.874180024135099"
"716","1432","1432","1432","0.8705319100405127","0.8618234738129721","0.8786032725020109"
"717","1434","1434","1434","0.8703634544402753","0.8658194670433778","0.8754229382566149"
"718","1436","1436","1436","0.8688903824084665","0.8610130033036194","0.8749512103635149"
"719","1438","1438","1438","0.868582880509287","0.8597533394614973","0.8734491332040452"
"720","1440","1440","1440","0.8724151813341298","0.8696797214740657","0.8757770294756381"
"721","1442","1442","1442","0.8699847225687597","0.8670289287474592","0.8734131014411288"
"722","1444","1444","1444","0.8692757527077062","0.8652650786791997","0.8777122317396663"
"723","1446","1446","1446","0.8715451350953132","0.8670434439427188","0.880746726612913"
"724","1448","1448","1448","0.8693226812647055","0.8648251878149723","0.8752304466139342"
"725","1450","1450","1450","0.8708763701281239","0.8677891279330137","0.8784127059604209"
"726","1452","1452","1452","0.8718876576562782","0.8659409232236509","0.8795024472626538"
"727","1454","1454","1454","0.870414487860131","0.8663163085504381","0.873027260743914"
"728","1456","1456","1456","0.8736424094820837","0.8697344086923959","0.8768361259652053"
"729","1458","1458","1458","0.8743489261237414","0.8728612275929815","0.8767386309630888"
"730","1460","1460","1460","0.8741051863999159","0.8695778725628994","0.8805831847865666"
"731","1462","1462","1462","0.87397247890522","0.8663337750083449","0.879641248931193"
"732","1464","1464","1464","0.8741425959740209","0.8696848680086753","0.8803386108153403"
"733","1466","1466","1466","0.8746178475128037","0.8698992638091783","0.8799011615829089"
"734","1468","1468","1468","0.872232178947101","0.8691169643124075","0.8750835986245329"
"735","1470","1470","1470","0.8711921112278992","0.8665867041663076","0.8781932554972185"
"736","1472","1472","1472","0.8684400733501467","0.8639614552003076","0.874973926357749"
"737","1474","1474","1474","0.8719418075037136","0.8644187492915498","0.8784855944353422"
"738","1476","1476","1476","0.8705123892102673","0.8639700279685505","0.8766089147525251"
"739","1478","1478","1478","0.8687536351092543","0.8633300390487427","0.8736808053670154"
"740","1480","1480","1480","0.8725487153891673","0.867910426152093","0.8784615232746875"
"741","1482","1482","1482","0.8704226046582411","0.8618221382844402","0.8768688112612689"
"742","1484","1484","1484","0.871191676410643","0.8663081669292454","0.8814194000098007"
"743","1486","1486","1486","0.8675471997681431","0.8637294045525884","0.8718626788610515"
"744","1488","1488","1488","0.8711407165986813","0.865776536751947","0.8777984526283081"
"745","1490","1490","1490","0.8703390778930673","0.8606263424669437","0.8752577250572067"
"746","1492","1492","1492","0.871471003157043","0.8676957648273512","0.8747883459099832"
"747","1494","1494","1494","0.8715150166169329","0.8614016666816122","0.8769202545533156"
"748","1496","1496","1496","0.8714724686340144","0.8623396002685957","0.8758266090878609"
"749","1498","1498","1498","0.870235063516343","0.8612827046198566","0.8775551914324174"
"750","1500","1500","1500","0.8704627469034403","0.8631837893103245","0.8763942624676108"
"751","1502","1502","1502","0.8691298754840396","0.8626517912254084","0.8765596388834137"
"752","1504","1504","1504","0.86933846168306","0.8611980020822307","0.8744584311323915"
"753","1506","1506","1506","0.8695123884236932","0.8644454917556063","0.874259182065946"
"754","1508","1508","1508","0.8675415424672626","0.8605762738683067","0.8763985357419515"
"755","1510","1510","1510","0.8681184114817168","0.8622929769562293","0.8767596768464793"
"756","1512","1512","1512","0.8696020314229701","0.8579776334254057","0.8803971979993914"
"757","1514","1514","1514","0.8678560876227017","0.8583521642843233","0.8734881898111673"
"758","1516","1516","1516","0.8674741399416483","0.8553822379592364","0.8802457424036034"
"759","1518","1518","1518","0.8686566806387381","0.8610655443398899","0.8803906399282788"
"760","1520","1520","1520","0.8692975640940395","0.8626260151235404","0.8811472242849487"
"761","1522","1522","1522","0.8693164213144753","0.8614783467482094","0.8788541949013501"
"762","1524","1524","1524","0.8704960428409768","0.8634762501856464","0.8802845302010505"
"763","1526","1526","1526","0.8695431239025065","0.8629423418895724","0.8785446732421544"
"764","1528","1528","1528","0.8707093349830396","0.8666091147164415","0.8764988108206241"
"765","1530","1530","1530","0.8713523295362708","0.8665830348532397","0.8779633152042746"
"766","1532","1532","1532","0.8715133593038218","0.8663260458307617","0.8748418327048593"
"767","1534","1534","1534","0.8707845280813664","0.8659208842605362","0.8747422122343468"
"768","1536","1536","1536","0.8694288637933163","0.8638580640721933","0.8758919052199691"
"769","1538","1538","1538","0.8697446844128297","0.8621959497635446","0.8771357376254236"
"770","1540","1540","1540","0.8694318717736038","0.8642513262060433","0.8761090334678852"
"771","1542","1542","1542","0.8692079287957686","0.8636061156742361","0.877073657076565"
"772","1544","1544","1544","0.8696146977569642","0.8640386425014827","0.876336984935448"
"773","1546","1546","1546","0.8700995258878053","0.8655482476777305","0.8776334102180033"
"774","1548","1548","1548","0.8710406506587974","0.8650830658819332","0.8782258169368731"
"775","1550","1550","1550","0.8700965928890552","0.863514015080593","0.8763141176760216"
"776","1552","1552","1552","0.8713008915838509","0.8659649913051874","0.8756897131709571"
"777","1554","1554","1554","0.8702452503448702","0.8631680883650887","0.875232630072772"
"778","1556","1556","1556","0.8701745652587067","0.8646207090063404","0.8764456618616229"
"779","1558","1558","1558","0.8719706262897556","0.8639708834475486","0.8789099971425545"
"780","1560","1560","1560","0.8704437241857258","0.8634394617943058","0.879275340679026"
"781","1562","1562","1562","0.8720303265742544","0.8658077901661009","0.8752276876107177"
"782","1564","1564","1564","0.8736500962986691","0.8677805152116457","0.877111704904093"
"783","1566","1566","1566","0.8708431273583258","0.865402092890262","0.8757721727465622"
"784","1568","1568","1568","0.8716490792884825","0.8656599333484053","0.8748107639469924"
"785","1570","1570","1570","0.8694756328981816","0.862619697094578","0.8730045373171731"
"786","1572","1572","1572","0.8748881812116739","0.8634771942546984","0.8805988200439685"
"787","1574","1574","1574","0.8680721966164178","0.8547190876171002","0.875549537930135"
"788","1576","1576","1576","0.8685571702625824","0.8634275001930481","0.8721685648106693"
"789","1578","1578","1578","0.8690930517164033","0.8615213322566779","0.8730298141884668"
"790","1580","1580","1580","0.8704655848143377","0.8648893642566852","0.8746669705631835"
"791","1582","1582","1582","0.8708549684361868","0.8591133968233337","0.8789204774248877"
"792","1584","1584","1584","0.8713045263735462","0.8668599893550931","0.874861014553242"
"793","1586","1586","1586","0.8701958998157847","0.867374340585335","0.8725054356216482"
"794","1588","1588","1588","0.8695523067657547","0.8608361209725768","0.873936800022871"
"795","1590","1590","1590","0.8720812380345219","0.8677717914877277","0.8752633706583726"
"796","1592","1592","1592","0.8700951010358111","0.8637856850072962","0.8734892994192555"
"797","1594","1594","1594","0.8685884626447882","0.8607242807389232","0.8739620889892764"
"798","1596","1596","1596","0.8690683588809754","0.8643775263047456","0.8721047265128032"
"799","1598","1598","1598","0.8695913196846643","0.8662864520664965","0.872346136479695"
"800","1600","1600","1600","0.8696055506771385","0.866311205684338","0.8722183093391606"
"801","1602","1602","1602","0.8717662168194016","0.8683362095674559","0.8771192760749996"
"802","1604","1604","1604","0.872739122594852","0.8695241563988819","0.8743533735994629"
"803","1606","1606","1606","0.8691347174768236","0.8629976882708417","0.8764322516322774"
"804","1608","1608","1608","0.8692173727194884","0.8643835476018283","0.877609434922388"
"805","1610","1610","1610","0.8673660925857349","0.8640039544081923","0.8710565308956378"
"806","1612","1612","1612","0.8684357133543392","0.8642227932481851","0.8725641790018676"
"807","1614","1614","1614","0.8671754592858377","0.8573066559065593","0.8713439831216431"
"808","1616","1616","1616","0.8676585046840597","0.8614520412048953","0.8719364754866861"
"809","1618","1618","1618","0.8670926076582817","0.8643546082233022","0.87276270307598"
"810","1620","1620","1620","0.8687753156138438","0.8642124092218328","0.8735934071587126"
"811","1622","1622","1622","0.868392964304415","0.8619838774344154","0.8754556411229433"
"812","1624","1624","1624","0.8708482430714447","0.8649628449304537","0.8777282568599507"
"813","1626","1626","1626","0.8710859441851284","0.865871589493574","0.8768645876641448"
"814","1628","1628","1628","0.8657771809038787","0.8571880502036173","0.8733268022450299"
"815","1630","1630","1630","0.8663667212125954","0.8597807548254377","0.8744208845905211"
"816","1632","1632","1632","0.8680851430895947","0.8622893190072884","0.8764034790371936"
"817","1634","1634","1634","0.8667113187935482","0.8612437043393351","0.8744733636384655"
"818","1636","1636","1636","0.869604384805022","0.8619721466778273","0.8756021620743842"
"819","1638","1638","1638","0.8682605324515988","0.8615977270378085","0.876687307793519"
"820","1640","1640","1640","0.8730430442050165","0.8696609994349112","0.8760937606011241"
"821","1642","1642","1642","0.8734692722935316","0.8690047701918556","0.8794770228340553"
"822","1644","1644","1644","0.8716016166683946","0.868332959881536","0.8746521720063234"
"823","1646","1646","1646","0.8693619015306119","0.8654568893242849","0.8725829909148289"
"824","1648","1648","1648","0.8704785479401306","0.8641511131008417","0.8740978106813886"
"825","1650","1650","1650","0.8733146187594942","0.8692602398718016","0.8787128511355589"
"826","1652","1652","1652","0.8703028769535394","0.8663385693605055","0.8747891879787159"
"827","1654","1654","1654","0.8675267463125447","0.8608730209977004","0.8713246352339971"
"828","1656","1656","1656","0.8692016801561575","0.8638356281101305","0.8743927430192164"
"829","1658","1658","1658","0.8721856139201692","0.86817422833987","0.8799303649861415"
"830","1660","1660","1660","0.870293175185313","0.8661022458556223","0.8759481220742857"
"831","1662","1662","1662","0.8691024185852694","0.8631506505302137","0.8772197611364675"
"832","1664","1664","1664","0.8690533326371732","0.8604458217734497","0.876526060217567"
"833","1666","1666","1666","0.8709066375302813","0.8657775386045466","0.8777971740795447"
"834","1668","1668","1668","0.87046295098264","0.865077158492262","0.875466872891483"
"835","1670","1670","1670","0.8712830040834281","0.8668020897890313","0.8768162111290384"
"836","1672","1672","1672","0.868231472032107","0.8617056802995383","0.8765302331705747"
"837","1674","1674","1674","0.8665112814923723","0.8603529460206656","0.8738488378497707"
"838","1676","1676","1676","0.8688695751335178","0.8563115802750324","0.8759035063981158"
"839","1678","1678","1678","0.8695079202139873","0.8607623951533229","0.876768985302933"
"840","1680","1680","1680","0.8717605816255137","0.8674329260853182","0.875433231027808"
"841","1682","1682","1682","0.8690215622930092","0.8597222878470273","0.8766838541439304"
"842","1684","1684","1684","0.8698376740629448","0.8574472730613126","0.8746918972018877"
"843","1686","1686","1686","0.8690425924639102","0.8619528650913646","0.8774705850982577"
"844","1688","1688","1688","0.8701387905794373","0.8662655319648648","0.8745069063441634"
"845","1690","1690","1690","0.8714587323178744","0.8690748710112837","0.8759949250895009"
"846","1692","1692","1692","0.8689369135502132","0.8642317752255148","0.8725056944578075"
"847","1694","1694","1694","0.8705509839587477","0.8681322716587614","0.877781212620668"
"848","1696","1696","1696","0.8713297347988462","0.8682553188314666","0.8759025630441295"
"849","1698","1698","1698","0.8725927888533797","0.8666606523751658","0.8813985898632682"
"850","1700","1700","1700","0.8720436602911464","0.8670664819660551","0.8813290875065668"
"851","1702","1702","1702","0.8722086038097503","0.8685303683545875","0.8761398749914948"
"852","1704","1704","1704","0.8710411537658589","0.8659811905438405","0.8740903992395697"
"853","1706","1706","1706","0.870989520115985","0.868237161398757","0.8746130088023315"
"854","1708","1708","1708","0.8725885699636059","0.8714045782143146","0.8744090785534476"
"855","1710","1710","1710","0.8699159624459231","0.8671505238093596","0.8752188435475657"
"856","1712","1712","1712","0.8711828260718656","0.8680869149935407","0.8749924365331703"
"857","1714","1714","1714","0.867599412299459","0.8620366162619072","0.8737125070977433"
"858","1716","1716","1716","0.8711080745401636","0.8657244449905401","0.8749494343425563"
"859","1718","1718","1718","0.8699556762686935","0.8674915985997944","0.8720677507362604"
"860","1720","1720","1720","0.8676984042584841","0.8644745764165083","0.8714224372535997"
"861","1722","1722","1722","0.8691997033990073","0.8659778782907241","0.8768118827679403"
"862","1724","1724","1724","0.8687090409551645","0.863431504351194","0.8710881044917267"
"863","1726","1726","1726","0.8695153798183176","0.8669636886622776","0.8745374924182506"
"864","1728","1728","1728","0.8693259751211496","0.8663637786076334","0.8735915016723722"
"865","1730","1730","1730","0.8696211739664028","0.8669138922438021","0.8725490627893697"
"866","1732","1732","1732","0.8703046061103882","0.86665050044494","0.8728898285825359"
"867","1734","1734","1734","0.8709432652721935","0.8695640732937394","0.8732227986051699"
"868","1736","1736","1736","0.8709810578403175","0.8682521788530237","0.8734608192933336"
"869","1738","1738","1738","0.8709126280087425","0.8669692961440467","0.8746528686049616"
"870","1740","1740","1740","0.8680153325478397","0.8652169461575043","0.8709023180714699"
"871","1742","1742","1742","0.8715358301173834","0.8678200502064157","0.8798812204943903"
"872","1744","1744","1744","0.8725098746717146","0.8669865923619224","0.8801975844974572"
"873","1746","1746","1746","0.8695651792106046","0.8669400753918005","0.8744579907325122"
"874","1748","1748","1748","0.8686808843586015","0.8629093614264853","0.8733070030563148"
"875","1750","1750","1750","0.8700473292318174","0.8652189537033093","0.8747754522886644"
"876","1752","1752","1752","0.869748913241564","0.8642104189663256","0.8747091097504993"
"877","1754","1754","1754","0.8719936824179817","0.8670168069306944","0.8827498885649556"
"878","1756","1756","1756","0.8719917763723564","0.8655905882940184","0.8791052322016618"
"879","1758","1758","1758","0.8691451723366985","0.8638408521635764","0.8746213931836999"
"880","1760","1760","1760","0.8718321692356034","0.8615236518176216","0.8798917245546912"
"881","1762","1762","1762","0.8704186547259285","0.8625119731580079","0.8752505386473409"
"882","1764","1764","1764","0.8731531300062473","0.8645999915794341","0.8776847963019841"
"883","1766","1766","1766","0.8715803210533766","0.8642583474312328","0.8766386429661764"
"884","1768","1768","1768","0.8722775954021758","0.8659647109262476","0.8762948725588768"
"885","1770","1770","1770","0.8735899773795117","0.8641837442368512","0.8825519936462276"
"886","1772","1772","1772","0.8707559065229228","0.8643649237095529","0.8817508234950144"
"887","1774","1774","1774","0.870291929912079","0.8661597697051328","0.8789101362371935"
"888","1776","1776","1776","0.8714293425763462","0.8649220214953995","0.8755153061988321"
"889","1778","1778","1778","0.8696839687183061","0.8661876020363497","0.8769246325920081"
"890","1780","1780","1780","0.8727518995702956","0.8669327006963535","0.8817584996382218"
"891","1782","1782","1782","0.8714982878954031","0.8609695198625356","0.8788542928599157"
"892","1784","1784","1784","0.8729571675626044","0.8624825832593288","0.881284363815371"
"893","1786","1786","1786","0.8714831919434578","0.8615141939525274","0.8803117544373628"
"894","1788","1788","1788","0.8707758024069279","0.8612282647913665","0.8814994990457711"
"895","1790","1790","1790","0.8727089766090742","0.8668719894311028","0.8769275097178555"
"896","1792","1792","1792","0.8736677206197843","0.8695662304690047","0.8784470757844892"
"897","1794","1794","1794","0.8713993714869439","0.8659191034618828","0.8774490349434041"
"898","1796","1796","1796","0.8721865931941066","0.8672601076485683","0.8762229492011248"
"899","1798","1798","1798","0.8730438182801935","0.8680071010705331","0.8798102644865925"
"900","1800","1800","1800","0.8700444781235408","0.8671211905602885","0.8733257284801794"
"901","1802","1802","1802","0.8718885903985149","0.8673246002451211","0.876436958230007"
"902","1804","1804","1804","0.873043796953527","0.86681286127939","0.8822388498166347"
"903","1806","1806","1806","0.871645799388185","0.8632281078898296","0.881265780319369"
"904","1808","1808","1808","0.869456790428182","0.8650281505346707","0.8772827577595024"
"905","1810","1810","1810","0.8696280192891805","0.8625260886172562","0.8750235937073961"
"906","1812","1812","1812","0.8700029634768441","0.8646666375453023","0.8741787032369333"
"907","1814","1814","1814","0.8693636589063966","0.8624163954161959","0.8772322448778068"
"908","1816","1816","1816","0.8696025418958785","0.8614557660535259","0.8785616342983483"
"909","1818","1818","1818","0.8720320219520966","0.8642288275513054","0.879478264279602"
"910","1820","1820","1820","0.8708874238370814","0.8669444185656902","0.8805626624772379"
"911","1822","1822","1822","0.8702219096316612","0.8623859591683732","0.8754869401403105"
"912","1824","1824","1824","0.8691367117491111","0.8647346401220825","0.8745436079288853"
"913","1826","1826","1826","0.8703565791419496","0.868155943483388","0.8740661411737005"
"914","1828","1828","1828","0.8703071895686054","0.8646503962276322","0.8732795652111326"
"915","1830","1830","1830","0.866456529318277","0.8609829793123894","0.8707487152960035"
"916","1832","1832","1832","0.8682782957182905","0.8632511725439376","0.8745187421893638"
"917","1834","1834","1834","0.8693668843428247","0.8650586393794835","0.8762207651701397"
"918","1836","1836","1836","0.8696172172371979","0.8628239639412942","0.8740144986064946"
"919","1838","1838","1838","0.8687033173541414","0.8625635068267923","0.8740907802355735"
"920","1840","1840","1840","0.8687654840440574","0.8652839870253177","0.8705148088162213"
"921","1842","1842","1842","0.869197540145373","0.8682473342045787","0.8696852275523234"
"922","1844","1844","1844","0.8687342119622496","0.8646087053649911","0.8745197844899817"
"923","1846","1846","1846","0.8695796945685668","0.8676136499979353","0.8724823817220426"
"924","1848","1848","1848","0.86961290396162","0.8628828141234958","0.8758033989233258"
"925","1850","1850","1850","0.8674732538994562","0.8620520191708386","0.8732000330705442"
"926","1852","1852","1852","0.8674543094781118","0.8651712044336636","0.8705090813441656"
"927","1854","1854","1854","0.8680641450545693","0.8633787112860998","0.8718836006507206"
"928","1856","1856","1856","0.8692081826971444","0.8645891128535311","0.8756305840761581"
"929","1858","1858","1858","0.8665298060194822","0.8622735646527169","0.8681817183788384"
"930","1860","1860","1860","0.8694554725289747","0.8649696219558176","0.8760982212153539"
"931","1862","1862","1862","0.8692776717331085","0.8636793619857156","0.8723640484236281"
"932","1864","1864","1864","0.8705387903473361","0.861852256106432","0.8780662597517661"
"933","1866","1866","1866","0.8717519290784219","0.8645619530395539","0.8752561997627856"
"934","1868","1868","1868","0.8710275591932028","0.8606348036409941","0.8772410525974821"
"935","1870","1870","1870","0.869448086611115","0.8640777611855112","0.8760161467600324"
"936","1872","1872","1872","0.869564666478241","0.8625050394679962","0.8739889066242704"
"937","1874","1874","1874","0.8697136621335588","0.8664458256809033","0.8728837502551612"
"938","1876","1876","1876","0.868628614009897","0.8639356898997631","0.872373738225299"
"939","1878","1878","1878","0.8683732431241268","0.8663715093758262","0.8720897975138407"
"940","1880","1880","1880","0.86666231376667","0.8613203614614794","0.872017647795343"
"941","1882","1882","1882","0.8699600988539572","0.8665868505166133","0.8729995143546756"
"942","1884","1884","1884","0.8673170227383927","0.8609692224153611","0.8725237211523343"
"943","1886","1886","1886","0.8660483463825598","0.8612549390515732","0.8714896664485597"
"944","1888","1888","1888","0.8684106343750153","0.8633199609609684","0.8765827951677044"
"945","1890","1890","1890","0.8690057106512011","0.8619147068947781","0.8750676346983943"
"946","1892","1892","1892","0.8682103920876209","0.8636126573485847","0.8725969381591773"
"947","1894","1894","1894","0.8699967174291274","0.8655316418252141","0.8751305864681836"
"948","1896","1896","1896","0.869588483436812","0.8651768197137991","0.8757742651821335"
"949","1898","1898","1898","0.8715200617671901","0.8654000825539255","0.880255629222453"
"950","1900","1900","1900","0.8683811488821499","0.8650458208657151","0.8733317796716847"
"951","1902","1902","1902","0.8704557291575815","0.8631855215947944","0.873682832004045"
"952","1904","1904","1904","0.8688282067342094","0.8641947112665632","0.8785863885490433"
"953","1906","1906","1906","0.8720358833155389","0.869739014723085","0.8772300063983371"
"954","1908","1908","1908","0.8717908563012224","0.8659585090861669","0.8810715609518561"
"955","1910","1910","1910","0.8701536813547609","0.8651680401780263","0.8745961530502679"
"956","1912","1912","1912","0.8691174341263995","0.8627967135238647","0.8790644884525254"
"957","1914","1914","1914","0.872745554200478","0.8680167737206012","0.8810904582748532"
"958","1916","1916","1916","0.8701294193396633","0.8650106699610711","0.8774900279924492"
"959","1918","1918","1918","0.8712649896041986","0.8672080122353331","0.880205931372754"
"960","1920","1920","1920","0.871256022287092","0.8673916124037804","0.8730615526849717"
"961","1922","1922","1922","0.8727401439916884","0.8699931027065992","0.8764943048074879"
"962","1924","1924","1924","0.8728139483353974","0.8709599797473198","0.8765051706073623"
"963","1926","1926","1926","0.8721065980575909","0.8701505085641468","0.8739311906243145"
"964","1928","1928","1928","0.8750240624448129","0.8722130550382148","0.877696727939541"
"965","1930","1930","1930","0.8720519138119782","0.8683056841387611","0.8778662573724777"
"966","1932","1932","1932","0.8724944858464088","0.8700331979482805","0.8745186415351457"
"967","1934","1934","1934","0.8679134675017511","0.8634630884892949","0.8730379439576303"
"968","1936","1936","1936","0.8703383027151371","0.8666514813652505","0.8740636052204928"
"969","1938","1938","1938","0.869674054574616","0.8651562934203715","0.8785145685035167"
"970","1940","1940","1940","0.871698932231778","0.8679870389784783","0.8746407186007981"
"971","1942","1942","1942","0.8722028512975966","0.8684632998906295","0.8780551647440057"
"972","1944","1944","1944","0.8713825500006956","0.8629701686640253","0.8788473132067125"
"973","1946","1946","1946","0.8733485020397721","0.8703392218687294","0.8797343149921302"
"974","1948","1948","1948","0.8736443702566487","0.8701977464467316","0.8755672697254839"
"975","1950","1950","1950","0.8738567569876411","0.8720340258858051","0.875781068359258"
"976","1952","1952","1952","0.870985816637145","0.8666817314381796","0.8762069464678979"
"977","1954","1954","1954","0.8700076227672596","0.8655684779772358","0.8791661894319055"
"978","1956","1956","1956","0.8697756691839352","0.8678302483201047","0.8720852440306461"
"979","1958","1958","1958","0.8690568417949338","0.8614773583465681","0.8770142732225509"
"980","1960","1960","1960","0.870432844056495","0.8672306072695604","0.8729505505923917"
"981","1962","1962","1962","0.8725512455957849","0.8670819416952639","0.876573270302838"
"982","1964","1964","1964","0.8704806778185674","0.8647405422943002","0.8758690845670528"
"983","1966","1966","1966","0.871280420277848","0.866554577385049","0.8762518542083624"
"984","1968","1968","1968","0.8722049471651034","0.8672454890554432","0.8760496805584559"
"985","1970","1970","1970","0.8739444663450268","0.866183798643181","0.8787092257948627"
"986","1972","1972","1972","0.8709583095007062","0.8634504226686782","0.8784457934598863"
"987","1974","1974","1974","0.8711039150322604","0.8649605573918783","0.8790231287593315"
"988","1976","1976","1976","0.8744400451419724","0.8711614036247554","0.8797544426771325"
"989","1978","1978","1978","0.872736269911948","0.8620725320389864","0.8829504403289062"
"990","1980","1980","1980","0.8738675881455051","0.8632430456686941","0.8802930970383107"
"991","1982","1982","1982","0.8739032251147462","0.8679474529230002","0.878266337340509"
"992","1984","1984","1984","0.871635825253007","0.8634695343281149","0.878303859899678"
"993","1986","1986","1986","0.8725455775259421","0.865549189705361","0.8811919890114168"
"994","1988","1988","1988","0.8702978171530026","0.860843293726378","0.8792666136702895"
"995","1990","1990","1990","0.8697280316473937","0.8666620621134449","0.8731597675569899"
"996","1992","1992","1992","0.869854689300041","0.8636005535875526","0.8724842582991421"
"997","1994","1994","1994","0.8702133423396534","0.8641755522687391","0.8752832629640381"
"998","1996","1996","1996","0.8693069143411829","0.8635971578163004","0.8754095542250134"
"999","1998","1998","1998","0.8682748315194277","0.8637541497246829","0.8799925773115229"