"epoch","Name: hopfield_full - _step","Name: hopfield_full - _step__MIN","Name: hopfield_full - _step__MAX","Name: hopfield_full - ci_val","Name: hopfield_full - ci_val__MIN","Name: hopfield_full - ci_val__MAX"
"0","0","0","0","0.7032276885632257","0.7002171391452423","0.7079185011516659"
"1","2","2","2","0.728288875764932","0.7242650491159333","0.7355264111663746"
"2","4","4","4","0.7432965596412859","0.7366228172414592","0.7479849348625671"
"3","6","6","6","0.7541668369169738","0.7492647903515471","0.7603486897583855"
"4","8","8","8","0.7559687134978649","0.7536522048916833","0.7583768870664177"
"5","10","10","10","0.7635737733835993","0.7557146625590722","0.7745458935840569"
"6","12","12","12","0.7673942618719833","0.7583634640269956","0.7735769407951764"
"7","14","14","14","0.7737816120748554","0.767083648573632","0.7775055632576975"
"8","16","16","16","0.7746962273101748","0.7703053671852548","0.7790199498450046"
"9","18","18","18","0.781875543588795","0.778493789535407","0.7862190311954547"
"10","20","20","20","0.7833127785617817","0.780657402207899","0.7850218276276008"
"11","22","22","22","0.7870527688456127","0.7820297774135457","0.7907767238873699"
"12","24","24","24","0.7894609024947754","0.7875971735613265","0.7912535086090878"
"13","26","26","26","0.7904335889350885","0.7876769302127511","0.7930288856768664"
"14","28","28","28","0.7935547165660679","0.7926294321806472","0.7949553991964"
"15","30","30","30","0.7934835370601736","0.7914238514527123","0.7963180716272498"
"16","32","32","32","0.7976777530270229","0.7954882686423065","0.8026746388695143"
"17","34","34","34","0.8007139367526633","0.7993988776721903","0.8040638224758799"
"18","36","36","36","0.800651006250272","0.7979068054923569","0.8029549129334966"
"19","38","38","38","0.8040886606725474","0.7983298312337298","0.808338442497141"
"20","40","40","40","0.8057154893556439","0.8009143908323524","0.8083637700586865"
"21","42","42","42","0.8082179951338782","0.8058485471027369","0.8107064012541988"
"22","44","44","44","0.8109233377329123","0.8074860600319025","0.8130418198586755"
"23","46","46","46","0.8103753668326924","0.8077867174330932","0.8130117909269862"
"24","48","48","48","0.8135995891526491","0.8114881899640922","0.8162617925132853"
"25","50","50","50","0.8147930045285454","0.811633165727912","0.8183738023048592"
"26","52","52","52","0.8169678589854685","0.8139833046822731","0.8188977919038556"
"27","54","54","54","0.8173916719805652","0.8112171323180166","0.8259731195744666"
"28","56","56","56","0.8199054911921652","0.817209527263595","0.8232790812975791"
"29","58","58","58","0.8201539494340976","0.8175796410376849","0.8228952241801867"
"30","60","60","60","0.8222476637610342","0.8203964850206075","0.8245941331159037"
"31","62","62","62","0.8225282295374218","0.8209228517195638","0.8257428071066132"
"32","64","64","64","0.8248469816981763","0.8213006928536425","0.8267663902295648"
"33","66","66","66","0.8272515271827539","0.8223318430262331","0.8346349818735566"
"34","68","68","68","0.8278107066555072","0.8241267177826195","0.8315636770966703"
"35","70","70","70","0.8291567340725285","0.8244795245550954","0.8354703658667966"
"36","72","72","72","0.8294191794065956","0.8257513597412613","0.835116220767696"
"37","74","74","74","0.8295802835730495","0.8242216052784035","0.8377114609643468"
"38","76","76","76","0.8316386791419278","0.8281881444916328","0.8361533017951157"
"39","78","78","78","0.833618137579259","0.8307655169841158","0.8380555916388571"
"40","80","80","80","0.8342821629665087","0.8309288051047675","0.8378409898356928"
"41","82","82","82","0.8363508699355517","0.8314548801159044","0.8412346238752367"
"42","84","84","84","0.8366673418428799","0.8276205826863143","0.8410673602295826"
"43","86","86","86","0.838143138314112","0.8351487047366324","0.8431939620841086"
"44","88","88","88","0.8395207102441518","0.8367638054333275","0.8417408359484365"
"45","90","90","90","0.8399665903118507","0.8385017123311039","0.842104415646981"
"46","92","92","92","0.8419259603164267","0.837447578507707","0.8455594476649682"
"47","94","94","94","0.8431683968527312","0.8389498675838953","0.8468900812713467"
"48","96","96","96","0.8453283389785688","0.8414249136615001","0.8484920442093303"
"49","98","98","98","0.8455986795256367","0.8436574434826103","0.8490341240605682"
"50","100","100","100","0.8461968991260541","0.8444425858999494","0.8475228713369903"
"51","102","102","102","0.8455097957684952","0.8428675243633517","0.8478282472497315"
"52","104","104","104","0.8467462461939744","0.8454483467658608","0.8490955648642725"
"53","106","106","106","0.8478037499491107","0.8425250552222281","0.8513324203374519"
"54","108","108","108","0.8490414356397611","0.8462565323933496","0.8506286598070749"
"55","110","110","110","0.8497666753076809","0.8471894473345901","0.851928552464409"
"56","112","112","112","0.8503249783455479","0.8481256877765715","0.8517909974973319"
"57","114","114","114","0.851805864546473","0.84902287581409","0.8549606102623507"
"58","116","116","116","0.8529014872928986","0.848644828985229","0.8553494976749799"
"59","118","118","118","0.8533801633853383","0.8518789713599273","0.8562407676074935"
"60","120","120","120","0.852465194132811","0.8501246578583864","0.8562806533586665"
"61","122","122","122","0.8525225679722122","0.848369879010021","0.8548944163171808"
"62","124","124","124","0.8546704726858316","0.8525895213351775","0.8578317226636405"
"63","126","126","126","0.853639504204154","0.851140588715806","0.8581828182031763"
"64","128","128","128","0.8547603053079866","0.8524782547998446","0.8581306133484375"
"65","130","130","130","0.8555768312284672","0.853361401726227","0.8591804347344951"
"66","132","132","132","0.8572877744176395","0.8536834441348128","0.8599971608111582"
"67","134","134","134","0.8571138264791307","0.8530850506550581","0.8604322545464895"
"68","136","136","136","0.8579051186233879","0.8531195959659285","0.8600253390363984"
"69","138","138","138","0.8568234538842081","0.8554330634380155","0.8587734305663575"
"70","140","140","140","0.8574815585426954","0.8540769380241439","0.8608797731592753"
"71","142","142","142","0.8576213510387326","0.8530089661990821","0.8617738232591254"
"72","144","144","144","0.8590957622479944","0.8551666566858512","0.8618631137203114"
"73","146","146","146","0.8586580647101989","0.8554498843073818","0.8613493857838476"
"74","148","148","148","0.8607033788265461","0.859235667781461","0.8614968429458152"
"75","150","150","150","0.8605884317923366","0.8600696587955929","0.8610699490175018"
"76","152","152","152","0.8602718298106478","0.8549637093042068","0.8638109179965539"
"77","154","154","154","0.8599390015044776","0.8532144756937593","0.8639295774494545"
"78","156","156","156","0.860331038126399","0.8531131569908217","0.8638789111299651"
"79","158","158","158","0.8604624458326899","0.8591716966475246","0.8615439354759796"
"80","160","160","160","0.8588416610695357","0.8556154358379524","0.8621494495510411"
"81","162","162","162","0.8615255215998221","0.8572289345107519","0.8631605553726276"
"82","164","164","164","0.8612558746260058","0.8561314236004597","0.864944380712984"
"83","166","166","166","0.8624116398275401","0.8589784943317482","0.864150465501336"
"84","168","168","168","0.8603873446034289","0.8566045903115965","0.8625192933646588"
"85","170","170","170","0.8619407204325678","0.8581354869180364","0.8649508146467667"
"86","172","172","172","0.8622365963356533","0.8606743668657156","0.8633733846671657"
"87","174","174","174","0.8624101696065477","0.8606471481213362","0.8647909551981653"
"88","176","176","176","0.8626081608912386","0.8556597945639219","0.865686228285567"
"89","178","178","178","0.8619731967672137","0.8605163331091412","0.8631217573505413"
"90","180","180","180","0.8625488433517953","0.859896662881741","0.8638432534472882"
"91","182","182","182","0.8629809676096218","0.8614852952579076","0.8644968497833628"
"92","184","184","184","0.8612525451802273","0.8540539305851244","0.8662170318634422"
"93","186","186","186","0.8631414109086991","0.860461507672905","0.8647385799826619"
"94","188","188","188","0.8623880044698933","0.8597886027839591","0.8638621853540391"
"95","190","190","190","0.8622547042496083","0.8595221829508589","0.8643585162798677"
"96","192","192","192","0.8634067425490954","0.8613360023556015","0.8656495952354355"
"97","194","194","194","0.864004804224303","0.8609740112415798","0.8658081368263093"
"98","196","196","196","0.8632833230420065","0.8613412953906531","0.8647935182618859"
"99","198","198","198","0.8637424678189586","0.8582890445097325","0.8662226584385975"
"100","200","200","200","0.862600002628246","0.8599624409203838","0.8656596571939604"
"101","202","202","202","0.8609221689941625","0.8559916400431778","0.8634081746092397"
"102","204","204","204","0.8626566008830066","0.8597554180593184","0.8649545286238034"
"103","206","206","206","0.8627494946197712","0.8603746660741629","0.8647422327600607"
"104","208","208","208","0.8599845733399054","0.855503328495102","0.8655237719141439"
"105","210","210","210","0.8626081818486151","0.8591213528822652","0.8665416742924021"
"106","212","212","212","0.8628401113192068","0.8601882490092976","0.8648440883058994"
"107","214","214","214","0.8646144926210214","0.8603637016802314","0.8673945126521333"
"108","216","216","216","0.8635991746655787","0.859317343598292","0.8671391282846601"
"109","218","218","218","0.8649330209058391","0.8602409936558867","0.8685285739223257"
"110","220","220","220","0.8663147211412301","0.8626444240942684","0.8678740449055529"
"111","222","222","222","0.8650340846925492","0.8609356683504118","0.8671355295107394"
"112","224","224","224","0.8645548457407749","0.862541293158958","0.8665453344009577"
"113","226","226","226","0.8652431832920249","0.8618604199363391","0.8680079196685925"
"114","228","228","228","0.8665478424674442","0.8630980570255284","0.868380076222614"
"115","230","230","230","0.866332274043355","0.8628961510207934","0.8693848839622019"
"116","232","232","232","0.8668373750002811","0.8617333074668557","0.8691102090038337"
"117","234","234","234","0.8650586334566862","0.8633894144236821","0.8684278141503762"
"118","236","236","236","0.8668112701715789","0.8619856272468642","0.8705304254215176"
"119","238","238","238","0.8632864774307227","0.8588320589231112","0.8687327209105795"
"120","240","240","240","0.8643029250512736","0.8613361608559335","0.8672390402398952"
"121","242","242","242","0.8648398245767179","0.8621814734585151","0.8686994673790729"
"122","244","244","244","0.8675418931575404","0.8642656393082142","0.8692387244927479"
"123","246","246","246","0.8656325780054569","0.8604402723810736","0.8685798259330907"
"124","248","248","248","0.86506585557129","0.8611708188467057","0.8683778239525116"
"125","250","250","250","0.8658306156292532","0.8597949620636428","0.8702897312798723"
"126","252","252","252","0.8673299223536712","0.8654423775257911","0.8687825330221429"
"127","254","254","254","0.8668096404311736","0.8642153243124596","0.869125969771306"
"128","256","256","256","0.8691971075697701","0.8670287709028586","0.8744777068266298"
"129","258","258","258","0.8674415840944795","0.8647518041178253","0.871295784022765"
"130","260","260","260","0.8667960935282855","0.8641927161802972","0.8685387434388411"
"131","262","262","262","0.8673018548669725","0.8653974258594598","0.8687249458204076"
"132","264","264","264","0.8679814584091211","0.8647161189384285","0.8698939047369758"
"133","266","266","266","0.8677611062330038","0.8669133110208556","0.8696314579405443"
"134","268","268","268","0.8665074548730448","0.8618580176081061","0.869378491689996"
"135","270","270","270","0.869343192813346","0.8689106565731917","0.869794166612646"
"136","272","272","272","0.867976353374926","0.8656189658615284","0.869358240556497"
"137","274","274","274","0.8675474164500583","0.8605080023668787","0.8700519867979387"
"138","276","276","276","0.8680702498093386","0.8662296556476642","0.8695263959191529"
"139","278","278","278","0.8689782069722647","0.8680457671748115","0.8702002593630473"
"140","280","280","280","0.8692387619616998","0.8656548630790686","0.8705743531715913"
"141","282","282","282","0.8682837312150393","0.8676072060237642","0.8691611735243399"
"142","284","284","284","0.8673509308789171","0.8651220337517879","0.8707300395041654"
"143","286","286","286","0.8686562857032639","0.8661159310524302","0.8710111565188978"
"144","288","288","288","0.8672973958620936","0.8647037604616478","0.8700732907452333"
"145","290","290","290","0.8692951948206563","0.8652350792674184","0.87304801041475"
"146","292","292","292","0.8678935190145165","0.8637513225270291","0.8730391056162455"
"147","294","294","294","0.8694252822960633","0.8664333637463418","0.8729609576249281"
"148","296","296","296","0.8695895235869854","0.8660685138439287","0.8734816511048008"
"149","298","298","298","0.8695914745545028","0.8671988378257786","0.8728645541885709"
"150","300","300","300","0.8680912962729718","0.8631400458947388","0.8745158909279234"
"151","302","302","302","0.869372952740272","0.8659576694895753","0.8731304800968442"
"152","304","304","304","0.8690269411038175","0.8667927704809085","0.8725390169712111"
"153","306","306","306","0.8692222973605827","0.8677161428535669","0.8713290299476197"
"154","308","308","308","0.8705791167496806","0.8684725663677925","0.8738690909381676"
"155","310","310","310","0.8693502290983111","0.8665933936280055","0.8732158684018851"
"156","312","312","312","0.8684274145572111","0.8652710031192155","0.8710783513194186"
"157","314","314","314","0.8697209143360697","0.8681418752885678","0.8707575874447656"
"158","316","316","316","0.8689042868387157","0.8665416919120336","0.8728942906772391"
"159","318","318","318","0.8683177923933485","0.861943176224015","0.8780918181859189"
"160","320","320","320","0.8669595615925718","0.860124977781448","0.8721188814293641"
"161","322","322","322","0.8687808424700393","0.8644405977909718","0.8717185886998279"
"162","324","324","324","0.8709157157540117","0.8683109488690101","0.8733484067658632"
"163","326","326","326","0.8699434044552128","0.8672310722804477","0.873129506565346"
"164","328","328","328","0.8696409489374928","0.8660038251191317","0.873252091383792"
"165","330","330","330","0.8694727286536432","0.8675249148323783","0.8719445989801411"
"166","332","332","332","0.8702976187683855","0.8682283765441543","0.8719033088908725"
"167","334","334","334","0.8703241617298454","0.8660210778484628","0.8732741575683809"
"168","336","336","336","0.8703888297210078","0.8681229743812352","0.8729957347556158"
"169","338","338","338","0.8702300841847613","0.8663444285467289","0.8736807608304629"
"170","340","340","340","0.8701540114486541","0.8644058758585123","0.8742292666084891"
"171","342","342","342","0.8691387765948431","0.8641806595894004","0.872237486384876"
"172","344","344","344","0.8711348648497707","0.868896591802649","0.8725158052718988"
"173","346","346","346","0.869697442312335","0.8662739868416641","0.872549128193988"
"174","348","348","348","0.8692248755077513","0.865134510096115","0.8730173380139726"
"175","350","350","350","0.868918724986985","0.8659204471984968","0.8728173082454804"
"176","352","352","352","0.8695451675114807","0.8624402442475143","0.8725641162894137"
"177","354","354","354","0.8687687597299018","0.8641237777063034","0.8732051718670384"
"178","356","356","356","0.8677700494636011","0.8638783768008331","0.8711552652645849"
"179","358","358","358","0.8704228350510143","0.86810245552782","0.872493753582274"
"180","360","360","360","0.8703360584247385","0.8650440567169002","0.8729456114047869"
"181","362","362","362","0.8705111056787947","0.8683833974592317","0.8725502366035309"
"182","364","364","364","0.8691989621859907","0.8668128917865522","0.8724396681790824"
"183","366","366","366","0.869806655178467","0.8666423539779385","0.8739726417276902"
"184","368","368","368","0.8697245803871448","0.8670151439215701","0.8732446647538429"
"185","370","370","370","0.8703823942842519","0.8669047682418438","0.8734215492687074"
"186","372","372","372","0.8700915111415638","0.8686288885510732","0.8721363774506278"
"187","374","374","374","0.8705928879579463","0.865492573574261","0.8721980914818094"
"188","376","376","376","0.8701783284862923","0.868343686760942","0.8725196419531033"
"189","378","378","378","0.8703661375447931","0.866576752869116","0.8741804126853471"
"190","380","380","380","0.8693465563182027","0.8676705853909592","0.8733893609627534"
"191","382","382","382","0.8703287685615587","0.8667226021445579","0.8730373603473504"
"192","384","384","384","0.869516849960223","0.8661221474563431","0.8747450667413327"
"193","386","386","386","0.8700107075277946","0.8653257111420881","0.8742216484778882"
"194","388","388","388","0.8702664418738364","0.8658540784095015","0.8744044994022885"
"195","390","390","390","0.871896628292151","0.869875497224415","0.8727758138998577"
"196","392","392","392","0.8711509647201655","0.8657663264491277","0.873648869650259"
"197","394","394","394","0.8707725713846134","0.8691070644568605","0.8718879539358662"
"198","396","396","396","0.870403671478666","0.8669291197887478","0.8718253233664947"
"199","398","398","398","0.8709159128203361","0.8685411714978801","0.8727942346570293"
"200","400","400","400","0.8693439620332901","0.8661189267521309","0.8731448058962356"
"201","402","402","402","0.8690811043753209","0.8656138842713982","0.872680362082771"
"202","404","404","404","0.8697685121568817","0.8670322169600325","0.8735325823627207"
"203","406","406","406","0.8703458316835926","0.865533451169319","0.8730314381207356"
"204","408","408","408","0.8712025008869666","0.8686193410943356","0.8731613661214388"
"205","410","410","410","0.87185715509729","0.8694077339880817","0.8757089649259161"
"206","412","412","412","0.8720944770833838","0.8675729598780021","0.8743959554935417"
"207","414","414","414","0.8727604270798379","0.870148513569461","0.8747886176771521"
"208","416","416","416","0.87100622380046","0.8692030305894921","0.8726737396003342"
"209","418","418","418","0.8705353263924819","0.8665359456654107","0.8732844185906862"
"210","420","420","420","0.8678744156200235","0.8636124801769057","0.8711076964924508"
"211","422","422","422","0.8697398300447089","0.8666517057266588","0.8717051908132873"
"212","424","424","424","0.8692262550696421","0.8656896079865226","0.8735879425377193"
"213","426","426","426","0.8690461224539889","0.8667166222487467","0.8724411210296005"
"214","428","428","428","0.8728304665405728","0.8684341686148275","0.8781761916398451"
"215","430","430","430","0.8724272429492238","0.8671237883626226","0.8759591052167863"
"216","432","432","432","0.8721140971884939","0.8702453505021155","0.8761510080727948"
"217","434","434","434","0.8720273226162936","0.8696026898505297","0.8771599572982735"
"218","436","436","436","0.8725022310734094","0.8700229106728362","0.8762077845484761"
"219","438","438","438","0.8717670850260324","0.8680210782024824","0.8750814405596343"
"220","440","440","440","0.8709722337250468","0.8691762148735541","0.8747723488650004"
"221","442","442","442","0.8705388614774779","0.869538312172404","0.8719622548652186"
"222","444","444","444","0.870005885019429","0.8683685439876966","0.8712253415630302"
"223","446","446","446","0.8694711254880406","0.86497556616803","0.8716515080470791"
"224","448","448","448","0.8707211034069615","0.8683740116861013","0.8717658397707778"
"225","450","450","450","0.8695866959547143","0.8636971394238214","0.8733639812571373"
"226","452","452","452","0.8696375104556064","0.8679978538594972","0.8718401017448106"
"227","454","454","454","0.8708779120476237","0.8688467643644915","0.8732355603195433"
"228","456","456","456","0.8714730403367745","0.8675639687337671","0.874749285746127"
"229","458","458","458","0.8725293666347771","0.8694952013202881","0.8782641247031319"
"230","460","460","460","0.8709820672313761","0.8661384860318375","0.8746690730683264"
"231","462","462","462","0.8719714439308619","0.8697491872500934","0.8750351388657872"
"232","464","464","464","0.8703512979385735","0.865215353744899","0.8756939652909361"
"233","466","466","466","0.8716804210716795","0.8673881066929081","0.876615067802848"
"234","468","468","468","0.8705094199078649","0.8663888660288852","0.8766279445508579"
"235","470","470","470","0.8692516928098388","0.866364040389495","0.8727459967029932"
"236","472","472","472","0.8674824611956271","0.8640914563640082","0.8706041366173379"
"237","474","474","474","0.8693441411660421","0.8667852648938156","0.8719872451981302"
"238","476","476","476","0.8710516538944291","0.8693425839192146","0.8728904565119704"
"239","478","478","478","0.8705153099337253","0.8686547227965219","0.8740906406523435"
"240","480","480","480","0.8701518714929442","0.8668705354736698","0.8731203761363061"
"241","482","482","482","0.8718941478975941","0.8695335179820621","0.8742467349149593"
"242","484","484","484","0.8702124659591444","0.8639511340743429","0.8745701577155647"
"243","486","486","486","0.8694369897147209","0.8657769817175676","0.8736636344021999"
"244","488","488","488","0.8721532203134059","0.8687108337305214","0.8772485296269558"
"245","490","490","490","0.8704539075401397","0.8684489955883269","0.872032325882634"
"246","492","492","492","0.8705238159016397","0.8667814611319339","0.8737130613934487"
"247","494","494","494","0.8694835422201663","0.8632748212083914","0.875451236513882"
"248","496","496","496","0.8704867877967036","0.8672360144315386","0.8766363599235972"
"249","498","498","498","0.8708252997753417","0.8673783652249919","0.874444962259248"
"250","500","500","500","0.8711905769752806","0.8686769968928318","0.8731690351780238"
"251","502","502","502","0.8705857240702455","0.8655290553834084","0.8771576356970998"
"252","504","504","504","0.8693561541048063","0.8654109757858324","0.8715719671555454"
"253","506","506","506","0.8719646822474301","0.8677543556024869","0.8746535493483201"
"254","508","508","508","0.8713502661278497","0.866305998275994","0.8751105901418219"
"255","510","510","510","0.8706837839585544","0.8681508618285498","0.8746166162328656"
"256","512","512","512","0.87083689045553","0.8675122942516758","0.8750498382932925"
"257","514","514","514","0.8724967530106926","0.8676399111538193","0.8764941451580529"
"258","516","516","516","0.8719243439727343","0.8681037031814426","0.8768343464699289"
"259","518","518","518","0.8694212073997324","0.8643683067299506","0.873177070398499"
"260","520","520","520","0.86983670086445","0.8656562454688437","0.8748605490220728"
"261","522","522","522","0.869503556543175","0.8667676001069854","0.8731404305446447"
"262","524","524","524","0.8715151710140102","0.8678178190412202","0.879179791319323"
"263","526","526","526","0.8693796872994353","0.8643751545288263","0.874549912139937"
"264","528","528","528","0.8704944405568306","0.8669168302088065","0.8785253446321827"
"265","530","530","530","0.8714375879591719","0.8653220533759571","0.8781875313668573"
"266","532","532","532","0.8690102372882047","0.8654204488473201","0.8720155670005093"
"267","534","534","534","0.8707181674581067","0.8651166398490446","0.8734806631843518"
"268","536","536","536","0.869513737337378","0.8680821595146962","0.8708407168849227"
"269","538","538","538","0.870952482691932","0.8645835777869268","0.8742370562606331"
"270","540","540","540","0.8709010432710421","0.8674875229843567","0.8779203183622187"
"271","542","542","542","0.8695420726064537","0.8654207111230453","0.8734561550535375"
"272","544","544","544","0.8705183448990826","0.8666775769767112","0.8735301604844046"
"273","546","546","546","0.868392121249746","0.8656585778561458","0.871838479296177"
"274","548","548","548","0.8690211905712225","0.8649711907936061","0.8725073018933693"
"275","550","550","550","0.869790964699986","0.8667665654330564","0.8723032434059376"
"276","552","552","552","0.8693053552736106","0.8657074776961786","0.8727032763175308"
"277","554","554","554","0.8698091103635969","0.8637423523701159","0.87855871362542"
"278","556","556","556","0.870230156247702","0.8615360009758879","0.8786967223939024"
"279","558","558","558","0.8719325815112855","0.8643333510296478","0.8796017895090693"
"280","560","560","560","0.8704777998482737","0.8662382535627083","0.8768194081094624"
"281","562","562","562","0.869767404746731","0.8661154578081095","0.8736766377149592"
"282","564","564","564","0.87052973358656","0.8654041670270487","0.8754291312724778"
"283","566","566","566","0.8688760536451972","0.8632724875284207","0.873588289927348"
"284","568","568","568","0.8723339810183781","0.867218721170659","0.8786513198033147"
"285","570","570","570","0.8732306999547224","0.869392848897017","0.8761704181446087"
"286","572","572","572","0.8709248182779963","0.8685805586754333","0.8746767294977994"
"287","574","574","574","0.8689419629716193","0.8636927437487386","0.8754929559613094"
"288","576","576","576","0.8701070534047419","0.8673060226189166","0.8756056796055768"
"289","578","578","578","0.8732771790808369","0.8692020068785108","0.8789820684149174"
"290","580","580","580","0.8707888859454436","0.8658753143836874","0.8760610194051888"
"291","582","582","582","0.8690379579746612","0.8651540441597552","0.8748762452340143"
"292","584","584","584","0.8728120157604385","0.8702357331767245","0.8762695038202882"
"293","586","586","586","0.8709528613454118","0.8662311745551186","0.8728972231260829"
"294","588","588","588","0.8693881946907718","0.866729673176704","0.8719314478383899"
"295","590","590","590","0.8700235651004908","0.8667324869967683","0.8758950829565535"
"296","592","592","592","0.8700195912642265","0.8674897288751466","0.8745128132629216"
"297","594","594","594","0.8700221638397876","0.8656894488121315","0.8726326732449724"
"298","596","596","596","0.8710905641989012","0.865700366054183","0.876961399863199"
"299","598","598","598","0.8694401983145873","0.8667482273841851","0.8730376254424556"
"300","600","600","600","0.8718711638787646","0.8682002063429523","0.8759702147606605"
"301","602","602","602","0.8725089660358399","0.8692440796693678","0.8747841759976324"
"302","604","604","604","0.8709625323003655","0.86593796230958","0.8774878046135439"
"303","606","606","606","0.8723928216546621","0.8700044936057716","0.8743969384940639"
"304","608","608","608","0.8726206930104707","0.8701556040887769","0.87532115800371"
"305","610","610","610","0.8714300877945028","0.8667401657222041","0.8736820293788808"
"306","612","612","612","0.8713924394776693","0.8659424697971105","0.8737497259180445"
"307","614","614","614","0.8727809668785076","0.8704909182940137","0.8752726988118886"
"308","616","616","616","0.8685947074652501","0.8628270618497992","0.8719076815345015"
"309","618","618","618","0.871685479456721","0.8692370647816021","0.8758268678975106"
"310","620","620","620","0.8715957078335199","0.8665662802493515","0.8772136821525219"
"311","622","622","622","0.8693025456114164","0.8635857338383374","0.8784708110768571"
"312","624","624","624","0.8713350334134289","0.8646670725289249","0.8777620360377656"
"313","626","626","626","0.8717706660346429","0.8667936010077738","0.8734775212879232"
"314","628","628","628","0.8725833572982801","0.8680501688731691","0.8766619291211674"
"315","630","630","630","0.8731461594255142","0.8693840639115794","0.8761641728851555"
"316","632","632","632","0.8727160247230102","0.8695829365371783","0.8759175056178765"
"317","634","634","634","0.8704393050815863","0.8654473490033923","0.873342117398105"
"318","636","636","636","0.8709442471432508","0.869643950903137","0.8735596374623428"
"319","638","638","638","0.8697613554785211","0.8657861702338194","0.8717875973852024"
"320","640","640","640","0.8735025587021792","0.8696209586977842","0.8790594152818151"
"321","642","642","642","0.8717624276955878","0.8696358218176045","0.8744076038962014"
"322","644","644","644","0.8718775213219642","0.8674498323464318","0.8740268955577868"
"323","646","646","646","0.8705246150197435","0.8621383071037761","0.8752385085940589"
"324","648","648","648","0.8688709250261134","0.8639179712563515","0.87396463426017"
"325","650","650","650","0.8697899478294447","0.8655835670370611","0.8741093207587836"
"326","652","652","652","0.8732389807280919","0.8672308257120448","0.8772574406605121"
"327","654","654","654","0.8720511243926088","0.8650693574533538","0.8772331049633125"
"328","656","656","656","0.8729692156440677","0.8683981178445366","0.8776917864093768"
"329","658","658","658","0.8730222482515245","0.8703572555542461","0.8779748360035412"
"330","660","660","660","0.8741506631993875","0.8691389843985138","0.879922062038752"
"331","662","662","662","0.8721178167568249","0.8662503622155038","0.8757484536210075"
"332","664","664","664","0.8708709322715069","0.8672950841286212","0.8740712519536483"
"333","666","666","666","0.8698529560428199","0.8660392690424707","0.8732583261906227"
"334","668","668","668","0.871334068176678","0.867652100500113","0.8762141471296659"
"335","670","670","670","0.8738953585825333","0.869361905463679","0.8802251627671773"
"336","672","672","672","0.873733264660286","0.8688537494401996","0.8795897351428502"
"337","674","674","674","0.8737944931566443","0.8691451500211078","0.8782240822648172"
"338","676","676","676","0.873152993285944","0.8694495026140255","0.8781162482566215"
"339","678","678","678","0.8709465832552888","0.8684542639037666","0.8732905115303158"
"340","680","680","680","0.8727056292022419","0.8707400476960542","0.876033348396903"
"341","682","682","682","0.8708671246461266","0.8665097314002587","0.8756403196562658"
"342","684","684","684","0.8725979709316946","0.8668834038039271","0.8767586513489252"
"343","686","686","686","0.8709750363348047","0.867531511387559","0.8751738065248224"
"344","688","688","688","0.8738663151246954","0.8666503397851757","0.8795622589572448"
"345","690","690","690","0.8733089325131663","0.8694409791198942","0.8790913576136943"
"346","692","692","692","0.8724603268981779","0.8667980361035321","0.8809471487181952"
"347","694","694","694","0.8718238782201129","0.8681886044125664","0.8778956357195966"
"348","696","696","696","0.871978841939358","0.8679033897561858","0.8747393625802282"
"349","698","698","698","0.8729662077808236","0.8686777860616687","0.8767034351040629"
"350","700","700","700","0.873062360928885","0.867592946099086","0.8788694573772327"
"351","702","702","702","0.8731845410522382","0.8656813563588122","0.8810234968189891"
"352","704","704","704","0.8733217587763511","0.8682060821918347","0.8787182073105881"
"353","706","706","706","0.8723997673182943","0.8675790926757003","0.8782022025652582"
"354","708","708","708","0.8729278309897582","0.8678877272335156","0.879551521487356"
"355","710","710","710","0.871054321833231","0.8682013755098155","0.8774222986780345"
"356","712","712","712","0.8736218399534236","0.867648489941995","0.877732470283396"
"357","714","714","714","0.8712594131247788","0.8647182220445369","0.8764093129376384"
"358","716","716","716","0.8734373992731456","0.8671968151809786","0.87714562571623"
"359","718","718","718","0.8737424267417999","0.865552660434819","0.8772740750021938"
"360","720","720","720","0.8744633991566937","0.8687190041290483","0.8778347910550631"
"361","722","722","722","0.873155322007085","0.8699871117689193","0.877045857607612"
"362","724","724","724","0.8729243149274811","0.8694343030255994","0.8760688459232341"
"363","726","726","726","0.8730169302212278","0.8684204548058192","0.878492736778802"
"364","728","728","728","0.8719873315604747","0.8675242324578538","0.8767433717418804"
"365","730","730","730","0.8701285810733923","0.8630150058999431","0.8744363296983935"
"366","732","732","732","0.8699516434927943","0.8662512805276524","0.8742144547111498"
"367","734","734","734","0.8726697958418409","0.8704968301899764","0.8749808090905179"
"368","736","736","736","0.8730873198144483","0.8682863778462605","0.8779576215291497"
"369","738","738","738","0.8735597811098506","0.8688303761729591","0.8768700539387227"
"370","740","740","740","0.8716363699775108","0.86814092908785","0.874804104174843"
"371","742","742","742","0.8713778698657789","0.8665212485469865","0.8755081791350332"
"372","744","744","744","0.8711413803610221","0.8662259489390496","0.8754250083543621"
"373","746","746","746","0.8708369146969416","0.8664592690372017","0.8772167426597861"
"374","748","748","748","0.8730025107687874","0.8668507498120426","0.8810468878806205"
"375","750","750","750","0.8719083878151872","0.8625254006179962","0.880256409007191"
"376","752","752","752","0.8733265470436586","0.869257583760345","0.8808708979556116"
"377","754","754","754","0.8721781708129559","0.8616046134693023","0.8784575668048845"
"378","756","756","756","0.8725148591031303","0.8635706026484272","0.8784244497293964"
"379","758","758","758","0.870647900917751","0.8629628620676937","0.8749284948100318"
"380","760","760","760","0.8711280000306028","0.8653431108058158","0.8772149531631589"
"381","762","762","762","0.8716891164149771","0.866764655066153","0.8766569819352389"
"382","764","764","764","0.8716593407749695","0.8652857097860249","0.876473805650922"
"383","766","766","766","0.8701171404198664","0.8656629950281791","0.8742048328054672"
"384","768","768","768","0.8726748977197454","0.8666062981949267","0.8805845917636147"
"385","770","770","770","0.8699546219687452","0.8640930850743572","0.877572671171543"
"386","772","772","772","0.8708544092146369","0.8655048049984564","0.8728828341029083"
"387","774","774","774","0.871748936683953","0.8696395465934698","0.8741141898447542"
"388","776","776","776","0.8738627446166211","0.8708390931988251","0.876614401670445"
"389","778","778","778","0.8714120160598873","0.8663108202662613","0.8756670929996485"
"390","780","780","780","0.87317103663866","0.8666818391493706","0.8758637830074483"
"391","782","782","782","0.8695081496813934","0.8628776865619633","0.8753222592598848"
"392","784","784","784","0.8718825898439801","0.8650637198801368","0.8759353410772843"
"393","786","786","786","0.8708248115442794","0.8671783349016373","0.8751547771070524"
"394","788","788","788","0.8697997911237207","0.8651588266236523","0.8783619443992815"
"395","790","790","790","0.8718542490235237","0.8644027607701773","0.8793067450637173"
"396","792","792","792","0.8716167551508176","0.8662078228560378","0.8757519322980672"
"397","794","794","794","0.8720579859084678","0.8654057203578461","0.8787404086476394"
"398","796","796","796","0.8721751768370056","0.8653894876309668","0.8759715421223025"
"399","798","798","798","0.8754736074596223","0.8650742297818768","0.8811654970439574"
"400","800","800","800","0.873591423774228","0.868836552761248","0.878474560025308"
"401","802","802","802","0.8720361805466972","0.8678537695019777","0.8771405771707476"
"402","804","804","804","0.8737349518725364","0.8673949978991521","0.8806285658037749"
"403","806","806","806","0.8729467463092637","0.8700234923988486","0.8783399135087894"
"404","808","808","808","0.8726519292802886","0.8652914501482192","0.8790260634532525"
"405","810","810","810","0.8693860936334609","0.8648224245853436","0.8747743321744295"
"406","812","812","812","0.8714103948507759","0.867147874881712","0.8785445700436232"
"407","814","814","814","0.8748450469958338","0.8685856926757526","0.879351607093622"
"408","816","816","816","0.8731657449627603","0.8670913641773792","0.8798611708897063"
"409","818","818","818","0.8720428682255749","0.8633664699498251","0.875587753754886"
"410","820","820","820","0.8723010360565159","0.866594061213446","0.8776287601085004"
"411","822","822","822","0.873569379216311","0.8672575986951563","0.8785695369388976"
"412","824","824","824","0.8709684337143937","0.8686122820391795","0.8746940497675156"
"413","826","826","826","0.8726850432775441","0.8691283463194494","0.8763362063345346"
"414","828","828","828","0.8703699229140327","0.8681814075933219","0.8729939056268775"
"415","830","830","830","0.8727242347421293","0.8702690293711774","0.8773546029288508"
"416","832","832","832","0.8713569511322387","0.8679856369954936","0.872502788554761"
"417","834","834","834","0.8701522253144638","0.8664660950050246","0.8727095727987819"
"418","836","836","836","0.8727201339391082","0.8697490380680457","0.8755055674242572"
"419","838","838","838","0.8727092566717269","0.8707149204701738","0.875392014498516"
"420","840","840","840","0.8716419090064246","0.8682004833428644","0.8740560077288276"
"421","842","842","842","0.8715349844059865","0.8689670911665103","0.8751164430746501"
"422","844","844","844","0.8713243667142286","0.8691793978790717","0.8724553302304698"
"423","846","846","846","0.8715695273352182","0.8658621445946185","0.8767065934773157"
"424","848","848","848","0.8718949104118086","0.8698252570427965","0.8747216460992671"
"425","850","850","850","0.8721092759362357","0.8691539581782042","0.8752946697443552"
"426","852","852","852","0.870640578595137","0.8684049351381812","0.8742494816059752"
"427","854","854","854","0.8719307400786672","0.8681381617662454","0.877894110192496"
"428","856","856","856","0.8726029557632566","0.8676197591376653","0.8769346198335515"
"429","858","858","858","0.8732356920883605","0.8689108605058563","0.8780616575384048"
"430","860","860","860","0.8750953392913458","0.872009230507512","0.8797790865017945"
"431","862","862","862","0.8713499706693912","0.8682444668730089","0.8744165159161313"
"432","864","864","864","0.8708356648626825","0.8681062925553492","0.8730485648700818"
"433","866","866","866","0.8725785943048472","0.863056147816435","0.8793282580831329"
"434","868","868","868","0.8724426767472485","0.8632120560474954","0.8767466970393798"
"435","870","870","870","0.8736038928793686","0.8630792446800392","0.8779085813534956"
"436","872","872","872","0.8733632151534165","0.8688534633481853","0.8764511981676526"
"437","874","874","874","0.8711673228478374","0.8629267980953955","0.8789447104098006"
"438","876","876","876","0.8723850004822313","0.8682863347548346","0.8791889571508247"
"439","878","878","878","0.871520733140912","0.8655947374083212","0.8768741115611948"
"440","880","880","880","0.8702152487690634","0.8606602116560971","0.8778025561450458"
"441","882","882","882","0.8724347466060207","0.8673954409635557","0.8780785427561298"
"442","884","884","884","0.8718601601570535","0.8627743379327172","0.8803444496859191"
"443","886","886","886","0.8733691488741251","0.8678618006035963","0.8797916964201516"
"444","888","888","888","0.8725462392146877","0.8674780659777024","0.8795060091736138"
"445","890","890","890","0.8726521361461979","0.8659452460395533","0.8786699231639777"
"446","892","892","892","0.8711857171872175","0.8657194469208518","0.8747641420263038"
"447","894","894","894","0.871834342086103","0.8682815327244461","0.8773851774675214"
"448","896","896","896","0.8732070567742957","0.8680659774532864","0.8788384627628851"
"449","898","898","898","0.8723269349288753","0.8681225599808258","0.8770732387351169"
"450","900","900","900","0.8718235181121192","0.8686371380390641","0.8757279065323608"
"451","902","902","902","0.8749593825056765","0.8719046705576585","0.8769437600731917"
"452","904","904","904","0.8740306426768398","0.8693566368110474","0.8763020849940591"
"453","906","906","906","0.8732902961118434","0.8669569777434293","0.8781130019987106"
"454","908","908","908","0.8721388601270214","0.8681187249039848","0.8759704374335966"
"455","910","910","910","0.8759480476135602","0.8714723094377325","0.8795816171669056"
"456","912","912","912","0.8746260394307249","0.8697388977875771","0.8785408336361731"
"457","914","914","914","0.8724406026960476","0.868603960788776","0.8752057946113"
"458","916","916","916","0.8694994119725049","0.8659735971164244","0.8752595280232329"
"459","918","918","918","0.8696366468190335","0.8628173139417697","0.8791495443833344"
"460","920","920","920","0.8723260956036485","0.8655268233323637","0.8787513511179379"
"461","922","922","922","0.8708289130742924","0.8641257981176849","0.8762072021997772"
"462","924","924","924","0.8705005101215952","0.8662209870257845","0.874646959098578"
"463","926","926","926","0.8705410070372885","0.8643437613794143","0.8768961852202151"
"464","928","928","928","0.8685400842111164","0.8639764180201147","0.8772603353016876"
"465","930","930","930","0.8688823973903148","0.8652780737033094","0.876777982954167"
"466","932","932","932","0.8705418090644719","0.8665559200911025","0.8766142549170926"
"467","934","934","934","0.8699285776401002","0.8661862991240175","0.8741467402017316"
"468","936","936","936","0.8716225499793839","0.8680823406043042","0.8752152898284826"
"469","938","938","938","0.871856847963383","0.8681363021911925","0.8756691709239318"
"470","940","940","940","0.8694014134781216","0.8629540320101977","0.8755671279692153"
"471","942","942","942","0.8708395692570987","0.8658243469409901","0.876532308335472"
"472","944","944","944","0.8708717628744391","0.8647555308047761","0.8757565582503146"
"473","946","946","946","0.8718208130445222","0.8677912275341483","0.8759590252864733"
"474","948","948","948","0.8704911276772043","0.8668295632333017","0.8770720019328078"
"475","950","950","950","0.8694396941723899","0.8619798412073585","0.8782503996101405"
"476","952","952","952","0.8713235506017126","0.8641202908571924","0.8785707001116806"
"477","954","954","954","0.871014168912771","0.8656190531601798","0.8800341704343714"
"478","956","956","956","0.8721413027613506","0.866260286054532","0.8799200125044092"
"479","958","958","958","0.8720380143486548","0.8655313867379959","0.8787909407543247"
"480","960","960","960","0.8720853723237345","0.8662372822662405","0.8765345891691119"
"481","962","962","962","0.8724617215140954","0.8667702275560409","0.8794673711180084"
"482","964","964","964","0.8729608080803102","0.8628938985709924","0.8781980772362428"
"483","966","966","966","0.8741927202782886","0.8705343492665372","0.8780065475568987"
"484","968","968","968","0.8738267826850569","0.8684584782398889","0.8776126428216037"
"485","970","970","970","0.8723770759987952","0.8648439479579074","0.8766077089730007"
"486","972","972","972","0.8729720699289955","0.8675014733794437","0.8774431274107676"
"487","974","974","974","0.8719323696032445","0.8666758571635497","0.8766262299089911"
"488","976","976","976","0.8705526149806964","0.8646188552292932","0.8767451278954445"
"489","978","978","978","0.871792259337723","0.8669986847198208","0.8751234563147363"
"490","980","980","980","0.8726058459566464","0.8627841059854912","0.8774407041945005"
"491","982","982","982","0.8715672609281292","0.8641586973454022","0.876792476772"
"492","984","984","984","0.8712833995656419","0.8637199882422602","0.8768765568698622"
"493","986","986","986","0.8722766248074422","0.862137188929197","0.8804337468611643"
"494","988","988","988","0.8694587688242187","0.8611602316944752","0.8779217728432215"
"495","990","990","990","0.8702903338485765","0.862021161838383","0.878077152444967"
"496","992","992","992","0.8717042219443097","0.86668936690191","0.8755201641259871"
"497","994","994","994","0.8726708519148181","0.8682265656773199","0.8755799684919764"
"498","996","996","996","0.8712825375391324","0.8667264680062429","0.8752176353395372"
"499","998","998","998","0.8705786553009218","0.8660815627096221","0.8740200164338695"
"500","1000","1000","1000","0.869508647007458","0.8673294504997673","0.8721704443657765"
"501","1002","1002","1002","0.8699588327767106","0.8645696413448899","0.8738614161634108"
"502","1004","1004","1004","0.8688920037449666","0.8639935801052081","0.8728973230922159"
"503","1006","1006","1006","0.8705819807006897","0.8648264970547755","0.8778162637405463"
"504","1008","1008","1008","0.8705384777651698","0.8676024817348545","0.8780722345834414"
"505","1010","1010","1010","0.871623432167661","0.8680082198362339","0.8767984318525539"
"506","1012","1012","1012","0.870279571380651","0.8570942756702393","0.8775087837862008"
"507","1014","1014","1014","0.8697683169378342","0.8629280034694552","0.8782984724822592"
"508","1016","1016","1016","0.8702103549055924","0.8589187049971156","0.877667145449461"
"509","1018","1018","1018","0.8693809105046464","0.8586590098652171","0.8758740966990388"
"510","1020","1020","1020","0.8710496635391136","0.8623544547920328","0.8773111531029468"
"511","1022","1022","1022","0.8709094219197515","0.8620235277316167","0.8782311212946342"
"512","1024","1024","1024","0.8707199983246292","0.8606694010708992","0.8783943132304894"
"513","1026","1026","1026","0.8717668527841529","0.8650967516335146","0.8790962286377503"
"514","1028","1028","1028","0.8707564384591959","0.8627917883401599","0.8788688041066872"
"515","1030","1030","1030","0.8704467936698075","0.8636939520352624","0.8781992283411398"
"516","1032","1032","1032","0.8692924001389496","0.8614740907206142","0.8763407762173689"
"517","1034","1034","1034","0.8702988310310398","0.863114533631614","0.8799630691527583"
"518","1036","1036","1036","0.8690138383398944","0.8613710663046196","0.8768816497207547"
"519","1038","1038","1038","0.8701707511724708","0.86229766599212","0.8801408012132346"
"520","1040","1040","1040","0.8696857572505244","0.8651664464847584","0.8754649401616973"
"521","1042","1042","1042","0.8702079234730802","0.8653985902650433","0.8765047014107199"
"522","1044","1044","1044","0.8720271347611497","0.8677993254254692","0.875770327158677"
"523","1046","1046","1046","0.872094959966709","0.8640580123164667","0.8811782890035305"
"524","1048","1048","1048","0.8730657972195459","0.863054785852439","0.8820301782811959"
"525","1050","1050","1050","0.8721446750570934","0.8665321544056228","0.8767862110991648"
"526","1052","1052","1052","0.8721635570326385","0.8687769980710698","0.8771720004731272"
"527","1054","1054","1054","0.872843826777417","0.8677777608666091","0.8806033232163208"
"528","1056","1056","1056","0.8721910413837873","0.8651036626663773","0.8758595910201059"
"529","1058","1058","1058","0.8709940060839954","0.8669807911250459","0.8778130473001914"
"530","1060","1060","1060","0.8728218756448497","0.8684320222948217","0.8768227159245545"
"531","1062","1062","1062","0.8699031682462032","0.8623372423844802","0.8750227438448354"
"532","1064","1064","1064","0.8710859750162742","0.8653700641871473","0.8739383641641514"
"533","1066","1066","1066","0.8714126466101602","0.8692988412493896","0.8739073006619115"
"534","1068","1068","1068","0.8720651138698979","0.8688058020779521","0.8758744635151529"
"535","1070","1070","1070","0.8706377717915373","0.8658516456682306","0.8772057615501101"
"536","1072","1072","1072","0.8731081728577653","0.8676752130673575","0.8785018450155002"
"537","1074","1074","1074","0.8726874346251785","0.8685744565724258","0.8761833130448367"
"538","1076","1076","1076","0.8727602422610052","0.8674302267961514","0.8778890278312999"
"539","1078","1078","1078","0.8731501360964538","0.8675963828692359","0.8789210671153055"
"540","1080","1080","1080","0.8734944168279449","0.868881776874307","0.8795899201456095"
"541","1082","1082","1082","0.8724211254136807","0.8663785459392276","0.8766258601733179"
"542","1084","1084","1084","0.8709095395915281","0.8685516067008662","0.8741756998396303"
"543","1086","1086","1086","0.8721507503660547","0.8689079656448617","0.877953663876633"
"544","1088","1088","1088","0.8734446827277011","0.8696406170769831","0.8764946317089839"
"545","1090","1090","1090","0.8719749561942329","0.8684908761195496","0.8755233379759925"
"546","1092","1092","1092","0.872537335265657","0.8688590167776126","0.8764054261686007"
"547","1094","1094","1094","0.8735159948916571","0.8696250135477941","0.879300817128811"
"548","1096","1096","1096","0.8701834386656166","0.8667747554960081","0.8751312476400386"
"549","1098","1098","1098","0.8706232728825946","0.86799215634968","0.8741400530889044"
"550","1100","1100","1100","0.8707482139361911","0.8676829864388276","0.8768929221616426"
"551","1102","1102","1102","0.8733083529291461","0.8684629862333161","0.8812360969621067"
"552","1104","1104","1104","0.8720012379081312","0.865372739694056","0.879610385541452"
"553","1106","1106","1106","0.8735508424124762","0.867392761662071","0.881350129571975"
"554","1108","1108","1108","0.8736550504158871","0.8693099150012945","0.8812059289348303"
"555","1110","1110","1110","0.8713236331001152","0.8659539604872067","0.8807128816827522"
"556","1112","1112","1112","0.8728328248948193","0.8685096308252909","0.881589515909519"
"557","1114","1114","1114","0.8710350232010452","0.8658175138645267","0.8786348517656928"
"558","1116","1116","1116","0.8726808417205746","0.8690332493822837","0.8770615027342727"
"559","1118","1118","1118","0.871794113890283","0.8673381208403348","0.8780054408335163"
"560","1120","1120","1120","0.8715339260701972","0.8650093346512758","0.8750284089035388"
"561","1122","1122","1122","0.8705489488905638","0.8654840020058276","0.8782863079077844"
"562","1124","1124","1124","0.8709674344348599","0.8631952081184584","0.8792293330445873"
"563","1126","1126","1126","0.871326091965092","0.8672781187731932","0.8765409919509055"
"564","1128","1128","1128","0.8715241723095776","0.8665783682794624","0.8741867680872015"
"565","1130","1130","1130","0.872174168831318","0.8687453152188721","0.8757907109729284"
"566","1132","1132","1132","0.8706999593905707","0.867425140880966","0.8753397805916637"
"567","1134","1134","1134","0.8734030381668043","0.8695015109833503","0.8751255938053559"
"568","1136","1136","1136","0.872362130237109","0.8697277182060456","0.87526414972481"
"569","1138","1138","1138","0.872562197129535","0.8694024270047347","0.876414453013039"
"570","1140","1140","1140","0.8731388635500116","0.8667731935329958","0.8778059025642273"
"571","1142","1142","1142","0.8718663465240167","0.8702607642252712","0.8740566639148565"
"572","1144","1144","1144","0.8727749604362914","0.8697341659800437","0.8771063618064239"
"573","1146","1146","1146","0.8752745051080544","0.8723254522314474","0.8788956210106182"
"574","1148","1148","1148","0.8741920748337229","0.8706246081046466","0.8778011503513692"
"575","1150","1150","1150","0.8729128241933047","0.871548543883402","0.8743144792908215"
"576","1152","1152","1152","0.8746243170042401","0.8702302413452451","0.8811562760775764"
"577","1154","1154","1154","0.8747604653684669","0.8696830562694333","0.8835167338171329"
"578","1156","1156","1156","0.8738120263040612","0.867527023357597","0.8826091799135202"
"579","1158","1158","1158","0.8733812567035928","0.8695769776081769","0.8782525386055665"
"580","1160","1160","1160","0.8729246380956697","0.8669013165294494","0.878233151951379"
"581","1162","1162","1162","0.8710044733093067","0.8656935857096455","0.8753938384410284"
"582","1164","1164","1164","0.8727224330451675","0.8667794070832838","0.8795461876405147"
"583","1166","1166","1166","0.8714132039851051","0.8616926429606511","0.8795559910482651"
"584","1168","1168","1168","0.8718288460415302","0.8644881882170073","0.8751033680611912"
"585","1170","1170","1170","0.8716958579657913","0.8637545859263978","0.8789116198177376"
"586","1172","1172","1172","0.8734596998043832","0.8664191219612319","0.8796217658573909"
"587","1174","1174","1174","0.8720938088765953","0.8647282706439794","0.8802879803386752"
"588","1176","1176","1176","0.8752794059605907","0.8698790549037673","0.8841954976479898"
"589","1178","1178","1178","0.8732763600214317","0.8699369901807396","0.8777990683568804"
"590","1180","1180","1180","0.8735506254012488","0.8670858157556294","0.8780689565534897"
"591","1182","1182","1182","0.8735324885990027","0.8656137824716155","0.8775116154651014"
"592","1184","1184","1184","0.8755414058267064","0.8697614644325049","0.8787260344486104"
"593","1186","1186","1186","0.8741619710778646","0.8694581097551937","0.8826841023697191"
"594","1188","1188","1188","0.8734469712415265","0.8663527793852295","0.8802617794864059"
"595","1190","1190","1190","0.8749739383374884","0.8697292113643535","0.8796752860713626"
"596","1192","1192","1192","0.8730439116722568","0.8706613193075414","0.8764475713399339"
"597","1194","1194","1194","0.8754452136254335","0.8731777261400008","0.8775102309045675"
"598","1196","1196","1196","0.8750197893726369","0.8720226784900047","0.8780443395305794"
"599","1198","1198","1198","0.8733317530654418","0.8680520457754032","0.8766981058271225"
"600","1200","1200","1200","0.873383011237646","0.8721807178115768","0.8744100822901986"
"601","1202","1202","1202","0.8734622967680202","0.8698210487923057","0.8768620461207961"
"602","1204","1204","1204","0.8740327821115945","0.8708684009762715","0.8783050283738217"
"603","1206","1206","1206","0.871874797386568","0.8674587016097678","0.8786639937663742"
"604","1208","1208","1208","0.8716862767259054","0.8668840070834986","0.8761482244365786"
"605","1210","1210","1210","0.874284386694739","0.8678634424208754","0.8767718501390528"
"606","1212","1212","1212","0.8757829453821804","0.870440920594814","0.8798053576560017"
"607","1214","1214","1214","0.8749853467531044","0.8668935048975989","0.8830927474964027"
"608","1216","1216","1216","0.8739678983934647","0.8652955948911515","0.8808521221875827"
"609","1218","1218","1218","0.8739088231097195","0.8661070822299226","0.8791895623920958"
"610","1220","1220","1220","0.8728010849769525","0.8660555474715098","0.875692349420383"
"611","1222","1222","1222","0.8727859586823126","0.8690765264835846","0.8749378069994788"
"612","1224","1224","1224","0.8707137697916014","0.8658826482815908","0.8755978996449717"
"613","1226","1226","1226","0.8713642103531104","0.8651142537427071","0.8756394480101534"
"614","1228","1228","1228","0.8723602412688678","0.8673180860604092","0.8783437505961558"
"615","1230","1230","1230","0.8744987434459727","0.8694032923526226","0.8817480640518717"
"616","1232","1232","1232","0.8727814393112621","0.8709150145247624","0.8755182333962633"
"617","1234","1234","1234","0.8736550915153112","0.8697822238347667","0.8811606976277699"
"618","1236","1236","1236","0.8725493842190473","0.864563290597013","0.8788103532055268"
"619","1238","1238","1238","0.8721117520669879","0.8666327933618352","0.880641845826875"
"620","1240","1240","1240","0.8743880251817165","0.8702374981617834","0.8822033368593932"
"621","1242","1242","1242","0.871346035548379","0.8683090744319406","0.8746394429425347"
"622","1244","1244","1244","0.8715352775997189","0.8632548568168287","0.8804847439895032"
"623","1246","1246","1246","0.8727320124185679","0.8685429897830407","0.8796824080331267"
"624","1248","1248","1248","0.8700788739564704","0.8644889436384826","0.8751486228736868"
"625","1250","1250","1250","0.8720129624442439","0.8676976015686014","0.8762698052486932"
"626","1252","1252","1252","0.8747956735414559","0.8702712512143514","0.8795693068020604"
"627","1254","1254","1254","0.8723208147239687","0.866986791190455","0.875241294273028"
"628","1256","1256","1256","0.8724884139722702","0.8695916131247409","0.8782215608522669"
"629","1258","1258","1258","0.8720332191745481","0.868498124117528","0.8774173408901349"
"630","1260","1260","1260","0.8724915116268454","0.8706907211733277","0.8750583643059926"
"631","1262","1262","1262","0.8742308257947616","0.8722130604163301","0.877064069507784"
"632","1264","1264","1264","0.8716039968165935","0.8624789696894549","0.8755858814237961"
"633","1266","1266","1266","0.8742604107558858","0.872984352179858","0.8753923405110797"
"634","1268","1268","1268","0.8724637112711573","0.8686069637639005","0.8753140910266295"
"635","1270","1270","1270","0.873177244538945","0.8693347696835256","0.8768917025038581"
"636","1272","1272","1272","0.8723327760402526","0.8699434388412546","0.8746538427240435"
"637","1274","1274","1274","0.8717832905366987","0.8665743977738709","0.8754250841622935"
"638","1276","1276","1276","0.8729675381996239","0.864769693508061","0.8784496207641544"
"639","1278","1278","1278","0.8719614869341685","0.8653139712381899","0.8781672018705197"
"640","1280","1280","1280","0.8697166219375779","0.8652141203588244","0.874797824907532"
"641","1282","1282","1282","0.8721130961548071","0.8680320951777849","0.8776341453333653"
"642","1284","1284","1284","0.8746724596476276","0.8698567850588672","0.8800620255853546"
"643","1286","1286","1286","0.8761824890688331","0.8716412472474198","0.8797668429942624"
"644","1288","1288","1288","0.8751468088202579","0.8702683013278278","0.8794245250344475"
"645","1290","1290","1290","0.8745767592437605","0.8681073026264698","0.8818968151108844"
"646","1292","1292","1292","0.8748920437438213","0.8691941629234438","0.8792244085707553"
"647","1294","1294","1294","0.8742552647136119","0.868911153534042","0.8797549384060721"
"648","1296","1296","1296","0.8733311889701142","0.868259418146473","0.8793496919714219"
"649","1298","1298","1298","0.8723050714430605","0.8684341375518012","0.8759789927495713"
"650","1300","1300","1300","0.8718442003601075","0.8697821194842682","0.8735107197745634"
"651","1302","1302","1302","0.8727275562334986","0.87073440295829","0.876058964427101"
"652","1304","1304","1304","0.8724476946244076","0.8664778019784131","0.8808648618555897"
"653","1306","1306","1306","0.8700407820409278","0.8597525305295832","0.8751687467101209"
"654","1308","1308","1308","0.872492273491585","0.8674359443234673","0.8795461797295417"
"655","1310","1310","1310","0.8723055119492542","0.862311016973915","0.877738225313142"
"656","1312","1312","1312","0.8719506765793271","0.8675021600575686","0.8751363597292287"
"657","1314","1314","1314","0.8726981578339362","0.8689305820109635","0.874700435104467"
"658","1316","1316","1316","0.8696478706540844","0.863380737752334","0.8753330272192407"
"659","1318","1318","1318","0.8709661317027043","0.8642955465495623","0.8778328579280903"
"660","1320","1320","1320","0.8736078665160131","0.8703776004211957","0.8773646792835301"
"661","1322","1322","1322","0.8730503531549404","0.8651992276281179","0.8768773376188567"
"662","1324","1324","1324","0.8690990810790991","0.8657941300149321","0.8734417172844962"
"663","1326","1326","1326","0.869037757404643","0.865935133255789","0.8728629385422015"
"664","1328","1328","1328","0.8692906707817698","0.8639556582393204","0.8716131517013047"
"665","1330","1330","1330","0.8720233519032969","0.8699219091124031","0.874724890405434"
"666","1332","1332","1332","0.8718296463824246","0.8691947445252488","0.8739031710723135"
"667","1334","1334","1334","0.8709944496730364","0.8652257826805418","0.8762419857461902"
"668","1336","1336","1336","0.8710618162177152","0.8637144558209067","0.8791943393568218"
"669","1338","1338","1338","0.8715481164422185","0.8694457859013524","0.8735534979674673"
"670","1340","1340","1340","0.8698517074186514","0.8603032883992245","0.8792686176554374"
"671","1342","1342","1342","0.8734033681789446","0.8694652635526028","0.8770815457996934"
"672","1344","1344","1344","0.8721907732756261","0.8687896985666603","0.8764386562060785"
"673","1346","1346","1346","0.873455072654381","0.8707174764582143","0.8777219028738651"
"674","1348","1348","1348","0.8720476378777464","0.867320411195508","0.8790714912794274"
"675","1350","1350","1350","0.8710802781270253","0.8650825537938975","0.878034359079078"
"676","1352","1352","1352","0.8717156021054274","0.8672840906554322","0.8789067658947135"
"677","1354","1354","1354","0.8716869263901298","0.8660786284961648","0.876940884825898"
"678","1356","1356","1356","0.8707521771987011","0.8630140956494964","0.8746701072860432"
"679","1358","1358","1358","0.8705713399034464","0.8659453164996477","0.87609090874452"
"680","1360","1360","1360","0.8723604365731408","0.8679364087624635","0.8772218112882398"
"681","1362","1362","1362","0.8712711317614712","0.8682959786135259","0.87452295996247"
"682","1364","1364","1364","0.8717748297299199","0.8660608816672354","0.8791919712107714"
"683","1366","1366","1366","0.8729103858629035","0.8692812169732131","0.8769809976280696"
"684","1368","1368","1368","0.8716685275281597","0.8668704168733748","0.8761826781605798"
"685","1370","1370","1370","0.8721235886806756","0.8688371069371157","0.8774615736315986"
"686","1372","1372","1372","0.8710100627971549","0.8648740623865626","0.8780811838773319"
"687","1374","1374","1374","0.8724476127854992","0.8687959313739679","0.8793325712247293"
"688","1376","1376","1376","0.8725377095741889","0.8670885855768302","0.8766483726767429"
"689","1378","1378","1378","0.872465788887552","0.8700589866287872","0.8759627503419274"
"690","1380","1380","1380","0.8736819464089678","0.8664845753596715","0.8790858393865367"
"691","1382","1382","1382","0.8714233508161359","0.8700285345142678","0.8736025193174817"
"692","1384","1384","1384","0.8699380508524325","0.8662004672239598","0.874927459747383"
"693","1386","1386","1386","0.8702123967854503","0.867026706166835","0.8729900304505787"
"694","1388","1388","1388","0.8715317651022975","0.8663792319343764","0.8781876082122626"
"695","1390","1390","1390","0.8708085350554249","0.867708367080298","0.87306569864188"
"696","1392","1392","1392","0.8688583792763789","0.862372769159954","0.8754879886443019"
"697","1394","1394","1394","0.8726476127798672","0.8682850153432713","0.8785144975383256"
"698","1396","1396","1396","0.8711034669515719","0.8643199058172917","0.8756143702824878"
"699","1398","1398","1398","0.8727669863832876","0.8660013740784437","0.8814772157025969"
"700","1400","1400","1400","0.8715217680466362","0.8668580622123125","0.8808892895611679"
"701","1402","1402","1402","0.8688192428574759","0.8641075324989731","0.8755866263867831"
"702","1404","1404","1404","0.8670477917451016","0.8616723341422374","0.8694435023887195"
"703","1406","1406","1406","0.8710109975572966","0.8681932211881438","0.873043062726499"
"704","1408","1408","1408","0.8694851326394273","0.8668494575026147","0.8732687937871377"
"705","1410","1410","1410","0.8685201506165627","0.8639873584923248","0.8713079995505297"
"706","1412","1412","1412","0.8709760775156044","0.8676306201714646","0.875872797172646"
"707","1414","1414","1414","0.870719535429591","0.8676518517721433","0.8745309234919371"
"708","1416","1416","1416","0.8724831881558671","0.8662050309858956","0.8757602966081878"
"709","1418","1418","1418","0.8704883878506401","0.8679666267642986","0.8738697380141789"
"710","1420","1420","1420","0.8717773842922012","0.8699175583047212","0.8737238220302342"
"711","1422","1422","1422","0.8711309726767691","0.8686994983143205","0.8740379487311019"
"712","1424","1424","1424","0.8721403541221088","0.8677108180250058","0.8762535519041901"
"713","1426","1426","1426","0.8703664222653558","0.8665604210283103","0.8745851190371935"
"714","1428","1428","1428","0.8736262387103597","0.8685202463448932","0.8799931605326288"
"715","1430","1430","1430","0.8725590677530997","0.8677110014404296","0.8785633895013379"
"716","1432","1432","1432","0.8716589294586419","0.869558741985875","0.8754184622360298"
"717","1434","1434","1434","0.8717453546608638","0.8674201455322109","0.8750006940464672"
"718","1436","1436","1436","0.8700369987017987","0.8680359949952582","0.8725035369191007"
"719","1438","1438","1438","0.8705287147681015","0.8663769663849904","0.8732929760789364"
"720","1440","1440","1440","0.8703355343909702","0.8654674858829082","0.8761677356954803"
"721","1442","1442","1442","0.8708297307756322","0.8643198159320836","0.8785950212528452"
"722","1444","1444","1444","0.8718585481101553","0.8663673651228039","0.8790487606201902"
"723","1446","1446","1446","0.8687078148130476","0.8621495923010805","0.8785571986578152"
"724","1448","1448","1448","0.8690175362199343","0.8622430308545121","0.8743280208801164"
"725","1450","1450","1450","0.8696000293722665","0.8643577138628491","0.8790383123007206"
"726","1452","1452","1452","0.8726894621889638","0.8673921109509405","0.8817354454451753"
"727","1454","1454","1454","0.8696813372178196","0.8664273882128514","0.8741944455128128"
"728","1456","1456","1456","0.8719079557300301","0.8648652939703391","0.8768035568184044"
"729","1458","1458","1458","0.8685867650542007","0.8647319073531099","0.8722905949987384"
"730","1460","1460","1460","0.872609045822674","0.8655619091905931","0.8803816645559601"
"731","1462","1462","1462","0.8703512766538083","0.8629212660245157","0.8776354529652103"
"732","1464","1464","1464","0.8688349962054275","0.8640123365927582","0.875917249140363"
"733","1466","1466","1466","0.8688256183656934","0.8667380665201659","0.8749939765957346"
"734","1468","1468","1468","0.8678918022993578","0.8642108566945723","0.8728780858751776"
"735","1470","1470","1470","0.87053443030938","0.8649821951999993","0.8759210684124172"
"736","1472","1472","1472","0.8686905488966314","0.8645582184529259","0.8756002384170642"
"737","1474","1474","1474","0.8685620610646574","0.8659931508116947","0.8745713013705888"
"738","1476","1476","1476","0.8669233459104063","0.8602504452047903","0.8776415362771861"
"739","1478","1478","1478","0.8676440212523348","0.8615962463715018","0.8754494096110018"
"740","1480","1480","1480","0.8698179390756009","0.8633262272752871","0.8745879576276154"
"741","1482","1482","1482","0.8705492520263842","0.8646579756087962","0.8780062363048036"
"742","1484","1484","1484","0.8695410850635963","0.8645813106391743","0.8745369512065404"
"743","1486","1486","1486","0.8684403779350017","0.8614666398372238","0.8737194026645013"
"744","1488","1488","1488","0.8691906492129453","0.8640350987727252","0.8747154704434651"
"745","1490","1490","1490","0.8690250424960808","0.8631029356254313","0.8749823571395929"
"746","1492","1492","1492","0.8687705723721006","0.8620547983845189","0.8765416977535079"
"747","1494","1494","1494","0.8683619292482823","0.8632398500080753","0.8747666683739416"
"748","1496","1496","1496","0.8683492793961918","0.8609998607602777","0.8753254089744585"
"749","1498","1498","1498","0.8700459752823446","0.8659306214932266","0.8764743992210469"
"750","1500","1500","1500","0.8681445813349461","0.8639816097930784","0.8744562897430825"
"751","1502","1502","1502","0.8660481443201279","0.8625841087441415","0.875466876273618"
"752","1504","1504","1504","0.8692568099761161","0.866535026148174","0.8729961931032422"
"753","1506","1506","1506","0.8693852871758374","0.8651213194924949","0.8738903351989906"
"754","1508","1508","1508","0.8685608581109783","0.8653835314261643","0.8745064289611539"
"755","1510","1510","1510","0.8671076059770193","0.8577476741966003","0.8760749215304796"
"756","1512","1512","1512","0.8707516131995593","0.8664856356674099","0.8769244759025863"
"757","1514","1514","1514","0.8685135677658138","0.863296992796865","0.8725361182571616"
"758","1516","1516","1516","0.8692360783988615","0.8642297779257354","0.8780014684554723"
"759","1518","1518","1518","0.868026352660906","0.8652128976234669","0.8698903981566047"
"760","1520","1520","1520","0.8679371477269797","0.8645906445435773","0.8715483997185295"
"761","1522","1522","1522","0.868731024097471","0.8641456339125331","0.871864992989838"
"762","1524","1524","1524","0.8680188102781073","0.8654041719651336","0.8721995974750993"
"763","1526","1526","1526","0.8692303223208728","0.8599713338495549","0.8764141931448753"
"764","1528","1528","1528","0.8691171806883116","0.8613424244558527","0.8731166300360867"
"765","1530","1530","1530","0.869987094747595","0.8659364887038998","0.8744891003420917"
"766","1532","1532","1532","0.8696211771894602","0.8647866909586135","0.8787595525904616"
"767","1534","1534","1534","0.8695947031596454","0.8646689820024253","0.8752499501380646"
"768","1536","1536","1536","0.868967140066102","0.858823675778308","0.8771620757732207"
"769","1538","1538","1538","0.8715293463426983","0.8637017626974555","0.8813548711262217"
"770","1540","1540","1540","0.8674669198098082","0.8605922905256086","0.8720382531891753"
"771","1542","1542","1542","0.8673561196610272","0.8557643120682185","0.8762291289017086"
"772","1544","1544","1544","0.8669797080365369","0.8612464044490258","0.8703174741211509"
"773","1546","1546","1546","0.8687110353490659","0.8615105441955928","0.8725357237425444"
"774","1548","1548","1548","0.8677808461975349","0.8622193936941887","0.8769317484695638"
"775","1550","1550","1550","0.8701343631000256","0.8638949763941719","0.8807619307677346"
"776","1552","1552","1552","0.8683625324323077","0.8642031380464553","0.8764066937221433"
"777","1554","1554","1554","0.8685900611961574","0.8656803920914641","0.8747716581869889"
"778","1556","1556","1556","0.8680027858573058","0.8611692256024002","0.8788775411985503"
"779","1558","1558","1558","0.8685873547224331","0.8637880036449281","0.8762429811514129"
"780","1560","1560","1560","0.8663642900686158","0.8594197426903892","0.8778230801097011"
"781","1562","1562","1562","0.8674873341975727","0.8642381959235195","0.8748323423480763"
"782","1564","1564","1564","0.8669645378066319","0.861510121755638","0.8740025978555978"
"783","1566","1566","1566","0.8693059854418494","0.8641864150907403","0.8771250178492119"
"784","1568","1568","1568","0.8697737106247041","0.8653181421843216","0.8757279613665716"
"785","1570","1570","1570","0.8706506139945839","0.8654628522889763","0.8769385250244269"
"786","1572","1572","1572","0.8695897870291207","0.86650834804649","0.8752939625134021"
"787","1574","1574","1574","0.8681502456164323","0.8578684438391366","0.8763801094437621"
"788","1576","1576","1576","0.8691462217232487","0.864695320256864","0.8784984198683612"
"789","1578","1578","1578","0.8686049850235312","0.864077149035149","0.8762744565656609"
"790","1580","1580","1580","0.8696971161974469","0.8635297318391214","0.8795166410019996"
"791","1582","1582","1582","0.8688085831231234","0.8636349951496183","0.8738241771494086"
"792","1584","1584","1584","0.8694223087496098","0.864550378733386","0.8783569726142852"
"793","1586","1586","1586","0.8705212482280679","0.8652741494570466","0.8764728177767519"
"794","1588","1588","1588","0.8675212207678985","0.8594732002380964","0.8774249054084876"
"795","1590","1590","1590","0.8705490271144105","0.8625053398772955","0.8821648688860111"
"796","1592","1592","1592","0.8688398276814382","0.8628201676844962","0.879933810571596"
"797","1594","1594","1594","0.8692651437195595","0.864481222300222","0.8795831384365692"
"798","1596","1596","1596","0.8705724906432968","0.8654325988483003","0.8789968815951198"
"799","1598","1598","1598","0.8699725383543886","0.8633670467574381","0.875483122902785"
"800","1600","1600","1600","0.8717347733893026","0.8678610823651346","0.8769869643600585"
"801","1602","1602","1602","0.8714123080171058","0.8676616009433156","0.8775066433454343"
"802","1604","1604","1604","0.8729386392739006","0.8633439594411236","0.8818185936663199"
"803","1606","1606","1606","0.8711397514537029","0.8635103084905384","0.881711989148599"
"804","1608","1608","1608","0.872877278448906","0.8692219572149924","0.8794894429045612"
"805","1610","1610","1610","0.8714160019941268","0.8661755402845526","0.8795244171361963"
"806","1612","1612","1612","0.8730177546212852","0.8651642294469775","0.8786961923548975"
"807","1614","1614","1614","0.8704114594476117","0.8632451561672236","0.8768801491604872"
"808","1616","1616","1616","0.8722140906977873","0.8625356058657716","0.8782777331940024"
"809","1618","1618","1618","0.8705594478303196","0.8595109018041345","0.8811871157904522"
"810","1620","1620","1620","0.8696940429148242","0.8632152112734173","0.878490799670705"
"811","1622","1622","1622","0.8679541757614258","0.8592477123270037","0.8802560970193396"
"812","1624","1624","1624","0.868737419608866","0.8600290741662161","0.8761005167636119"
"813","1626","1626","1626","0.8677081220747265","0.8624686960609239","0.8756695929090622"
"814","1628","1628","1628","0.8681473895374733","0.8621700321847591","0.8747948650448286"
"815","1630","1630","1630","0.8688818475240012","0.8640002444003894","0.8766009050864481"
"816","1632","1632","1632","0.869763141081949","0.8663475155442354","0.8771926653813702"
"817","1634","1634","1634","0.870902394429949","0.8692532926146895","0.8738547243930102"
"818","1636","1636","1636","0.8704311119636126","0.8620679216420717","0.8817102152855747"
"819","1638","1638","1638","0.871459472611094","0.8626963820553976","0.8799579345280611"
"820","1640","1640","1640","0.871280729584283","0.8610959710072602","0.8828881886329322"
"821","1642","1642","1642","0.8718737258395409","0.8651465786034365","0.882448381771287"
"822","1644","1644","1644","0.8682708819616588","0.8591062365173185","0.8776809708571737"
"823","1646","1646","1646","0.8690805422879644","0.8606394765255383","0.8780734102828301"
"824","1648","1648","1648","0.871796439953917","0.8634713541514617","0.8826488117149773"
"825","1650","1650","1650","0.8709649598040198","0.8613394235186678","0.8818198757309631"
"826","1652","1652","1652","0.8695554602511718","0.8613157812597942","0.8779975304266333"
"827","1654","1654","1654","0.8690321190287046","0.8647485589572615","0.8754860808820649"
"828","1656","1656","1656","0.8702938021473121","0.8655413097260942","0.8783173185703139"
"829","1658","1658","1658","0.869108532021103","0.8644310051099905","0.8761342929798608"
"830","1660","1660","1660","0.8714235160849342","0.867154625425461","0.8748882048986579"
"831","1662","1662","1662","0.8708116849934218","0.8649974410942476","0.8747333304946396"
"832","1664","1664","1664","0.8712399961284447","0.8672389941065717","0.8759465317127484"
"833","1666","1666","1666","0.8710026590114717","0.8649169135337332","0.8789160024153594"
"834","1668","1668","1668","0.870778824969196","0.8659293654144182","0.8735418936487805"
"835","1670","1670","1670","0.8711988606983795","0.865253471508313","0.8764391878290155"
"836","1672","1672","1672","0.8706631424204321","0.8625986727803893","0.8762738896242606"
"837","1674","1674","1674","0.8696205123143335","0.8616115008434844","0.8765357038812093"
"838","1676","1676","1676","0.8693476752385294","0.8614033157856867","0.8743220493233854"
"839","1678","1678","1678","0.8703433093883144","0.8593527351314422","0.8771245877481718"
"840","1680","1680","1680","0.8699515287082779","0.8653262460943438","0.875449491966261"
"841","1682","1682","1682","0.8698721123786495","0.8646980852145365","0.8755115046903937"
"842","1684","1684","1684","0.8726861602392815","0.8676984076967447","0.8800634410322223"
"843","1686","1686","1686","0.87207301657405","0.865684947581447","0.8786793072183378"
"844","1688","1688","1688","0.8733587838380718","0.8655308858065631","0.8794315922618718"
"845","1690","1690","1690","0.8724759541735001","0.8650337506830145","0.8798273130479501"
"846","1692","1692","1692","0.871373968873311","0.8673493133910339","0.8760401180704972"
"847","1694","1694","1694","0.8708843319647281","0.8658053545872458","0.8757676218523581"
"848","1696","1696","1696","0.8734814225353802","0.8655274825228065","0.8785466850792373"
"849","1698","1698","1698","0.8712504411010109","0.8606691189870469","0.8809891359805879"
"850","1700","1700","1700","0.8718023156882577","0.8653617906935227","0.8810256032888483"
"851","1702","1702","1702","0.8705518444522236","0.8651226666306359","0.8806217833514179"
"852","1704","1704","1704","0.87019563957592","0.8628494366323441","0.8753664419033216"
"853","1706","1706","1706","0.8714103763141672","0.8630600782468054","0.8761050679061357"
"854","1708","1708","1708","0.8734965342560252","0.8707438348840257","0.8760521003017767"
"855","1710","1710","1710","0.8725750277479252","0.8686208427074328","0.876879162443233"
"856","1712","1712","1712","0.8731211151491637","0.8689161798899174","0.8756375959561103"
"857","1714","1714","1714","0.8708630096434448","0.869517277400643","0.8729269122088826"
"858","1716","1716","1716","0.8691311361889822","0.8646644359964133","0.8738039546070121"
"859","1718","1718","1718","0.8713434327244058","0.8693414232640779","0.8746762928025341"
"860","1720","1720","1720","0.8693373633333957","0.8675108826948793","0.8725460655831873"
"861","1722","1722","1722","0.8700775288212487","0.865212058172177","0.8724227009691548"
"862","1724","1724","1724","0.8711356106724235","0.8692062829971786","0.8726865677291952"
"863","1726","1726","1726","0.8719076248920082","0.8644312869787074","0.880026289311909"
"864","1728","1728","1728","0.8705244525111053","0.8550319086994387","0.8801452566799198"
"865","1730","1730","1730","0.8727425040476504","0.8649448791880547","0.879361515813303"
"866","1732","1732","1732","0.8748113243028277","0.8698788297150062","0.8775473310556614"
"867","1734","1734","1734","0.8712567718185223","0.8693135728877599","0.8747231510299527"
"868","1736","1736","1736","0.8728148232757279","0.8654122855761498","0.878616190222902"
"869","1738","1738","1738","0.8713656542575986","0.8649250616696967","0.8765774804688019"
"870","1740","1740","1740","0.8702421879115303","0.8622815382906915","0.8766075456429689"
"871","1742","1742","1742","0.8717509137794904","0.864810832830531","0.8764623332457154"
"872","1744","1744","1744","0.8703773216407397","0.8636572455252826","0.877166895240219"
"873","1746","1746","1746","0.8692227586543442","0.8624533813940528","0.8745080202220123"
"874","1748","1748","1748","0.871771151233871","0.8694644988349672","0.8757951103372597"
"875","1750","1750","1750","0.8704619165438707","0.8665749486126824","0.8768589497077013"
"876","1752","1752","1752","0.8699691035141438","0.8598543422593777","0.8780019461524485"
"877","1754","1754","1754","0.8687029471067149","0.8602675751960134","0.8761925078903638"
"878","1756","1756","1756","0.8663072637538247","0.8596460421967195","0.8732112990416774"
"879","1758","1758","1758","0.8699738220905019","0.862761298389214","0.8743205477003699"
"880","1760","1760","1760","0.8719102110015132","0.8664576848670428","0.8762583440508339"
"881","1762","1762","1762","0.8701637068194863","0.8670011337762562","0.8743719079357082"
"882","1764","1764","1764","0.8721637540535608","0.8683129824756068","0.8756845735035785"
"883","1766","1766","1766","0.8707602733986644","0.8674183512499254","0.8732198169708991"
"884","1768","1768","1768","0.8728011897543378","0.8674070585373688","0.876770959891617"
"885","1770","1770","1770","0.8710482742944423","0.8688399918575823","0.8730194642688957"
"886","1772","1772","1772","0.8714288700264448","0.866779076136442","0.8752223945127381"
"887","1774","1774","1774","0.8701442118773223","0.8661839514967142","0.872542287650072"
"888","1776","1776","1776","0.8691925670514407","0.8643591796719722","0.872936508940864"
"889","1778","1778","1778","0.8693980085565466","0.8645978613102372","0.8738775573470468"
"890","1780","1780","1780","0.8716933242514197","0.8672280762607036","0.8744303806477662"
"891","1782","1782","1782","0.8726034336843943","0.8631596004490362","0.8766119435021726"
"892","1784","1784","1784","0.8725629986867134","0.8690613946679921","0.8759078024634809"
"893","1786","1786","1786","0.8721014959774653","0.8646343808542505","0.87666850488982"
"894","1788","1788","1788","0.871707431998674","0.8672714736937585","0.87736284044971"
"895","1790","1790","1790","0.869740448667199","0.8583871115819078","0.8754561254622262"
"896","1792","1792","1792","0.8697042463100791","0.8617099426547752","0.8771627665321998"
"897","1794","1794","1794","0.8703804248548422","0.861572153340788","0.8749784316760733"
"898","1796","1796","1796","0.8700055354344587","0.8650983586296049","0.8739601581324395"
"899","1798","1798","1798","0.872429526599676","0.8618323650939405","0.877580234406099"
"900","1800","1800","1800","0.8716502994737173","0.8634534370713589","0.8763740760398958"
"901","1802","1802","1802","0.8694505459678711","0.8612619037432034","0.8742932346311196"
"902","1804","1804","1804","0.8708904774037969","0.8622664006540726","0.87574000593619"
"903","1806","1806","1806","0.8728287476370238","0.8641938035976181","0.8774771086963014"
"904","1808","1808","1808","0.8710036857807321","0.8637383906750875","0.8756389060692611"
"905","1810","1810","1810","0.8708589216040483","0.8667162226335178","0.8754973089012181"
"906","1812","1812","1812","0.871520015013135","0.8669362825618804","0.8762791451245687"
"907","1814","1814","1814","0.87116570900656","0.8647682310480217","0.8758162565316328"
"908","1816","1816","1816","0.8712839788870668","0.8666974822672127","0.8757728332874022"
"909","1818","1818","1818","0.8700151787591761","0.8683529325144116","0.8727022972354819"
"910","1820","1820","1820","0.870079394739113","0.8629031503249384","0.8742366283228622"
"911","1822","1822","1822","0.8716815493141432","0.8680442960119408","0.874222095212183"
"912","1824","1824","1824","0.8667826864714986","0.8626253018590114","0.8714887663376412"
"913","1826","1826","1826","0.8695033130386227","0.8659895679272909","0.8728779798276963"
"914","1828","1828","1828","0.8690483537539991","0.8617119907061797","0.8779478991463114"
"915","1830","1830","1830","0.8694812285730317","0.8621823711277521","0.8747183131534121"
"916","1832","1832","1832","0.8700471665879608","0.8619085323227633","0.8818814901948103"
"917","1834","1834","1834","0.8704987974240085","0.8626061398631589","0.8801615482686068"
"918","1836","1836","1836","0.8719393584651641","0.8675401451278224","0.8811077236949632"
"919","1838","1838","1838","0.8747265372446897","0.8664694998495244","0.8819645640731975"
"920","1840","1840","1840","0.8732065447964169","0.8680530030629516","0.8803486788141578"
"921","1842","1842","1842","0.874074697121997","0.8665167217103481","0.880596176422677"
"922","1844","1844","1844","0.8748738062799","0.8667691596939923","0.8807297694474514"
"923","1846","1846","1846","0.8706832092150665","0.8614194002970454","0.8826248640444099"
"924","1848","1848","1848","0.8713119769902244","0.8642888682292553","0.8806611863293684"
"925","1850","1850","1850","0.8692648556666862","0.860381255219303","0.8772936281177441"
"926","1852","1852","1852","0.8713789783835233","0.8621718966628124","0.8794039876110804"
"927","1854","1854","1854","0.8705388963820233","0.8631473590121235","0.8772444817315673"
"928","1856","1856","1856","0.8725067604620891","0.8631294145863612","0.8809936675233622"
"929","1858","1858","1858","0.8711898515386627","0.8643637079088509","0.8781245950850789"
"930","1860","1860","1860","0.8741475843642356","0.8681310976552225","0.8773844928383496"
"931","1862","1862","1862","0.8718603802866879","0.8622509313284605","0.8784510138734619"
"932","1864","1864","1864","0.8731426011756092","0.8656086882499153","0.8823049438361465"
"933","1866","1866","1866","0.87261846587978","0.8663765159551724","0.8797994868674469"
"934","1868","1868","1868","0.8702515527938999","0.8614128846878376","0.8777465835404339"
"935","1870","1870","1870","0.8706408482858154","0.8625355618279754","0.8801426865863399"
"936","1872","1872","1872","0.8724593611844715","0.8676296267848622","0.883990166392147"
"937","1874","1874","1874","0.8705679589754141","0.8662194716071278","0.8789780569166872"
"938","1876","1876","1876","0.8709627136997687","0.8648043335726715","0.8818189838970142"
"939","1878","1878","1878","0.871975415765126","0.8649802205841454","0.8810860498388091"
"940","1880","1880","1880","0.8724637070009831","0.8646795533457378","0.8825071387717622"
"941","1882","1882","1882","0.8707824076981081","0.8608980879788759","0.8815808533358507"
"942","1884","1884","1884","0.8692278709094634","0.8618967784599739","0.8787698769247625"
"943","1886","1886","1886","0.8689270154505169","0.8638125006989859","0.878516208999963"
"944","1888","1888","1888","0.870875472275064","0.8622658906923657","0.8799206321885201"
"945","1890","1890","1890","0.8671197722441641","0.8620273967607905","0.8738571485030765"
"946","1892","1892","1892","0.8698378770394403","0.8622293670639238","0.8721574358844741"
"947","1894","1894","1894","0.8713383011562641","0.8635651971882784","0.8747995374200109"
"948","1896","1896","1896","0.8690507624455096","0.8612434622323416","0.8737950904002725"
"949","1898","1898","1898","0.8739321272455957","0.8618951129528031","0.8791276865778435"
"950","1900","1900","1900","0.8711655636039033","0.8613952657439274","0.8754307599983707"
"951","1902","1902","1902","0.8716979432420915","0.8566513700517296","0.8792081868502146"
"952","1904","1904","1904","0.8709244771049403","0.8641018628344954","0.8763416435549476"
"953","1906","1906","1906","0.87279552725008","0.8668285227058498","0.8764242561627348"
"954","1908","1908","1908","0.8711249892878076","0.8629260532591128","0.8796325150365579"
"955","1910","1910","1910","0.87169065695683","0.8683320826861444","0.8754130219607456"
"956","1912","1912","1912","0.871600157377685","0.8625369835302973","0.875578863278458"
"957","1914","1914","1914","0.869807809431974","0.8612143347970768","0.875641005615513"
"958","1916","1916","1916","0.8728501471932244","0.8614951581502491","0.8780847220773441"
"959","1918","1918","1918","0.8706717317075299","0.861597398856037","0.8761683940592879"
"960","1920","1920","1920","0.8685989613377109","0.8604318282683531","0.8729966268115277"
"961","1922","1922","1922","0.8703426801378189","0.8677071816335388","0.8737494051159267"
"962","1924","1924","1924","0.8686365846885125","0.8634221545538098","0.8728174269180233"
"963","1926","1926","1926","0.8705747619448194","0.8635147828755307","0.8787407645680104"
"964","1928","1928","1928","0.8699637291398552","0.861711673489918","0.8775045829824856"
"965","1930","1930","1930","0.8712162133412782","0.8637046309466943","0.8760091736508808"
"966","1932","1932","1932","0.8728338092837576","0.8663189827373278","0.8771000400176089"
"967","1934","1934","1934","0.8695285553558856","0.8632369032517252","0.8765313298867814"
"968","1936","1936","1936","0.8698166851063427","0.8621948109180836","0.8806294075344147"
"969","1938","1938","1938","0.8701421540975002","0.8624872888850323","0.8752118702990391"
"970","1940","1940","1940","0.8711181054352369","0.8642787949265922","0.8749501545484735"
"971","1942","1942","1942","0.8698802538293993","0.868726087987579","0.8729072411948312"
"972","1944","1944","1944","0.8731431527395225","0.8711705239087565","0.8771017154990343"
"973","1946","1946","1946","0.8733543185413067","0.8708182614476245","0.8766472457983009"
"974","1948","1948","1948","0.8726730804920054","0.8658122816442019","0.8770670851424717"
"975","1950","1950","1950","0.8731162180270846","0.8691380396549705","0.8779673820158022"
"976","1952","1952","1952","0.8717600726276231","0.8696517253659063","0.8782641511716105"
"977","1954","1954","1954","0.8731901374674672","0.8697985733600072","0.8758817007797917"
"978","1956","1956","1956","0.8719346134711458","0.8672959435225579","0.8748572593718327"
"979","1958","1958","1958","0.8708785159866992","0.8649260493353149","0.8741530527563426"
"980","1960","1960","1960","0.8690388745909472","0.865743401571639","0.8722109148908113"
"981","1962","1962","1962","0.8712535168305463","0.8688062220329262","0.8731802725179246"
"982","1964","1964","1964","0.8690737941273697","0.8660109256471901","0.8751362978850586"
"983","1966","1966","1966","0.8707535077636706","0.866457889638065","0.8735623697575637"
"984","1968","1968","1968","0.871669676611521","0.8654870640049039","0.8762565364709206"
"985","1970","1970","1970","0.8729128331929882","0.870535553726147","0.8759658192796361"
"986","1972","1972","1972","0.8718741623847255","0.8673523852753625","0.8772532014268006"
"987","1974","1974","1974","0.8694034985902869","0.8639062214640448","0.8754979883511135"
"988","1976","1976","1976","0.870481757010672","0.8641989365827116","0.8735117167573916"
"989","1978","1978","1978","0.8719510977745308","0.8694686872295007","0.8758043777594495"
"990","1980","1980","1980","0.8690907842849418","0.8652676120320631","0.8708538322722811"
"991","1982","1982","1982","0.8709481514304394","0.8696139643580629","0.8743514987012692"
"992","1984","1984","1984","0.8730048449758975","0.8698149772500258","0.8754860133809724"
"993","1986","1986","1986","0.8693703557306369","0.8594144348659171","0.8734687335025515"
"994","1988","1988","1988","0.8707827138904267","0.8568915553777359","0.8785053332020699"
"995","1990","1990","1990","0.8676889542155491","0.8610731111113913","0.873782004774657"
"996","1992","1992","1992","0.8708778831240409","0.8653907851266397","0.8737399830116443"
"997","1994","1994","1994","0.8686982468615014","0.8663139212072588","0.8722506529594496"
"998","1996","1996","1996","0.8707642795031676","0.8681539882730123","0.8727258604842589"
"999","1998","1998","1998","0.8727995534226596","0.8700227402650869","0.8778368763594921"