"epoch","Name: hopfield_mol - _step","Name: hopfield_mol - _step__MIN","Name: hopfield_mol - _step__MAX","Name: hopfield_mol - ci_val","Name: hopfield_mol - ci_val__MIN","Name: hopfield_mol - ci_val__MAX"
"0","0","0","0","0.7070836339428638","0.7036621200396479","0.7125862004830394"
"1","2","2","2","0.7324299282035212","0.724683696415974","0.7416402795326416"
"2","4","4","4","0.7450486006809335","0.7370457865749569","0.750919449387932"
"3","6","6","6","0.7553111548047778","0.7514612170968222","0.761609569744163"
"4","8","8","8","0.7561514910189546","0.7511312074803665","0.7619046455960807"
"5","10","10","10","0.767238466030182","0.7622044648234978","0.7759721910058858"
"6","12","12","12","0.7688932106095543","0.7622746376612033","0.7727812295790758"
"7","14","14","14","0.7736364219474204","0.7679617978492225","0.7778631662355012"
"8","16","16","16","0.7760884332716371","0.7726426192232073","0.7783329137512726"
"9","18","18","18","0.7826548087977738","0.7789511359682673","0.7864130213769918"
"10","20","20","20","0.7854440472924513","0.781575904675398","0.7884249629980522"
"11","22","22","22","0.7877005625223343","0.7845296889432765","0.789918675009815"
"12","24","24","24","0.7898748073324451","0.7866412963998504","0.7924797589314923"
"13","26","26","26","0.7905726284387385","0.7869532958699391","0.793460751698368"
"14","28","28","28","0.7921472879561438","0.7885166734983505","0.7971816416417149"
"15","30","30","30","0.7929137963069863","0.7886317208668078","0.7971209111311324"
"16","32","32","32","0.797582112363328","0.7941521812070947","0.8021028152193613"
"17","34","34","34","0.7986194683917562","0.7933315830710841","0.8030470701640786"
"18","36","36","36","0.7996582977518714","0.7963617607166558","0.8028639332706549"
"19","38","38","38","0.8025854702026031","0.7990570788706834","0.8062214091316784"
"20","40","40","40","0.8026486388845798","0.8000009515823023","0.8057873858880495"
"21","42","42","42","0.8060797226006862","0.8044650506293888","0.807318772423203"
"22","44","44","44","0.8062912781094858","0.8006912792552543","0.8090900166189997"
"23","46","46","46","0.8070530936038127","0.8017360069780055","0.8095599523142245"
"24","48","48","48","0.8067847737308785","0.8039146728130744","0.8109556283261857"
"25","50","50","50","0.8103109623097577","0.807820651751438","0.8147712070861841"
"26","52","52","52","0.8100696247320597","0.806378482835564","0.8138520137871693"
"27","54","54","54","0.8116114953370074","0.8065124520025567","0.8146053084705371"
"28","56","56","56","0.8149912450526836","0.8114724103526354","0.8187385675156177"
"29","58","58","58","0.8163269791763789","0.8132861879728686","0.8198417696956204"
"30","60","60","60","0.8156553472354453","0.812112723754729","0.8198145166443379"
"31","62","62","62","0.8173516518914102","0.8150359925931396","0.8191159250776081"
"32","64","64","64","0.8184209149351016","0.8153123291126803","0.8243191601991625"
"33","66","66","66","0.8210800704380103","0.8182786361784757","0.8230350086432662"
"34","68","68","68","0.8228204503261658","0.8171197660415785","0.8305044557637952"
"35","70","70","70","0.8240659068642613","0.8225875358805884","0.8266596447573624"
"36","72","72","72","0.8264781757840653","0.8233940345308421","0.830608162623837"
"37","74","74","74","0.826756825819818","0.8211359200347577","0.8314083859491701"
"38","76","76","76","0.826249120000714","0.8225033121746586","0.8303969580437957"
"39","78","78","78","0.827611239025195","0.8249778432319418","0.8326767304883758"
"40","80","80","80","0.8282630380349756","0.8267806507566743","0.8322541711865167"
"41","82","82","82","0.8283017309470445","0.826782446509059","0.8301240584383341"
"42","84","84","84","0.8298673628164017","0.82698983877918","0.8327936257561539"
"43","86","86","86","0.8326547561216993","0.8295598197683713","0.8371904211860481"
"44","88","88","88","0.8354314427943177","0.8319156582603765","0.8388541891540124"
"45","90","90","90","0.8362309445050767","0.8328973461906841","0.8405453382532716"
"46","92","92","92","0.8365419824095539","0.8313788601664106","0.8422008059449545"
"47","94","94","94","0.8379401957476936","0.8339047063590421","0.8417732679688226"
"48","96","96","96","0.8401618374810649","0.836719928744509","0.8426321846056127"
"49","98","98","98","0.840084380989175","0.8349698856616217","0.8437233558718764"
"50","100","100","100","0.8411407557169144","0.8383609730993222","0.8430412347048097"
"51","102","102","102","0.8409834364544014","0.8367355947318043","0.8455098750216445"
"52","104","104","104","0.8417204714156034","0.8381741993417788","0.8445155068129845"
"53","106","106","106","0.8426254561116604","0.8365476562816143","0.8445626985323322"
"54","108","108","108","0.8450781505737807","0.843360464642803","0.8469482313201973"
"55","110","110","110","0.845098550258359","0.8418858433406534","0.8475218728059529"
"56","112","112","112","0.8455504419294204","0.8449812771878665","0.846189789570428"
"57","114","114","114","0.8451437970430355","0.8433072660739178","0.8466828392565638"
"58","116","116","116","0.8446782017054936","0.8424085647836836","0.8466979202053599"
"59","118","118","118","0.8477138956430116","0.8452639738687311","0.8504755554734704"
"60","120","120","120","0.8493950819037993","0.8474893280568423","0.8514719070279231"
"61","122","122","122","0.8505377430554134","0.8482675406432335","0.8537061750070671"
"62","124","124","124","0.851378920561778","0.8481228007602147","0.8540476193015212"
"63","126","126","126","0.8505734841800809","0.8481332452609994","0.8524838704976144"
"64","128","128","128","0.8516734895675034","0.8497572162277598","0.8552809278824336"
"65","130","130","130","0.8516695661696054","0.8488144384799235","0.8546302844280211"
"66","132","132","132","0.8517872266853574","0.8485070650769446","0.8545172475788204"
"67","134","134","134","0.8524506335802211","0.8487967121395779","0.8541612090673554"
"68","136","136","136","0.853094955931993","0.8510098681207107","0.8545200887379412"
"69","138","138","138","0.8523393274424785","0.8469976254753737","0.8566655637091285"
"70","140","140","140","0.854151480093116","0.8517111333925372","0.8565740580686395"
"71","142","142","142","0.8544626881907977","0.8517133356929709","0.8567145364898239"
"72","144","144","144","0.8556069484876081","0.8539833690464832","0.8564667088948489"
"73","146","146","146","0.8560428407737994","0.8549647105361486","0.8579428525703104"
"74","148","148","148","0.8568780110310037","0.8557693533443794","0.8589085632269466"
"75","150","150","150","0.8576760740253524","0.8563688848297193","0.859334947565288"
"76","152","152","152","0.8554277661896951","0.8517657731695293","0.8576192043935715"
"77","154","154","154","0.856839804919083","0.855828789236733","0.8582104790615902"
"78","156","156","156","0.8580087243829695","0.8553432368024558","0.8597673222137364"
"79","158","158","158","0.8599016591268225","0.8579297684511656","0.8626268423082099"
"80","160","160","160","0.8591040147383247","0.8574719247073327","0.8599599807467898"
"81","162","162","162","0.8593812888252883","0.8569779339701222","0.8610913129819806"
"82","164","164","164","0.8593874849835208","0.8579973075857801","0.8601877159068425"
"83","166","166","166","0.8596546535020362","0.8586537584067265","0.8607536937266289"
"84","168","168","168","0.8604130798141162","0.85989030520559","0.8608308809535073"
"85","170","170","170","0.8602547437290793","0.8593545084833711","0.8622093698476546"
"86","172","172","172","0.8608559952619975","0.8592231520790988","0.8619968602627682"
"87","174","174","174","0.8596588920790482","0.8578493461348408","0.8616363325371423"
"88","176","176","176","0.8602846134806574","0.8579252979482912","0.8629833913808856"
"89","178","178","178","0.8597858368478096","0.8584584337527653","0.8623096749865488"
"90","180","180","180","0.8600788753022647","0.8588166319253577","0.8612060025289855"
"91","182","182","182","0.8606627497957883","0.8585312614319877","0.8638685083557798"
"92","184","184","184","0.8600245037075951","0.8586354609076364","0.8607440498595216"
"93","186","186","186","0.8604972377435376","0.8541203950412488","0.863028301273032"
"94","188","188","188","0.8602950006168572","0.8581958771376987","0.8613340999205704"
"95","190","190","190","0.8601199440291426","0.8574498451042981","0.8639046881398337"
"96","192","192","192","0.8606386712309559","0.858690682173182","0.862211882548906"
"97","194","194","194","0.8604527781039083","0.8575517317726613","0.8634831372543038"
"98","196","196","196","0.8618150284149857","0.8606193921347872","0.8633266005758801"
"99","198","198","198","0.8627336776064581","0.860914610043644","0.8642670610212172"
"100","200","200","200","0.8618502708990272","0.8600526920861871","0.8633693605502604"
"101","202","202","202","0.8612004890414958","0.8594311287231579","0.8640342552757863"
"102","204","204","204","0.8622420683620652","0.8601999315688709","0.8641451722859449"
"103","206","206","206","0.8628661667444154","0.8613913646853115","0.8648639009454242"
"104","208","208","208","0.8639237168177238","0.8615379612951826","0.8657721329695653"
"105","210","210","210","0.8631681408520985","0.8610833794859977","0.8659254066789076"
"106","212","212","212","0.863399527594423","0.8616739068488726","0.8653480087974179"
"107","214","214","214","0.8640389962206259","0.8616182617217224","0.8658081935571034"
"108","216","216","216","0.8628692402288861","0.8604729036629487","0.8641487145826673"
"109","218","218","218","0.8629031057272281","0.8588921490692891","0.8644253188512541"
"110","220","220","220","0.8632390868722896","0.8594725281110253","0.8651397989588234"
"111","222","222","222","0.86302853176142","0.8606932374430742","0.8651067884530264"
"112","224","224","224","0.8643407214748026","0.8635841598160552","0.8660541983493478"
"113","226","226","226","0.864507724767676","0.8638588263150853","0.865890405661022"
"114","228","228","228","0.8638655903247857","0.8620414158390918","0.8659264007301974"
"115","230","230","230","0.8632920154599055","0.8594459021796326","0.8658951616035969"
"116","232","232","232","0.8637464617274475","0.8587565952416164","0.8673254419100596"
"117","234","234","234","0.8626484067517646","0.8582040264247967","0.8658046869971836"
"118","236","236","236","0.8636125006285429","0.8623617182565697","0.8645694677048618"
"119","238","238","238","0.8636696128779298","0.8628245754797926","0.8653603750702226"
"120","240","240","240","0.8641077856772986","0.8611175566358269","0.8665097889668553"
"121","242","242","242","0.8633547433959908","0.8600182672403356","0.8656822918210829"
"122","244","244","244","0.8638531321151353","0.8605376955230788","0.86593304820406"
"123","246","246","246","0.8656729714072551","0.8630527169699515","0.8686844247117558"
"124","248","248","248","0.8648235658681027","0.8620513824429986","0.8665489279750782"
"125","250","250","250","0.8657570893078328","0.8629601198547296","0.8677397125351847"
"126","252","252","252","0.8658741878827598","0.8640214144270827","0.86769454694359"
"127","254","254","254","0.8642139483992022","0.8596699894402325","0.8674483709168006"
"128","256","256","256","0.8649700328082798","0.8612289497800645","0.8665154448557946"
"129","258","258","258","0.8655638177563076","0.8648184102034017","0.86753103245653"
"130","260","260","260","0.864981836635571","0.8642242624572135","0.8669588579232858"
"131","262","262","262","0.8645951186090132","0.8631023673734686","0.8672409663513988"
"132","264","264","264","0.864327626365416","0.8615304181583142","0.8674640721809805"
"133","266","266","266","0.8653680967736392","0.8645773893859884","0.8658645399541975"
"134","268","268","268","0.8659886755552304","0.8629042284219041","0.8688217960280593"
"135","270","270","270","0.8660520515287281","0.8635587015615575","0.8682071726803923"
"136","272","272","272","0.866549688774197","0.8650332036694591","0.8691306783916053"
"137","274","274","274","0.8646966383906062","0.8592957803276048","0.867593245757908"
"138","276","276","276","0.8660552411579949","0.8633801834024615","0.869143360667203"
"139","278","278","278","0.8674324316812443","0.8645359939974961","0.8691800511508706"
"140","280","280","280","0.8665759681624193","0.8637697651379854","0.8690926628284739"
"141","282","282","282","0.866954609199247","0.8638677703166823","0.8698620793489684"
"142","284","284","284","0.8673237000844782","0.8656570638014893","0.8692752992466701"
"143","286","286","286","0.8656410602060263","0.8633399326072272","0.8673069253945509"
"144","288","288","288","0.8667487703999839","0.8661823370306041","0.8672389121999106"
"145","290","290","290","0.8666574946713406","0.8659132542209454","0.8677900544425518"
"146","292","292","292","0.8679723455828864","0.8655069447716013","0.8704525207260996"
"147","294","294","294","0.8675451032032824","0.8669716325745607","0.8687686130228849"
"148","296","296","296","0.8666943170880932","0.8661616583205097","0.8668496078998682"
"149","298","298","298","0.8677574804867836","0.8667818337694195","0.8686652390253746"
"150","300","300","300","0.8675898933931006","0.8662549002225371","0.8689433154898514"
"151","302","302","302","0.8673254849357056","0.8648931304444872","0.8688191399737626"
"152","304","304","304","0.8672029745800659","0.865826926640844","0.8685320287230326"
"153","306","306","306","0.8661569394586554","0.8591085809715261","0.8690291738936343"
"154","308","308","308","0.8679727969420792","0.8664932360659456","0.8694388792724622"
"155","310","310","310","0.8677323871477837","0.8653186545420035","0.870091673509105"
"156","312","312","312","0.8668249406861976","0.8649608377870202","0.868389491731302"
"157","314","314","314","0.8671299515513005","0.8657878845904177","0.8686173300001525"
"158","316","316","316","0.8674999940681198","0.8623710653947021","0.8706591318428054"
"159","318","318","318","0.8666121868131874","0.8617876870209907","0.8703199630606913"
"160","320","320","320","0.8673706137835134","0.8642465879619963","0.8692825391624504"
"161","322","322","322","0.8681226393517762","0.8651220931158254","0.8699615425764277"
"162","324","324","324","0.8669932361187127","0.8614294076828742","0.8694185868572754"
"163","326","326","326","0.8672525718296551","0.8637881801890083","0.8700900187128505"
"164","328","328","328","0.867002046422184","0.8649061173684495","0.8695902283027747"
"165","330","330","330","0.8664048164648372","0.8636230951257655","0.8684203976536808"
"166","332","332","332","0.8654411566231335","0.8604123623357476","0.8686213083623684"
"167","334","334","334","0.8646851352719604","0.8578643555018712","0.8696877791301018"
"168","336","336","336","0.8670584656112587","0.8652549831667888","0.8687888788301528"
"169","338","338","338","0.8674687691080969","0.864718906103428","0.8687323407530761"
"170","340","340","340","0.8672631951217434","0.8659509657310253","0.8680560588460091"
"171","342","342","342","0.8673863598749477","0.8657867316071165","0.8690843667162939"
"172","344","344","344","0.8683333047843629","0.8675364684549033","0.86916129758414"
"173","346","346","346","0.8665246654452649","0.8638199379209197","0.8689787755890704"
"174","348","348","348","0.8680273011326591","0.8658866484169299","0.8702789792085759"
"175","350","350","350","0.8664619738945977","0.8631449738231407","0.8686935057741785"
"176","352","352","352","0.8675112978371684","0.8643756321137986","0.870755624348259"
"177","354","354","354","0.8685543880595775","0.866067823799418","0.8703104833978936"
"178","356","356","356","0.8685183433124063","0.8668544696686278","0.8699524654284012"
"179","358","358","358","0.8678092220792543","0.8664486378770365","0.8704942173000547"
"180","360","360","360","0.8670227012127933","0.8650401493558411","0.8683310433988091"
"181","362","362","362","0.8679188743000493","0.866162920038078","0.8695250946814743"
"182","364","364","364","0.8675971418918185","0.8638506724065429","0.8728990522591057"
"183","366","366","366","0.8669733386947097","0.8656655997012458","0.8688303087527588"
"184","368","368","368","0.8672278169164276","0.8647702884410677","0.8690034717375608"
"185","370","370","370","0.8690632100250184","0.8673400311715389","0.8711956608740016"
"186","372","372","372","0.867541860556887","0.8656390058430017","0.8689500928957707"
"187","374","374","374","0.867733327234679","0.8665326874627008","0.8689557042573158"
"188","376","376","376","0.8684626655287826","0.8655977907239927","0.8701505979383133"
"189","378","378","378","0.8676459141171886","0.8663494628811599","0.8690589491332336"
"190","380","380","380","0.8680498755743233","0.8647205846963582","0.8723043955212074"
"191","382","382","382","0.8684029102852083","0.8662103783266747","0.8706875958720979"
"192","384","384","384","0.8672999790234164","0.863049447715935","0.8713592786915955"
"193","386","386","386","0.8666002705174402","0.863857952339289","0.8706629388478803"
"194","388","388","388","0.8679220582174867","0.8663073652726325","0.8717361330829592"
"195","390","390","390","0.8682830429798243","0.8658033464279266","0.8717065781542471"
"196","392","392","392","0.8701515400563993","0.8681274043696687","0.8709839023324094"
"197","394","394","394","0.8690111057770128","0.8672966595149899","0.8720026775972911"
"198","396","396","396","0.8697649553663244","0.8673878173628756","0.8710855939107526"
"199","398","398","398","0.86911757943957","0.8669859442162329","0.8707020847495984"
"200","400","400","400","0.867421535402161","0.8643321970890486","0.8715970264846619"
"201","402","402","402","0.868245364476023","0.8658108768929698","0.8703831296880002"
"202","404","404","404","0.8668601029539647","0.8620450646087435","0.8711922649181172"
"203","406","406","406","0.8687784720335182","0.8646767487051579","0.8713751667933042"
"204","408","408","408","0.8669281562937178","0.862921694199916","0.8723775737425873"
"205","410","410","410","0.8678350986253622","0.8624565778051261","0.8716938397589682"
"206","412","412","412","0.8679862047794075","0.8614688727989431","0.8737663745493468"
"207","414","414","414","0.8688426546389282","0.8658676107667271","0.872404292435475"
"208","416","416","416","0.8666117077845786","0.8627506468734114","0.8695852367010668"
"209","418","418","418","0.867625774128495","0.8622473984680722","0.8721051988042148"
"210","420","420","420","0.8690802812906322","0.8639788845560566","0.8728051732002511"
"211","422","422","422","0.8682348644411274","0.8647371651456852","0.8709646083846344"
"212","424","424","424","0.8686122594499863","0.8665799380115652","0.8705538416019576"
"213","426","426","426","0.8696610323011555","0.8653470071252238","0.8727322281436651"
"214","428","428","428","0.8698570419549421","0.8665234409016875","0.8722881648344055"
"215","430","430","430","0.8691673232111615","0.8633451870212191","0.8724822944676017"
"216","432","432","432","0.8702174755653751","0.8684353855846894","0.8720149156064217"
"217","434","434","434","0.8682645760134886","0.8662184993729928","0.8708935810379108"
"218","436","436","436","0.8678992090093625","0.8662533439917216","0.8699709354000827"
"219","438","438","438","0.8691745451642505","0.8686322772411832","0.8699835830968369"
"220","440","440","440","0.8681259425350193","0.8620589317997561","0.8714667804081967"
"221","442","442","442","0.8686233555481924","0.8648493521963483","0.8740270569863176"
"222","444","444","444","0.8664541230551613","0.858302574171472","0.8729774604784152"
"223","446","446","446","0.8680437688435682","0.8629731236359555","0.8725583132531602"
"224","448","448","448","0.8681661176277051","0.8608634964690555","0.872060491107305"
"225","450","450","450","0.8672159465792394","0.8638497275734275","0.869810554604843"
"226","452","452","452","0.8678787139465622","0.8602258650353508","0.8713855823051193"
"227","454","454","454","0.8691246047357369","0.8656910660540492","0.8718517729084453"
"228","456","456","456","0.8689301898703503","0.8656209498060355","0.8714606204097364"
"229","458","458","458","0.8681684000932204","0.8647031441289156","0.8711864189815572"
"230","460","460","460","0.8659712963182743","0.8598461419301612","0.8689870006213598"
"231","462","462","462","0.8664719463599496","0.8636958884893383","0.8685042429473132"
"232","464","464","464","0.8671959406915966","0.8648815509050706","0.8719636669499622"
"233","466","466","466","0.8674919192224566","0.8619973907278206","0.8709667569299548"
"234","468","468","468","0.8683933286476118","0.8648307382448125","0.8723880470357679"
"235","470","470","470","0.869648754465621","0.8676051888855433","0.871785861487177"
"236","472","472","472","0.8688111744633282","0.8632862103280852","0.8729781053330449"
"237","474","474","474","0.8677727329715369","0.8625653232236338","0.8710622214367835"
"238","476","476","476","0.8689704520911297","0.8653260843948574","0.8727806517470882"
"239","478","478","478","0.8694435334051202","0.8683291540046474","0.8708974141739552"
"240","480","480","480","0.8683918878231903","0.8664589744640369","0.8706889793425184"
"241","482","482","482","0.870658482817048","0.8695920874409997","0.8728791798011483"
"242","484","484","484","0.8709879258450124","0.8690978664713862","0.8732999464567036"
"243","486","486","486","0.8708631966872534","0.8676444847811889","0.8755369525211056"
"244","488","488","488","0.8721328405691615","0.8687420437465447","0.8762257509998556"
"245","490","490","490","0.8700818130607543","0.8670136845993565","0.8744636128468736"
"246","492","492","492","0.8702732822892456","0.8663456825356576","0.8722834593472003"
"247","494","494","494","0.8699686989499698","0.8648183966574564","0.876557150685274"
"248","496","496","496","0.8685311049044359","0.864177310854566","0.8721882655362139"
"249","498","498","498","0.869200398416434","0.8643169347754319","0.8737095510873805"
"250","500","500","500","0.8714442514930327","0.8668182432711117","0.877022721067998"
"251","502","502","502","0.8697890631312812","0.8607557133135574","0.8733599548110735"
"252","504","504","504","0.8708728791883855","0.8658672273144877","0.8752685499157695"
"253","506","506","506","0.8695741902479057","0.8650008567310582","0.8729963814743489"
"254","508","508","508","0.8683874331863055","0.8623733762811027","0.8717378895370285"
"255","510","510","510","0.8709182781071823","0.8651743219740908","0.8789785248893232"
"256","512","512","512","0.8712026600139516","0.866427566549666","0.8798864606309617"
"257","514","514","514","0.8700238179627705","0.8662130904737688","0.8734837106316834"
"258","516","516","516","0.8708480222927545","0.8637250962037093","0.8784321898064108"
"259","518","518","518","0.870857599693772","0.8675555819385791","0.8736726860673778"
"260","520","520","520","0.8701167825572036","0.8678431316927968","0.8723608968699084"
"261","522","522","522","0.8718105969404807","0.8656799141109373","0.8793127956692239"
"262","524","524","524","0.8712216276606345","0.8683584468271","0.8762912465521836"
"263","526","526","526","0.8715802080165693","0.8667124302265959","0.879014631029548"
"264","528","528","528","0.8710588807772177","0.8685282439285102","0.8725679043477867"
"265","530","530","530","0.8689451625580759","0.8661319519655887","0.8716778333880086"
"266","532","532","532","0.8707885075248416","0.8667401850186172","0.8739881085757665"
"267","534","534","534","0.8717778681877121","0.8675131134928061","0.879949486307385"
"268","536","536","536","0.8701389717429366","0.8633837717295934","0.8784333836171743"
"269","538","538","538","0.8711828950667233","0.8681362949931125","0.8738465178159291"
"270","540","540","540","0.8720644584118942","0.8647581291863975","0.877856312427817"
"271","542","542","542","0.8694066708146222","0.860866870512308","0.87378521358881"
"272","544","544","544","0.8708128247363162","0.8622152661927063","0.8763454782606211"
"273","546","546","546","0.870602626310597","0.8677931278641611","0.8731812678828427"
"274","548","548","548","0.8699722279478991","0.8654033336947334","0.871817735575746"
"275","550","550","550","0.8703798866494099","0.8659284684741032","0.8781953681694203"
"276","552","552","552","0.8708239813839755","0.8663526007571877","0.8766732752208907"
"277","554","554","554","0.8685298455056198","0.8650909574619932","0.8732820173856949"
"278","556","556","556","0.8717090137423431","0.8681912306471115","0.8746681655625789"
"279","558","558","558","0.8712702273964185","0.8677866727772876","0.8737494754874766"
"280","560","560","560","0.8715203064137785","0.8695066611273118","0.8758024338553905"
"281","562","562","562","0.8702698383785684","0.8672828593299472","0.8751225311616713"
"282","564","564","564","0.8691236760550053","0.8644242171961845","0.8714293547612447"
"283","566","566","566","0.8702379547660752","0.8647271261081485","0.8757838161670262"
"284","568","568","568","0.8696635820212727","0.8619480261085126","0.8743140109454353"
"285","570","570","570","0.8675342016637426","0.8646184947363316","0.8703181111397852"
"286","572","572","572","0.8681289128363684","0.8654129235654056","0.8711274770646866"
"287","574","574","574","0.8705794784945837","0.8674099310993271","0.875065874565881"
"288","576","576","576","0.869574327139597","0.8634583133077437","0.8743822962223275"
"289","578","578","578","0.86768366290436","0.8632728616250184","0.8724586002534203"
"290","580","580","580","0.8697926033143213","0.8666244486984812","0.8713888435957816"
"291","582","582","582","0.8707126604321571","0.8675726015333362","0.8742959169305614"
"292","584","584","584","0.8708283295523096","0.8686027326323138","0.8738114001879294"
"293","586","586","586","0.8718533931476788","0.8703047168981796","0.8739758032891815"
"294","588","588","588","0.8708396915835651","0.8675613258924024","0.8754888350491692"
"295","590","590","590","0.8706115389650618","0.8659812028537509","0.8734287559066769"
"296","592","592","592","0.8715875598633428","0.8689019246870815","0.874002040521946"
"297","594","594","594","0.8719579116438471","0.8692258627044055","0.8740444020146432"
"298","596","596","596","0.869391702911952","0.8664896601977347","0.8722173985452308"
"299","598","598","598","0.8704817110216055","0.8658622388349315","0.8773842815476792"
"300","600","600","600","0.8699970732473643","0.8661777110313494","0.8736089380906061"
"301","602","602","602","0.8702089515642747","0.8674950530656361","0.8757076480853037"
"302","604","604","604","0.8702192983835901","0.8674279064750452","0.872923959980634"
"303","606","606","606","0.868020973805223","0.8633474497246921","0.8737989976696496"
"304","608","608","608","0.8714457248835558","0.8667473916635137","0.8767164584048207"
"305","610","610","610","0.8706942570496878","0.8663466695013158","0.8726176189740946"
"306","612","612","612","0.8690235340042989","0.8653213748033156","0.870577394363164"
"307","614","614","614","0.8700891412206506","0.8661282954222301","0.8736985479898507"
"308","616","616","616","0.8695304818003564","0.8675902643412025","0.8716517030266673"
"309","618","618","618","0.8694892659161024","0.8691269133679635","0.8698904876655805"
"310","620","620","620","0.8692868968297175","0.8658574480169657","0.8720687783207213"
"311","622","622","622","0.870091391953405","0.864368096375256","0.873511370068653"
"312","624","624","624","0.8693630404721325","0.8644938990990991","0.8716205357457127"
"313","626","626","626","0.8692602659520396","0.8668687978149694","0.8716239035248403"
"314","628","628","628","0.8696645675859545","0.8655254529350175","0.8742727197787034"
"315","630","630","630","0.8709436591445577","0.8687179165337319","0.8741872353306077"
"316","632","632","632","0.8710710240133339","0.8696895872346986","0.8733618274475643"
"317","634","634","634","0.8708111315072159","0.867968622853764","0.8741413376846797"
"318","636","636","636","0.8721891018682542","0.8685474331421272","0.8761368508656123"
"319","638","638","638","0.8715848457095522","0.8694164909755805","0.8739169951247194"
"320","640","640","640","0.8718316979631989","0.8681192877233738","0.8762472138720323"
"321","642","642","642","0.8717797578623907","0.8698356680547003","0.874318538464904"
"322","644","644","644","0.8703978241204199","0.8674977571524393","0.8733522106771164"
"323","646","646","646","0.8722815660857247","0.8669814520368375","0.8778017975354425"
"324","648","648","648","0.8705858382228892","0.8649414202118514","0.8734102207485476"
"325","650","650","650","0.8716933787908587","0.8675085427469917","0.8757670936295903"
"326","652","652","652","0.8719105258730716","0.8693260117674454","0.8769287047236866"
"327","654","654","654","0.8715791562003616","0.8675739301179822","0.8749788294025544"
"328","656","656","656","0.8711265598599839","0.8680817827234697","0.8749238452602693"
"329","658","658","658","0.870952906193074","0.8693987003461046","0.8727753414542596"
"330","660","660","660","0.8721008478227479","0.8687160636758341","0.8752486617483658"
"331","662","662","662","0.8692684995217382","0.8664583882297044","0.8704713764096357"
"332","664","664","664","0.871475361624174","0.8675614968754825","0.8754832736145928"
"333","666","666","666","0.8719102304244352","0.8696273608786125","0.8745159547732693"
"334","668","668","668","0.8716175116243446","0.8700022225113941","0.8732892293762169"
"335","670","670","670","0.8712712162639804","0.867519442572624","0.8755953276802033"
"336","672","672","672","0.8718186717077128","0.8703327003452195","0.8733328081418434"
"337","674","674","674","0.8711605782059092","0.8645967762526071","0.8758992863523222"
"338","676","676","676","0.8695564083186564","0.8651265143380135","0.8717196484204796"
"339","678","678","678","0.8703624314499377","0.8667472826151609","0.8748206752257205"
"340","680","680","680","0.8692871689892094","0.8657358484282855","0.8732514667235209"
"341","682","682","682","0.8713647051129099","0.8662143384592954","0.8750532696564922"
"342","684","684","684","0.8708035761896152","0.8679637592370081","0.8734394611150951"
"343","686","686","686","0.8712685225282968","0.8674549732207655","0.8729607944939872"
"344","688","688","688","0.8707547082361462","0.8678588615578572","0.8746746285372808"
"345","690","690","690","0.8707185734121812","0.8684279125346479","0.8747242433096261"
"346","692","692","692","0.8720329566125609","0.8703761363238579","0.8738919178154247"
"347","694","694","694","0.8710653296974964","0.8691105591004554","0.8744574255197176"
"348","696","696","696","0.872192882333561","0.8692702788343891","0.8754039479350358"
"349","698","698","698","0.8713660347274986","0.8686681488533683","0.873483323046361"
"350","700","700","700","0.8705662459193656","0.8652868576417452","0.8759719081835898"
"351","702","702","702","0.8693659198237331","0.8651474309987498","0.8727345810964985"
"352","704","704","704","0.8695362399491202","0.8612780012070831","0.8759361005406499"
"353","706","706","706","0.8695276064437417","0.8655522551641982","0.8757814932332002"
"354","708","708","708","0.8701491295417968","0.8672712164308212","0.87593923255202"
"355","710","710","710","0.8694748472046532","0.8636642543870355","0.8737779678246019"
"356","712","712","712","0.8680373953405394","0.8656617354957926","0.8710527077961747"
"357","714","714","714","0.869563965585804","0.8638347681106325","0.8730832199604103"
"358","716","716","716","0.869520460467766","0.8648155167063524","0.8746007565258411"
"359","718","718","718","0.869141015221806","0.8666744510507676","0.8737741921152608"
"360","720","720","720","0.8698737516347972","0.8649767353666005","0.8742557994964707"
"361","722","722","722","0.8691592454318933","0.8657191603510703","0.8711631899668296"
"362","724","724","724","0.8698961075015529","0.862710972843467","0.8744682663437985"
"363","726","726","726","0.8701404287812025","0.8659297038240101","0.8738404923158843"
"364","728","728","728","0.8701003245352412","0.8642438495385575","0.8766316029400387"
"365","730","730","730","0.8718348303879804","0.8673031359519764","0.8752380057271381"
"366","732","732","732","0.8711644791202102","0.8616878856361085","0.880269696596615"
"367","734","734","734","0.8710344482146283","0.8668917872254913","0.8787161763575291"
"368","736","736","736","0.8699922201197949","0.8625323403068464","0.8734790680758269"
"369","738","738","738","0.8699676006275535","0.8654260274307288","0.8729139594132308"
"370","740","740","740","0.8701065503504907","0.8654952922037527","0.8762766411673326"
"371","742","742","742","0.871050628906618","0.867943568918206","0.8729057674625765"
"372","744","744","744","0.8691643377111481","0.8659419706951637","0.8733641204741052"
"373","746","746","746","0.8714884050826287","0.8685471931198959","0.8741266205717646"
"374","748","748","748","0.870070411756001","0.867522394485111","0.8742235322489393"
"375","750","750","750","0.8711240849309903","0.8663193349409081","0.8770221707832533"
"376","752","752","752","0.8698542837252503","0.8667267884933679","0.8737959963125207"
"377","754","754","754","0.871713282355765","0.8679232622942259","0.8750157202472786"
"378","756","756","756","0.8716417891108417","0.8651698822899874","0.8770424681046209"
"379","758","758","758","0.8731084650376042","0.8706493320110589","0.8766860909151037"
"380","760","760","760","0.8711205120894977","0.866257297886938","0.8754238487882926"
"381","762","762","762","0.8716096115450356","0.8653765734686117","0.8757971506417712"
"382","764","764","764","0.8697410666298186","0.8631202238098838","0.8773215295484696"
"383","766","766","766","0.8724871212894794","0.8681560054075649","0.8759765557236272"
"384","768","768","768","0.8712398010098855","0.866151599648966","0.8765505523865177"
"385","770","770","770","0.8725822482492441","0.8687937211815069","0.8770702592516292"
"386","772","772","772","0.8694467951001335","0.8657153751524336","0.8744621247321614"
"387","774","774","774","0.8692437735818569","0.867890781206696","0.8728580979517893"
"388","776","776","776","0.8717034203668679","0.8694321935931951","0.8728004136312438"
"389","778","778","778","0.8709515802813914","0.8661368584041904","0.8729889146823353"
"390","780","780","780","0.8704208099444717","0.8663422242410539","0.8731702198337334"
"391","782","782","782","0.8695424782764007","0.8663492145376375","0.8731183229552748"
"392","784","784","784","0.8712954976856814","0.8665489326242725","0.8766162176713411"
"393","786","786","786","0.8702165896332975","0.8677468715306831","0.873770048145595"
"394","788","788","788","0.872027304715688","0.8681074460383816","0.8755456744095882"
"395","790","790","790","0.8700267515997456","0.8658686060910071","0.8763633467409476"
"396","792","792","792","0.871341804947536","0.8693919401115785","0.8723116660973649"
"397","794","794","794","0.8720788478919805","0.869435975062286","0.8769076087892989"
"398","796","796","796","0.8711811727479969","0.8644060063322774","0.8770284437339715"
"399","798","798","798","0.870924196746436","0.8651916052406258","0.8746629968904761"
"400","800","800","800","0.8705851857890975","0.8675823078459937","0.872881681809232"
"401","802","802","802","0.8704998763437454","0.8658799315486277","0.873792118358022"
"402","804","804","804","0.8699712807655533","0.8677287295871132","0.8718527081118261"
"403","806","806","806","0.8690709836445272","0.8678645773272318","0.8721380684654634"
"404","808","808","808","0.869491708558719","0.8637687336394598","0.8743462701801961"
"405","810","810","810","0.8719039239163215","0.8671884615506792","0.8746082493582321"
"406","812","812","812","0.8704380708676638","0.8630984538704346","0.8785845834257687"
"407","814","814","814","0.8711221777270804","0.867112589567248","0.8794840943306601"
"408","816","816","816","0.8727206554485386","0.8662346870321835","0.8790377661697979"
"409","818","818","818","0.8699272799784481","0.8667217423755349","0.8726852815632725"
"410","820","820","820","0.8706859958474864","0.8665037331749057","0.8749060375038397"
"411","822","822","822","0.8699402263522412","0.8655091084900725","0.8742005175451717"
"412","824","824","824","0.8730320921033892","0.8710041344277182","0.8766753202096116"
"413","826","826","826","0.8687386280759621","0.8631722603946134","0.8718832195039403"
"414","828","828","828","0.868032784860082","0.8642046659796163","0.8720938434371132"
"415","830","830","830","0.8701763534564335","0.8633597456426901","0.8759574862602524"
"416","832","832","832","0.8686617200917359","0.8658703649209883","0.8719150315055394"
"417","834","834","834","0.870723485282546","0.867566662009721","0.8738683612800812"
"418","836","836","836","0.8708069566737396","0.8672371261946917","0.8741293836199071"
"419","838","838","838","0.8702056765032408","0.8666688295966387","0.872946020546302"
"420","840","840","840","0.8729296471016111","0.8714018278480504","0.8748602832661556"
"421","842","842","842","0.8694858180428835","0.8602917845574944","0.873409344858542"
"422","844","844","844","0.8711965976148239","0.8665266712223446","0.8755438992584198"
"423","846","846","846","0.8710000794775136","0.8628366126662592","0.8800516820797917"
"424","848","848","848","0.8697201664045057","0.8629443694589604","0.872063136217284"
"425","850","850","850","0.8692850548758979","0.8646870527386636","0.8737549980482382"
"426","852","852","852","0.8708642898620674","0.8619558443547068","0.8764813235083626"
"427","854","854","854","0.8716392991866784","0.8644055422443804","0.8808786000750356"
"428","856","856","856","0.8713143781382258","0.8642968516988152","0.8755829100789428"
"429","858","858","858","0.8692269282689062","0.8675012887900456","0.8714678281858544"
"430","860","860","860","0.869732807868926","0.8652816112956749","0.8741553508427374"
"431","862","862","862","0.8691089840043894","0.8655789403449976","0.8738331781785872"
"432","864","864","864","0.8699368540617425","0.8677730433393948","0.8736451047309175"
"433","866","866","866","0.8697512646485436","0.8655596633083138","0.8733837465313361"
"434","868","868","868","0.8711645409654777","0.8682560262259315","0.874111174777638"
"435","870","870","870","0.8716228319366582","0.8641741381346282","0.876813699134222"
"436","872","872","872","0.8711977116855885","0.8664566205930891","0.8763922240425972"
"437","874","874","874","0.870366968993519","0.8671299393989373","0.8744108162057739"
"438","876","876","876","0.8692932820250491","0.8659552570317449","0.8739931331848408"
"439","878","878","878","0.8706291823511426","0.865401146586592","0.8762168914387002"
"440","880","880","880","0.871343208858951","0.8655012009012468","0.876067758494813"
"441","882","882","882","0.8702662353590649","0.865169074807583","0.8758815564070209"
"442","884","884","884","0.8710543089385736","0.8667586806573055","0.8747042244242366"
"443","886","886","886","0.8694532913810356","0.8644265700582425","0.8752156968530874"
"444","888","888","888","0.8696983354842036","0.8659201279648967","0.8735856495184902"
"445","890","890","890","0.8688934064441396","0.8653487112146773","0.8731892585446297"
"446","892","892","892","0.8680439660055967","0.8644756835270003","0.8728272667429706"
"447","894","894","894","0.8698146324727688","0.8659632255178776","0.874144146281312"
"448","896","896","896","0.8715474098438556","0.8677669390564465","0.876045695382979"
"449","898","898","898","0.8708466830165362","0.8663234342284926","0.8759129381093853"
"450","900","900","900","0.8696599937104603","0.8662311650464531","0.8713553998123714"
"451","902","902","902","0.8707729864117653","0.8678005892215672","0.8734055592698455"
"452","904","904","904","0.8684669999474307","0.8650062224529043","0.8724679751535989"
"453","906","906","906","0.8710391393689794","0.8662180022102378","0.8755036706874016"
"454","908","908","908","0.869427216912045","0.8659957177301765","0.8733040149088505"
"455","910","910","910","0.8701865795452906","0.8646862019777742","0.8744154718800958"
"456","912","912","912","0.8699561083086402","0.8642057628736184","0.8766802041054238"
"457","914","914","914","0.8722645508991347","0.8673968709403761","0.8776739785545863"
"458","916","916","916","0.8705703004846143","0.864445242058386","0.8742628249157847"
"459","918","918","918","0.8700967985185486","0.8667851010829719","0.875015162918533"
"460","920","920","920","0.8717037251854517","0.866987278080029","0.8742130829299364"
"461","922","922","922","0.8704980794540417","0.867518585140709","0.8737041738461389"
"462","924","924","924","0.8722319247693925","0.8665042376091023","0.8755116043440702"
"463","926","926","926","0.8719688972605061","0.867943288839181","0.8756441255370307"
"464","928","928","928","0.8712836888600588","0.8643192090723818","0.8733700123743774"
"465","930","930","930","0.873048415304166","0.8649388648307866","0.8782757340484683"
"466","932","932","932","0.8718581153552858","0.8646689225139844","0.8761627497218846"
"467","934","934","934","0.8707462265708198","0.8654909601106581","0.8743725564041068"
"468","936","936","936","0.8713448509684429","0.8663589593187402","0.8748794839482211"
"469","938","938","938","0.8717657488987932","0.8650733703173573","0.8756088822818425"
"470","940","940","940","0.8715986295516769","0.8657395047695949","0.876650781053312"
"471","942","942","942","0.8750337216005104","0.868007722514791","0.8790039381584741"
"472","944","944","944","0.8748372365438492","0.8701193356641673","0.8808719684224786"
"473","946","946","946","0.8724855084683378","0.8692310479642901","0.8766872784614403"
"474","948","948","948","0.8741514170297677","0.8663975854561634","0.8821306069487376"
"475","950","950","950","0.8729227435472546","0.8656773965993141","0.8797225430481843"
"476","952","952","952","0.8692275405034546","0.8612174177008423","0.8762131586073089"
"477","954","954","954","0.8705334127446689","0.8660896302860893","0.8754020840485228"
"478","956","956","956","0.8702280907799402","0.8655310926820947","0.8767992192113943"
"479","958","958","958","0.8716753232386637","0.868604621322229","0.8744415880372707"
"480","960","960","960","0.8718956032232679","0.8683560356505544","0.8776401532132231"
"481","962","962","962","0.8721151706276835","0.8651727730245012","0.8812993298760265"
"482","964","964","964","0.8740266699085664","0.8711106293973946","0.8786706841499597"
"483","966","966","966","0.872825927075812","0.869767476610417","0.8754794269538506"
"484","968","968","968","0.8714356558494064","0.8672582511360001","0.8761923344961003"
"485","970","970","970","0.872911966993858","0.8709038476482924","0.8758061127581817"
"486","972","972","972","0.8742509783491264","0.8699777476625377","0.8766641355664079"
"487","974","974","974","0.8735696511805721","0.870485289940872","0.8778217595953279"
"488","976","976","976","0.872350292407668","0.8699480810965214","0.8760480267955914"
"489","978","978","978","0.8722657113898331","0.8665387504107486","0.8774193702328337"
"490","980","980","980","0.8725109767717243","0.8665959293745985","0.8769821160796129"
"491","982","982","982","0.8722862931930925","0.8659392811965174","0.8748168786852301"
"492","984","984","984","0.8727962599393848","0.866422388669375","0.8789296353443468"
"493","986","986","986","0.8725804773391064","0.8664762382151764","0.8778308474168925"
"494","988","988","988","0.8712299756434773","0.8670904954442328","0.8775381006746683"
"495","990","990","990","0.8712429082467544","0.864961411574705","0.874629887402898"
"496","992","992","992","0.8728276676698735","0.865079889453321","0.8795137964839401"
"497","994","994","994","0.8731503744586279","0.8665834801195648","0.8785940587305628"
"498","996","996","996","0.8710423197887586","0.8677179654628172","0.8766885860611545"
"499","998","998","998","0.8712120152303191","0.8671951044812295","0.8787523586264365"
"500","1000","1000","1000","0.8739401871667681","0.869713480894143","0.8772385378269215"
"501","1002","1002","1002","0.872549045250018","0.8689653428898977","0.8782685231031109"
"502","1004","1004","1004","0.8715973577244602","0.8655790910100369","0.8781362508273581"
"503","1006","1006","1006","0.8707754702160821","0.8615285506194843","0.8780366249371672"
"504","1008","1008","1008","0.8724425877645869","0.8631168460541363","0.8782531167543204"
"505","1010","1010","1010","0.8731985727766315","0.8657296942581368","0.8773240780962"
"506","1012","1012","1012","0.8720189566808779","0.8663714012032049","0.8748519479383107"
"507","1014","1014","1014","0.8718516398909504","0.8652858407612514","0.8790716559131085"
"508","1016","1016","1016","0.872282835290594","0.8680797949978372","0.8780519728489785"
"509","1018","1018","1018","0.8727226701804562","0.867305332306213","0.8787806782982573"
"510","1020","1020","1020","0.873577031256677","0.8674961937751678","0.8789533602752545"
"511","1022","1022","1022","0.8747045862575664","0.8696525505493667","0.8795746813148844"
"512","1024","1024","1024","0.8721082048892634","0.8686884192097508","0.8762036257297435"
"513","1026","1026","1026","0.8719278043021204","0.8665719167346724","0.8798670886228929"
"514","1028","1028","1028","0.8719958190441088","0.8633823888760012","0.876626958175851"
"515","1030","1030","1030","0.8734038316255669","0.8650360624020945","0.8806240576903868"
"516","1032","1032","1032","0.8722613859254352","0.8656523244479741","0.8779092629485516"
"517","1034","1034","1034","0.8715679112346109","0.8659405236170589","0.8770519167098592"
"518","1036","1036","1036","0.8721823915974445","0.8656425031667435","0.8812602729849786"
"519","1038","1038","1038","0.8732930145902458","0.8703823146651899","0.8781414479780439"
"520","1040","1040","1040","0.8716049206345338","0.8678225512952046","0.8786442580019266"
"521","1042","1042","1042","0.8715269525707576","0.8652951471444825","0.8792779271654259"
"522","1044","1044","1044","0.8721722193311408","0.8664997149840096","0.8796401070641207"
"523","1046","1046","1046","0.8735401457648855","0.8693287446759292","0.8755761501092795"
"524","1048","1048","1048","0.8711264950126623","0.8656604752105337","0.8740933330427817"
"525","1050","1050","1050","0.8718642090658756","0.8662586435589481","0.8762262772457123"
"526","1052","1052","1052","0.8689776571126657","0.8658473077800407","0.8761643884208746"
"527","1054","1054","1054","0.874282276886657","0.8707928620349218","0.8794300771903807"
"528","1056","1056","1056","0.8720138013525537","0.8688036172527064","0.875555254460213"
"529","1058","1058","1058","0.8758243130893041","0.8701725385890183","0.8833829059534543"
"530","1060","1060","1060","0.8735366365544215","0.8680545025958772","0.8785847428669609"
"531","1062","1062","1062","0.8744933028516181","0.8690142957405076","0.8783619790433723"
"532","1064","1064","1064","0.8721312857491567","0.8674523387506462","0.874811337812291"
"533","1066","1066","1066","0.870270724305415","0.8670772026575616","0.878231819318713"
"534","1068","1068","1068","0.8729238147512263","0.8680375904534459","0.8764465768257582"
"535","1070","1070","1070","0.872545757998607","0.8655138280714035","0.8768445386977395"
"536","1072","1072","1072","0.8717456690668317","0.8688290423731397","0.8752156384458122"
"537","1074","1074","1074","0.8702408376290357","0.8644161068501586","0.8784552487296857"
"538","1076","1076","1076","0.8728419514191366","0.8678263391880715","0.8776110117327173"
"539","1078","1078","1078","0.8731947407232774","0.8686256031579517","0.8777634269724599"
"540","1080","1080","1080","0.8728886795699138","0.8679400238001003","0.8781873365605058"
"541","1082","1082","1082","0.8726791518953458","0.8680213266133289","0.8771071312299076"
"542","1084","1084","1084","0.8741452505085336","0.8678806778504605","0.8785396283724676"
"543","1086","1086","1086","0.8698631453121506","0.856782089412677","0.8788432688080416"
"544","1088","1088","1088","0.8728199185826574","0.8630812571531646","0.877026929016379"
"545","1090","1090","1090","0.8733334103018485","0.8597440530697763","0.8801861593254714"
"546","1092","1092","1092","0.8731308975467391","0.8629307585739653","0.8774217046345051"
"547","1094","1094","1094","0.8733449532073545","0.8629407140417171","0.879258041436105"
"548","1096","1096","1096","0.8725422154357035","0.8660439020080577","0.8794738078300123"
"549","1098","1098","1098","0.8703946920061894","0.8647305067429443","0.8764520475359442"
"550","1100","1100","1100","0.8710023359813974","0.8652832374407988","0.8742336014993729"
"551","1102","1102","1102","0.8728596547738405","0.8697660477789041","0.8761568186760094"
"552","1104","1104","1104","0.8738363378766202","0.8668614710059426","0.879080526596514"
"553","1106","1106","1106","0.8728579973350199","0.8668587206284849","0.8768468864061497"
"554","1108","1108","1108","0.8728697085545569","0.8664869027327289","0.8796800742282457"
"555","1110","1110","1110","0.8722951402338726","0.8686266310069902","0.8763379105228283"
"556","1112","1112","1112","0.8716968847062156","0.8659541833281047","0.8740049793407174"
"557","1114","1114","1114","0.87318045881714","0.8655873601342119","0.8769238840013092"
"558","1116","1116","1116","0.8731574826908333","0.8672850189401122","0.8775071488991579"
"559","1118","1118","1118","0.8732615264173968","0.8680597344059514","0.8778946270025124"
"560","1120","1120","1120","0.8746811338078262","0.8663479037615508","0.8777719708328422"
"561","1122","1122","1122","0.8736721467284285","0.865613662006811","0.8770551229187712"
"562","1124","1124","1124","0.8725652403112276","0.8665048827676994","0.8772323212679275"
"563","1126","1126","1126","0.8731618337512688","0.8682638139666281","0.8771963505649444"
"564","1128","1128","1128","0.8720367507501298","0.8647716796068108","0.8775720433630035"
"565","1130","1130","1130","0.8706032006062336","0.8645068925002591","0.8748035847650056"
"566","1132","1132","1132","0.8709920564754121","0.8646048186322843","0.874505138324903"
"567","1134","1134","1134","0.8708709767503061","0.8625105529716828","0.8778519037064336"
"568","1136","1136","1136","0.870918449196728","0.8584711798073638","0.875124205552283"
"569","1138","1138","1138","0.873695877590448","0.8657661283863408","0.8777837895250131"
"570","1140","1140","1140","0.872795312901992","0.8698472213324171","0.8759142689455801"
"571","1142","1142","1142","0.8715560019040696","0.8627296714684114","0.87474195260408"
"572","1144","1144","1144","0.8711657953884933","0.8660409112177404","0.8752113687398084"
"573","1146","1146","1146","0.870259564700957","0.8648875891935212","0.8744617095967753"
"574","1148","1148","1148","0.87092460947172","0.8660458905128929","0.8758498138363652"
"575","1150","1150","1150","0.8690535566428359","0.863187670307372","0.8728778216787554"
"576","1152","1152","1152","0.8729270458257965","0.8689080962351304","0.8779464564853957"
"577","1154","1154","1154","0.8708156349655543","0.8656677200450388","0.8792172178788009"
"578","1156","1156","1156","0.870020060729152","0.8672100177360745","0.8723058518851865"
"579","1158","1158","1158","0.8701841240263268","0.8654441248271305","0.8729057234863742"
"580","1160","1160","1160","0.8701167107787302","0.868684812339874","0.8729566632863303"
"581","1162","1162","1162","0.8701772850063397","0.8675991577694633","0.8720679000952299"
"582","1164","1164","1164","0.8701942129250165","0.8685013659967589","0.874373461394729"
"583","1166","1166","1166","0.8687365778300682","0.8646729301949193","0.8745962355522614"
"584","1168","1168","1168","0.8704979604631842","0.8675367466290479","0.872554341233511"
"585","1170","1170","1170","0.8695576994145874","0.8670154472776769","0.873494308096624"
"586","1172","1172","1172","0.8704859698906497","0.8663767823915135","0.8764469957163896"
"587","1174","1174","1174","0.870854524025695","0.8657564747686368","0.8743465184056866"
"588","1176","1176","1176","0.8719027468132816","0.8674741313009544","0.8758508812357453"
"589","1178","1178","1178","0.8716408490957853","0.867822800541247","0.8765211464716045"
"590","1180","1180","1180","0.8698101112801352","0.8633998095083024","0.8760360605753916"
"591","1182","1182","1182","0.8695406445713738","0.8616859203608843","0.875420251105591"
"592","1184","1184","1184","0.8709871804836686","0.8661087206054373","0.8743732716101075"
"593","1186","1186","1186","0.8724994532271488","0.8614169720962548","0.8771221039237218"
"594","1188","1188","1188","0.8694047911398364","0.8611859468820763","0.8766620544836449"
"595","1190","1190","1190","0.8678530640957348","0.8611417832825832","0.8719838608584425"
"596","1192","1192","1192","0.8692753766707056","0.8650388824271744","0.8719543713024765"
"597","1194","1194","1194","0.8693892746043129","0.8670004159627451","0.8726754915599997"
"598","1196","1196","1196","0.8683528609098534","0.8649432807299312","0.8732263682279713"
"599","1198","1198","1198","0.8682469378386763","0.8609867306955223","0.8732779565120711"
"600","1200","1200","1200","0.8708666559583709","0.8641537198686389","0.876638840229927"
"601","1202","1202","1202","0.8696133666491882","0.865058254993336","0.8740483312281149"
"602","1204","1204","1204","0.8678906329522544","0.8621747189423954","0.8745305527539462"
"603","1206","1206","1206","0.8711313242192584","0.8644887367821456","0.8750151055731458"
"604","1208","1208","1208","0.8701472922647321","0.8636753223303671","0.8740926776233116"
"605","1210","1210","1210","0.872302764537524","0.8664164936771876","0.8788113493426776"
"606","1212","1212","1212","0.8721877332886171","0.8653593816064754","0.8782338540676639"
"607","1214","1214","1214","0.871644730280375","0.8619488203608423","0.8810405930622853"
"608","1216","1216","1216","0.8710037833110459","0.8615032435488031","0.8793735004577273"
"609","1218","1218","1218","0.8726458724882369","0.8670175033390588","0.8818911299635714"
"610","1220","1220","1220","0.8710740896366531","0.8647268147775635","0.8772598282061386"
"611","1222","1222","1222","0.8736468576305135","0.8707860181216388","0.8764461854420706"
"612","1224","1224","1224","0.8707074051325687","0.8692333850405786","0.874089666154282"
"613","1226","1226","1226","0.8719187623560358","0.8676688588816623","0.879692702800461"
"614","1228","1228","1228","0.8701091878424256","0.8634852714668251","0.8772810187824752"
"615","1230","1230","1230","0.8706872271904794","0.8640244605610291","0.8748428637102209"
"616","1232","1232","1232","0.8742717508109072","0.8688946294782706","0.8789683489310788"
"617","1234","1234","1234","0.8702275515839805","0.8640435493508518","0.8742118058278258"
"618","1236","1236","1236","0.8715631137443888","0.8646882027798638","0.8779894480993025"
"619","1238","1238","1238","0.8705422050559963","0.8649098668828256","0.8800448270475372"
"620","1240","1240","1240","0.8695483491187266","0.8664797844098765","0.8771409012253412"
"621","1242","1242","1242","0.8722539028966946","0.8685844545480036","0.8780742728412205"
"622","1244","1244","1244","0.8734299022608758","0.8674555284201595","0.8782973225623065"
"623","1246","1246","1246","0.8713964878006465","0.868848228591137","0.8762090328079337"
"624","1248","1248","1248","0.8722493519041914","0.8630090961568565","0.8782471661481738"
"625","1250","1250","1250","0.8691024520675084","0.8561878994273177","0.8759528644471436"
"626","1252","1252","1252","0.8726797238107453","0.866828241988981","0.8764662143821351"
"627","1254","1254","1254","0.8723133636843625","0.8656507055165075","0.8776729348875206"
"628","1256","1256","1256","0.8723940115875803","0.861986596769683","0.8784363431047651"
"629","1258","1258","1258","0.8720841464054623","0.8648105903502548","0.8774615454529299"
"630","1260","1260","1260","0.872894526123489","0.865144839389847","0.8780320832294343"
"631","1262","1262","1262","0.8731967876397254","0.8646312527091929","0.877035378987813"
"632","1264","1264","1264","0.8726564384039474","0.8639750438658306","0.8765065619926657"
"633","1266","1266","1266","0.8718946801081172","0.8613054410522772","0.8771358901215361"
"634","1268","1268","1268","0.872093950011332","0.866820065614073","0.8780746370921845"
"635","1270","1270","1270","0.8723188918165633","0.8687956043029285","0.8748263675244757"
"636","1272","1272","1272","0.8723011300527906","0.8688880837622768","0.8743894301574254"
"637","1274","1274","1274","0.8709146159676477","0.8677709061991017","0.8745494392540593"
"638","1276","1276","1276","0.8716189707278833","0.8632480289638803","0.8755243241206363"
"639","1278","1278","1278","0.8713103433816596","0.8668740496804372","0.8759281803527671"
"640","1280","1280","1280","0.8712670422455174","0.8621935386398811","0.8773952753984767"
"641","1282","1282","1282","0.8708957112101341","0.8636802357848442","0.8763465187008255"
"642","1284","1284","1284","0.8697727709394073","0.8597295892376278","0.8761822462283272"
"643","1286","1286","1286","0.8696291118019287","0.8626378883980582","0.8754110970410274"
"644","1288","1288","1288","0.8699262899215714","0.865242380133507","0.874987566737779"
"645","1290","1290","1290","0.8692465643177817","0.8636603627396315","0.8760563850960483"
"646","1292","1292","1292","0.8682619017362523","0.8591017237826177","0.8722951295613632"
"647","1294","1294","1294","0.869480145928349","0.8634532727588337","0.8723727495825062"
"648","1296","1296","1296","0.8708045870636152","0.8624619784294413","0.876068936175399"
"649","1298","1298","1298","0.869092776101359","0.8607273795287195","0.8747422915912088"
"650","1300","1300","1300","0.8711438760574369","0.8643180883223216","0.8772391609424991"
"651","1302","1302","1302","0.8740385940790324","0.8684088412054731","0.8811605861832216"
"652","1304","1304","1304","0.8720277364037117","0.8625425649619775","0.8787240953214259"
"653","1306","1306","1306","0.8702566410288608","0.8632556471148882","0.873597293254173"
"654","1308","1308","1308","0.8722002020777078","0.8653124155431776","0.877786814894029"
"655","1310","1310","1310","0.872818003452055","0.8680106974661016","0.880077219224689"
"656","1312","1312","1312","0.8710332073173731","0.8675213392129456","0.8747340684975256"
"657","1314","1314","1314","0.8711821715452732","0.8653953988773013","0.8785262355312758"
"658","1316","1316","1316","0.8698780490648558","0.8577878830237777","0.8760837817928326"
"659","1318","1318","1318","0.8717753633455395","0.8638674801381442","0.8783302339277089"
"660","1320","1320","1320","0.8686750841447657","0.8634884358295105","0.8744912149943399"
"661","1322","1322","1322","0.86799968308679","0.8606491745785876","0.8767613840750426"
"662","1324","1324","1324","0.8683595861897168","0.8606922711649714","0.8737171293420168"
"663","1326","1326","1326","0.8717079108831198","0.8674025092100706","0.8772352641045186"
"664","1328","1328","1328","0.8707819193279918","0.8616737404471354","0.8791571146645468"
"665","1330","1330","1330","0.871858656736997","0.8630039125250046","0.8773674127142"
"666","1332","1332","1332","0.8698854874664406","0.8626859245330832","0.8767494415846372"
"667","1334","1334","1334","0.8694999118836032","0.8624281456986811","0.8783919619208971"
"668","1336","1336","1336","0.8689744209846102","0.8586717066113863","0.8772504617306358"
"669","1338","1338","1338","0.8713041658815273","0.865053172375213","0.8763432497401442"
"670","1340","1340","1340","0.8702856031863314","0.8608937675822836","0.8781745377476254"
"671","1342","1342","1342","0.8683096780547643","0.8608132853253572","0.8747537178352573"
"672","1344","1344","1344","0.8703963706808212","0.8626715107506104","0.8751372442926146"
"673","1346","1346","1346","0.8707407875348888","0.8596085735670982","0.8746453427632546"
"674","1348","1348","1348","0.8702885867589452","0.861357793106298","0.8758515734244117"
"675","1350","1350","1350","0.8715408038226602","0.8650919020157276","0.8763554000283975"
"676","1352","1352","1352","0.8697141566552643","0.8652686763478352","0.8718308220919517"
"677","1354","1354","1354","0.8722029798583293","0.8677500787375246","0.8752767475794342"
"678","1356","1356","1356","0.8733340994108424","0.867578023504526","0.8777634245439631"
"679","1358","1358","1358","0.8711255001690736","0.8654202471038749","0.8739101388727784"
"680","1360","1360","1360","0.8718156925190279","0.8676821520637531","0.8753856473247551"
"681","1362","1362","1362","0.8724282221108863","0.8700381515611872","0.8737623828659918"
"682","1364","1364","1364","0.8715377200808188","0.8684227021400981","0.8750783825284388"
"683","1366","1366","1366","0.8711003095973597","0.8670016646952595","0.8749471101395769"
"684","1368","1368","1368","0.8718413461520964","0.8654169664919459","0.8754767500313407"
"685","1370","1370","1370","0.8694464744949059","0.8600891482359369","0.8751525988935114"
"686","1372","1372","1372","0.8688686678632143","0.8623572836497508","0.8723185655722068"
"687","1374","1374","1374","0.8717313846656829","0.8677920300013451","0.8785488463187336"
"688","1376","1376","1376","0.870758089912604","0.8690018468787374","0.8745614828640481"
"689","1378","1378","1378","0.8692040336613109","0.8612470730928095","0.872592340443035"
"690","1380","1380","1380","0.8701874764074","0.8619089842231087","0.8752799451186912"
"691","1382","1382","1382","0.8707791495207504","0.8617440392766675","0.8759584371954697"
"692","1384","1384","1384","0.8705347819296861","0.8608136111544532","0.8752683165178975"
"693","1386","1386","1386","0.8725758044232268","0.8695466927707516","0.8781832120668098"
"694","1388","1388","1388","0.8739768282370963","0.871483054472259","0.8765471333504566"
"695","1390","1390","1390","0.8707126435546962","0.8627555560856639","0.8742721997847942"
"696","1392","1392","1392","0.8730863283239227","0.8678503780584778","0.8758320973276901"
"697","1394","1394","1394","0.873069588557905","0.867180738963453","0.8760813669423001"
"698","1396","1396","1396","0.8744929391296461","0.8704618652766334","0.879566153201613"
"699","1398","1398","1398","0.8717516896291724","0.8669477372509997","0.8785897093817419"
"700","1400","1400","1400","0.8731147981154848","0.8688428113676535","0.8789008297000898"
"701","1402","1402","1402","0.8724040022005053","0.8682348243465261","0.8753961728590982"
"702","1404","1404","1404","0.8713330430447627","0.8656155850408135","0.8772586228568898"
"703","1406","1406","1406","0.8703923654793441","0.8628239216028178","0.8778364571651388"
"704","1408","1408","1408","0.8705123049089762","0.8610563821515359","0.8741383530271138"
"705","1410","1410","1410","0.8712622672213783","0.8678679003920449","0.8742531816711677"
"706","1412","1412","1412","0.8726577104520856","0.866850287294904","0.8784881543132126"
"707","1414","1414","1414","0.8707340925877778","0.8653832708704928","0.8785438186256083"
"708","1416","1416","1416","0.8708997970986833","0.8634076167447495","0.8764816363211355"
"709","1418","1418","1418","0.8720361328584335","0.8663398671664804","0.8775276977963646"
"710","1420","1420","1420","0.8706630996334763","0.8638011140711673","0.8757723622651171"
"711","1422","1422","1422","0.8732912469127285","0.8649422965515834","0.8839458779428062"
"712","1424","1424","1424","0.8720715732791721","0.8649285374986357","0.8799406767305661"
"713","1426","1426","1426","0.8727136361637269","0.8677062032249079","0.8787920039650867"
"714","1428","1428","1428","0.8732168235132969","0.8700623376369008","0.8781119629361861"
"715","1430","1430","1430","0.8733557588552374","0.8679149072486124","0.8788193854130255"
"716","1432","1432","1432","0.8737976924879444","0.8697498751019737","0.880038493542116"
"717","1434","1434","1434","0.8732539688152101","0.8651267491013636","0.8802322711337783"
"718","1436","1436","1436","0.8716887055590418","0.8648447620631502","0.8749865398753821"
"719","1438","1438","1438","0.8706231937094924","0.862786670755711","0.8755956292533698"
"720","1440","1440","1440","0.8706054686152491","0.8635324727749294","0.8753181256625382"
"721","1442","1442","1442","0.8714509536786924","0.8671008075623506","0.8743854401636003"
"722","1444","1444","1444","0.8714094041466488","0.8644129781604539","0.8760540131689856"
"723","1446","1446","1446","0.8714945656736246","0.863756528087418","0.8789485383899904"
"724","1448","1448","1448","0.87154169171901","0.8668207692410512","0.8786656307526164"
"725","1450","1450","1450","0.8683262522285371","0.8624270058859099","0.8722440581096339"
"726","1452","1452","1452","0.8713871828805398","0.8653252628782678","0.8808245990770714"
"727","1454","1454","1454","0.8706443013319575","0.8676622813092412","0.873958311161357"
"728","1456","1456","1456","0.8752802107396688","0.8702138730781972","0.8814871617242559"
"729","1458","1458","1458","0.8703907568302791","0.8657181593305224","0.8763052820287554"
"730","1460","1460","1460","0.8711305714160705","0.8679647924597406","0.8745529157853148"
"731","1462","1462","1462","0.8735681902588629","0.8697723618561284","0.878735998526214"
"732","1464","1464","1464","0.8709140573364532","0.8655975597935324","0.8745317437901458"
"733","1466","1466","1466","0.8706874822247647","0.8682005563215672","0.8755081471435443"
"734","1468","1468","1468","0.8715958415455558","0.8645502216637362","0.875689561181023"
"735","1470","1470","1470","0.8722282904654308","0.8681561705685069","0.8759643747576917"
"736","1472","1472","1472","0.8710471707566381","0.8659417685014978","0.8741397336442889"
"737","1474","1474","1474","0.8720041901505349","0.8643904246444142","0.8802348085825205"
"738","1476","1476","1476","0.8712446794217023","0.8645754532366828","0.880655112538117"
"739","1478","1478","1478","0.8725773843716956","0.8661847907919756","0.8823518801911737"
"740","1480","1480","1480","0.8737296825559125","0.8671493705535135","0.8808714274379759"
"741","1482","1482","1482","0.8721136918346091","0.8655821184738339","0.8793619299380161"
"742","1484","1484","1484","0.8703517775849654","0.8625661805515199","0.8772138206522693"
"743","1486","1486","1486","0.8734594643853504","0.8663227960935256","0.8789128614903151"
"744","1488","1488","1488","0.8733972755116003","0.8677427210426614","0.8783590198450029"
"745","1490","1490","1490","0.8720419400409576","0.8632305569577496","0.8798829821700591"
"746","1492","1492","1492","0.8715877512780494","0.8644326601773914","0.8752834714795078"
"747","1494","1494","1494","0.8721134512257909","0.8665922662763688","0.8783258103185693"
"748","1496","1496","1496","0.8705238314727639","0.8674079885575727","0.8742916648690784"
"749","1498","1498","1498","0.8692787579211252","0.861851514952535","0.8743554741306961"
"750","1500","1500","1500","0.8696489316532807","0.8649623751708744","0.8726279064226081"
"751","1502","1502","1502","0.869981883820274","0.8618449194901688","0.8785906233132473"
"752","1504","1504","1504","0.8715626686747117","0.8680478399789183","0.8758818265485849"
"753","1506","1506","1506","0.8709774725580844","0.8675220935909039","0.8729259070191286"
"754","1508","1508","1508","0.8696559454308328","0.8667138841488549","0.8742891119395955"
"755","1510","1510","1510","0.8728502927778041","0.8698591267746889","0.8771919002525014"
"756","1512","1512","1512","0.8728650294067654","0.8650805580096018","0.881359433412227"
"757","1514","1514","1514","0.8733746517880185","0.8660887193244904","0.8824795397250311"
"758","1516","1516","1516","0.8711131314806643","0.8641087608959848","0.8784638974286303"
"759","1518","1518","1518","0.8724278022291234","0.8671883489352875","0.8806542734408035"
"760","1520","1520","1520","0.8716920872903383","0.8693662150075319","0.8787028720616394"
"761","1522","1522","1522","0.8722556116095793","0.8664816286029542","0.8780605446463126"
"762","1524","1524","1524","0.8708001813887745","0.8687590844495603","0.8747047747750427"
"763","1526","1526","1526","0.8726674866339386","0.8691624064191098","0.875422253008617"
"764","1528","1528","1528","0.8727935052067556","0.8678308874677568","0.8755956704999206"
"765","1530","1530","1530","0.8721622555757964","0.8695182140021251","0.8750974219754994"
"766","1532","1532","1532","0.8708046177453521","0.8662760217120946","0.8743091342722441"
"767","1534","1534","1534","0.8726191614095706","0.8681999629146943","0.8782753925326297"
"768","1536","1536","1536","0.8717975518583302","0.8678950802479325","0.8759250589362905"
"769","1538","1538","1538","0.8733839245615151","0.8713033343465897","0.8775703603225494"
"770","1540","1540","1540","0.8725065455912079","0.8649055655116442","0.8765769410455244"
"771","1542","1542","1542","0.8707666949864873","0.8636098610747588","0.8783416251113155"
"772","1544","1544","1544","0.872746055749419","0.8681797510982264","0.8799409409957998"
"773","1546","1546","1546","0.8712477758489842","0.8622245006457884","0.8824271852290321"
"774","1548","1548","1548","0.8721254320431855","0.8617687416904969","0.8778963701797505"
"775","1550","1550","1550","0.8731469725635357","0.865610205967117","0.8803899272606498"
"776","1552","1552","1552","0.8729454594402213","0.8699451025877979","0.8750180234231482"
"777","1554","1554","1554","0.8715841470565477","0.861585847557462","0.8777318305932746"
"778","1556","1556","1556","0.8710114074927506","0.8666466659831112","0.8763107700840365"
"779","1558","1558","1558","0.8724930798457692","0.8699465677359306","0.8747886538008294"
"780","1560","1560","1560","0.8706741954357055","0.8664739396684775","0.8743766545026685"
"781","1562","1562","1562","0.8721429209102849","0.8703058510645028","0.8744569171890475"
"782","1564","1564","1564","0.8710091894065028","0.866054617951399","0.8738927867902305"
"783","1566","1566","1566","0.874191514427833","0.8726171479340239","0.875970930110987"
"784","1568","1568","1568","0.8731332146633518","0.8666301871723996","0.8769480501640738"
"785","1570","1570","1570","0.8713646025841879","0.8637057356609629","0.8747279170672961"
"786","1572","1572","1572","0.8718529093294268","0.8679342715928315","0.8754053648350625"
"787","1574","1574","1574","0.8740864936583449","0.8694037837615527","0.8775523543501186"
"788","1576","1576","1576","0.8722840448427711","0.8694611747448605","0.8769452028915166"
"789","1578","1578","1578","0.8730352298823416","0.8709172755158341","0.8758361075480395"
"790","1580","1580","1580","0.8727166204951761","0.8693912545076904","0.8755946444813589"
"791","1582","1582","1582","0.8716786934180144","0.8689844823941364","0.8739857401888176"
"792","1584","1584","1584","0.8750542482885232","0.8684791753432674","0.8810031440869635"
"793","1586","1586","1586","0.8744175097638868","0.8731426486825284","0.8791734284566817"
"794","1588","1588","1588","0.8727190793990334","0.8690095516324223","0.8763880548898658"
"795","1590","1590","1590","0.8722045573501944","0.8664683936576728","0.8794481163572512"
"796","1592","1592","1592","0.8733121301674842","0.8700772995460199","0.8759347387756409"
"797","1594","1594","1594","0.8738731382879985","0.8694240113539776","0.8793184612078839"
"798","1596","1596","1596","0.8734163844067642","0.8694610097398728","0.87615475237055"
"799","1598","1598","1598","0.8722123307443066","0.8695340865029186","0.8761186406186667"
"800","1600","1600","1600","0.8739205806624121","0.8703048917301365","0.8783413983456072"
"801","1602","1602","1602","0.8744897415320707","0.8704454250821803","0.8782720367972583"
"802","1604","1604","1604","0.8728791761969144","0.870203982012851","0.8773529671594605"
"803","1606","1606","1606","0.8712475489248132","0.8686370669074756","0.8736502799044301"
"804","1608","1608","1608","0.8733362839811004","0.8673293363953155","0.8768648057712879"
"805","1610","1610","1610","0.8735123464763228","0.8684714490286373","0.8780824948419519"
"806","1612","1612","1612","0.8730442949098769","0.8666683248992169","0.8750673352808629"
"807","1614","1614","1614","0.8736848218668266","0.8716148268318855","0.8766365495114049"
"808","1616","1616","1616","0.8735810733708629","0.8656404375698867","0.880623074267971"
"809","1618","1618","1618","0.8719268730768708","0.8686506760542512","0.8752863745022742"
"810","1620","1620","1620","0.8708311011158958","0.8672490524000254","0.8734284237379739"
"811","1622","1622","1622","0.8718494156330756","0.8679009026400446","0.8777890489097234"
"812","1624","1624","1624","0.8723066563352884","0.8670839015735909","0.8806350553321777"
"813","1626","1626","1626","0.8708998893015203","0.8640617048709446","0.876659440410399"
"814","1628","1628","1628","0.8719520147744844","0.8659477483353286","0.8745769795205294"
"815","1630","1630","1630","0.8702578094828123","0.8661983838167071","0.8734562273554348"
"816","1632","1632","1632","0.8695587811655576","0.8642561682309752","0.8757948668246331"
"817","1634","1634","1634","0.8682872654435261","0.8652929606639559","0.8720155108772571"
"818","1636","1636","1636","0.8709526503764774","0.8687414528780071","0.8726023351625658"
"819","1638","1638","1638","0.8693655626221599","0.8682592219372451","0.8719338396788344"
"820","1640","1640","1640","0.8722872804692902","0.8700569387379271","0.873379329769122"
"821","1642","1642","1642","0.8715483663534931","0.867947742527661","0.8735017292931467"
"822","1644","1644","1644","0.8713739428426436","0.8696237093332863","0.872546838752464"
"823","1646","1646","1646","0.8721879949941332","0.8653379831852678","0.8761220863545357"
"824","1648","1648","1648","0.8722097823306422","0.8647040759092576","0.8766308727043411"
"825","1650","1650","1650","0.8724351696369868","0.8677298461637077","0.8764515966870011"
"826","1652","1652","1652","0.8717686111224557","0.8688883860893271","0.873578905460841"
"827","1654","1654","1654","0.8722792161216107","0.8699833198376147","0.8763631107438097"
"828","1656","1656","1656","0.8737641885844617","0.8703275313412532","0.8753217897044269"
"829","1658","1658","1658","0.8703518215383331","0.8687153617102147","0.872107574350666"
"830","1660","1660","1660","0.8704973389071504","0.8662400944318437","0.8733939600745373"
"831","1662","1662","1662","0.8725583239982637","0.8704499904275468","0.873554986894221"
"832","1664","1664","1664","0.8735391695803326","0.8683916363231169","0.8797725236469479"
"833","1666","1666","1666","0.8723490240340139","0.8689912755798369","0.8775776663663294"
"834","1668","1668","1668","0.8712927082786015","0.8652787025644592","0.8755912229355753"
"835","1670","1670","1670","0.8730225164557863","0.8686124580201935","0.8781187091829958"
"836","1672","1672","1672","0.8726043230023455","0.869970417998917","0.8786776213348251"
"837","1674","1674","1674","0.8691175261043711","0.8671438683401529","0.8726110327056839"
"838","1676","1676","1676","0.8695987759279818","0.8668129661446248","0.8717644427634137"
"839","1678","1678","1678","0.8699890535146183","0.8671369701048371","0.8761628110809134"
"840","1680","1680","1680","0.8664583688348761","0.8611152733379126","0.8703329605245028"
"841","1682","1682","1682","0.8681963522304166","0.8657462916789616","0.8692163334162053"
"842","1684","1684","1684","0.8702434275764409","0.864267452442579","0.8782433635430844"
"843","1686","1686","1686","0.8675103781088298","0.8626208918828757","0.8707077622838367"
"844","1688","1688","1688","0.8691531604815532","0.8626084902542075","0.8733683158851927"
"845","1690","1690","1690","0.868976487050848","0.8625750687845507","0.8754254073060317"
"846","1692","1692","1692","0.870116667191543","0.8655500695641899","0.8754467999668383"
"847","1694","1694","1694","0.8722624782576263","0.8678340534193648","0.8791494316559878"
"848","1696","1696","1696","0.8720951566081476","0.8699500122845325","0.8737966715986968"
"849","1698","1698","1698","0.8714225567954219","0.8678078547440928","0.8738159092152278"
"850","1700","1700","1700","0.8718017338542333","0.8666389544546211","0.8758598214418138"
"851","1702","1702","1702","0.874012335595199","0.8670542876422657","0.8798604792139656"
"852","1704","1704","1704","0.8741267636360515","0.867244088557737","0.8795342657054016"
"853","1706","1706","1706","0.8727301283466284","0.8684240631568164","0.8779223208002632"
"854","1708","1708","1708","0.8706053816175883","0.8665507501229134","0.8741018104812306"
"855","1710","1710","1710","0.8738243298871845","0.8664666109855617","0.8795070176192831"
"856","1712","1712","1712","0.8709676642748638","0.8662659198987123","0.8750109163316645"
"857","1714","1714","1714","0.872675343744256","0.8686152254601743","0.875702929134829"
"858","1716","1716","1716","0.8729937434917396","0.868375491795064","0.8759393676214785"
"859","1718","1718","1718","0.8712767568351204","0.8677917356172797","0.8775220192113229"
"860","1720","1720","1720","0.8715504534219374","0.8700118254309707","0.8725875209298842"
"861","1722","1722","1722","0.8720535650129438","0.867598257809727","0.8752678504973205"
"862","1724","1724","1724","0.8729111556770836","0.8713747273174846","0.8739367844331534"
"863","1726","1726","1726","0.8736931463961186","0.8710553772507843","0.8781938077732575"
"864","1728","1728","1728","0.874526738971696","0.8673662016767352","0.8793135850965242"
"865","1730","1730","1730","0.8745487567742991","0.8681861030611975","0.8799406518602482"
"866","1732","1732","1732","0.8713211766950562","0.866841222474216","0.8746106675145698"
"867","1734","1734","1734","0.8692223297353217","0.8636812402656879","0.8753951734446741"
"868","1736","1736","1736","0.8693697178040634","0.864708352315489","0.8745695056587695"
"869","1738","1738","1738","0.8676873582981294","0.8631223496497485","0.8709342325489123"
"870","1740","1740","1740","0.8693730843444408","0.862440796035536","0.8808633940735615"
"871","1742","1742","1742","0.8696328900626245","0.8641441109388426","0.871570071512541"
"872","1744","1744","1744","0.8708254535055424","0.867772867097294","0.8721759877619623"
"873","1746","1746","1746","0.869982074898212","0.866438978017249","0.8763095843158611"
"874","1748","1748","1748","0.8713620009285288","0.8652496848768272","0.8761221052708703"
"875","1750","1750","1750","0.8688027208990599","0.8620717315225023","0.8759300816513664"
"876","1752","1752","1752","0.8725260797260098","0.8696520015305447","0.8768640114195496"
"877","1754","1754","1754","0.8724392939584563","0.863252431884917","0.8807584544438336"
"878","1756","1756","1756","0.8705972712183471","0.8660379803320314","0.8750371254591031"
"879","1758","1758","1758","0.8707571813494017","0.8650033922666578","0.875279686783173"
"880","1760","1760","1760","0.8734571494758022","0.8681956194437858","0.8784480379160091"
"881","1762","1762","1762","0.8721431205984824","0.8653862688783739","0.8778988558950956"
"882","1764","1764","1764","0.8731068134845298","0.8659405530953632","0.8800956055867238"
"883","1766","1766","1766","0.8741437364725442","0.867325623575797","0.8793103272686001"
"884","1768","1768","1768","0.8725388917752184","0.864261189450838","0.8800542129000575"
"885","1770","1770","1770","0.8726869147733071","0.8653619540515384","0.8794903537044746"
"886","1772","1772","1772","0.8734303821206625","0.8676418994427018","0.8778399090466615"
"887","1774","1774","1774","0.8745435428240025","0.869584169717697","0.8800676871416615"
"888","1776","1776","1776","0.8741608973083708","0.869010196114269","0.8782242475431122"
"889","1778","1778","1778","0.8755572875088736","0.870778263657192","0.8802938542451517"
"890","1780","1780","1780","0.8731071316073257","0.8686243459258507","0.8752931618521325"
"891","1782","1782","1782","0.8706786204850714","0.8628157429063449","0.8796902326296896"
"892","1784","1784","1784","0.8741931745427983","0.8699199864644737","0.8797143345765538"
"893","1786","1786","1786","0.8698383758482627","0.8625992227076337","0.8789724623946306"
"894","1788","1788","1788","0.8734636398563753","0.8627771786855103","0.8799536285533414"
"895","1790","1790","1790","0.873940290107728","0.8677272518970822","0.8803874906459258"
"896","1792","1792","1792","0.8732028629341082","0.8704349313275174","0.8770208937766638"
"897","1794","1794","1794","0.8745104976775482","0.8698715161030447","0.8788903766588216"
"898","1796","1796","1796","0.8741979973861321","0.8723909471747591","0.8776530183109822"
"899","1798","1798","1798","0.8735723091865492","0.8687541559767875","0.8768262407924252"
"900","1800","1800","1800","0.8739213398271712","0.868026990878496","0.8806913157687245"
"901","1802","1802","1802","0.8727225497157954","0.8695244928865231","0.8768008310507079"
"902","1804","1804","1804","0.8735763615950267","0.8684339204698378","0.8793069581701868"
"903","1806","1806","1806","0.8724329885080948","0.8688088037351754","0.8738129555881506"
"904","1808","1808","1808","0.8714896762728014","0.8612152042991857","0.8790323696410941"
"905","1810","1810","1810","0.8733015524713856","0.8681471363777409","0.8814617248477444"
"906","1812","1812","1812","0.8725774293150813","0.870669700269019","0.8768764703642166"
"907","1814","1814","1814","0.8733337889152638","0.8677985827446069","0.8769362697431307"
"908","1816","1816","1816","0.8738609152223631","0.8676645900312981","0.879425320828058"
"909","1818","1818","1818","0.873798554069484","0.8683281209756238","0.8783283143712753"
"910","1820","1820","1820","0.8736891320743467","0.8675654707064988","0.8800816552774471"
"911","1822","1822","1822","0.8758184530729597","0.8733195882521743","0.8785906279801177"
"912","1824","1824","1824","0.8725879585043126","0.8672499500920885","0.8796936205935043"
"913","1826","1826","1826","0.8731224486849373","0.8696618549735617","0.8775847467455499"
"914","1828","1828","1828","0.8709970958119053","0.8675978750645962","0.8774481687741883"
"915","1830","1830","1830","0.8718018773053687","0.8677967648763804","0.8767486986735006"
"916","1832","1832","1832","0.8722452095902687","0.8682426061799132","0.8794585702819713"
"917","1834","1834","1834","0.8724280456091412","0.8672907786789501","0.8786418055559139"
"918","1836","1836","1836","0.8754213144671908","0.8703654446329063","0.8793982543532392"
"919","1838","1838","1838","0.8755764140542119","0.8676285739254675","0.8802324337972119"
"920","1840","1840","1840","0.8741582519236107","0.8654395919409569","0.8808315136634108"
"921","1842","1842","1842","0.8755899076233973","0.8725995340697678","0.8798746336790046"
"922","1844","1844","1844","0.8734415642561519","0.865911865343423","0.8776305380221442"
"923","1846","1846","1846","0.8740865768720092","0.8683609085391594","0.878290990710237"
"924","1848","1848","1848","0.8736635192707501","0.8663660278447857","0.877680331713717"
"925","1850","1850","1850","0.8726845051568617","0.8702685951610478","0.8746674174293607"
"926","1852","1852","1852","0.8739193194092112","0.8692600296004287","0.8791978627812356"
"927","1854","1854","1854","0.8752686742921456","0.869008705554243","0.8804011612175731"
"928","1856","1856","1856","0.8752533230493642","0.8674189798916709","0.8802474806333146"
"929","1858","1858","1858","0.8752398912599411","0.8692578380676845","0.879017391911961"
"930","1860","1860","1860","0.8747688320426651","0.8681691900353435","0.8770276132746408"
"931","1862","1862","1862","0.8749978602423086","0.8710058001329966","0.8787552145591502"
"932","1864","1864","1864","0.8755678713992726","0.871328253640103","0.8796522001912466"
"933","1866","1866","1866","0.8752619921304676","0.8725521539198288","0.8774889648856244"
"934","1868","1868","1868","0.8740758718489697","0.8700514538943883","0.8766327353568997"
"935","1870","1870","1870","0.8726636088826126","0.8697684699655778","0.8762220154558353"
"936","1872","1872","1872","0.8714567488631234","0.8690578486196571","0.8776546782144108"
"937","1874","1874","1874","0.8707708552260527","0.8660341478855795","0.8728238398813535"
"938","1876","1876","1876","0.8732650167614822","0.8692681130496294","0.877121612358433"
"939","1878","1878","1878","0.874573633667287","0.869327393424043","0.8799177276710635"
"940","1880","1880","1880","0.8733194279820324","0.8681946659205121","0.8801992690325139"
"941","1882","1882","1882","0.8748478320014069","0.8706111507990708","0.8789647393449913"
"942","1884","1884","1884","0.8738819972109269","0.8696668345276692","0.8776828226546871"
"943","1886","1886","1886","0.8727982064057251","0.8693882920492606","0.8753146806846324"
"944","1888","1888","1888","0.8732400256520148","0.8685377670573884","0.8797434022211593"
"945","1890","1890","1890","0.8727016941852337","0.8682116377960338","0.8796890089942025"
"946","1892","1892","1892","0.871331700015905","0.8624952637726302","0.8810934782519222"
"947","1894","1894","1894","0.873778661314742","0.8658032274661531","0.8792205750153993"
"948","1896","1896","1896","0.8737789935121401","0.8669379184473753","0.8794446683271749"
"949","1898","1898","1898","0.8705018639808906","0.8670549965609126","0.8733627200300591"
"950","1900","1900","1900","0.8718770132850067","0.8656155171606682","0.8783135528462188"
"951","1902","1902","1902","0.8720588813406683","0.8675174129258484","0.8773874228260058"
"952","1904","1904","1904","0.8739552726138647","0.868766476846549","0.8772932851323753"
"953","1906","1906","1906","0.8742181060187129","0.8678211565734307","0.8797096442761265"
"954","1908","1908","1908","0.8739381516314951","0.8691772269422949","0.8770926340696301"
"955","1910","1910","1910","0.8756460666367696","0.8679666396493688","0.8803229470264856"
"956","1912","1912","1912","0.8742228350300344","0.8670176330265974","0.8811250795767148"
"957","1914","1914","1914","0.87479046302923","0.86781939286574","0.879016398776944"
"958","1916","1916","1916","0.8729378163941336","0.8696308907220642","0.8755356104216134"
"959","1918","1918","1918","0.8744071707490508","0.8710100761225749","0.8765770919824977"
"960","1920","1920","1920","0.8749308963814082","0.8717698846136671","0.8782855604842421"
"961","1922","1922","1922","0.8729734360904844","0.8603874389217755","0.8810357897361815"
"962","1924","1924","1924","0.8690424192731052","0.8668170540648663","0.8714367760221328"
"963","1926","1926","1926","0.8703997849454341","0.8681025900724985","0.8745264377915681"
"964","1928","1928","1928","0.8736426782122235","0.8704634689784247","0.8779000828226187"
"965","1930","1930","1930","0.8725335705958862","0.8696359805745215","0.877873565390117"
"966","1932","1932","1932","0.8748995325558928","0.8711722136416244","0.8777349148766189"
"967","1934","1934","1934","0.873151663886196","0.8686323505684538","0.8802390130315108"
"968","1936","1936","1936","0.8720343706526039","0.8680915657208766","0.8771489503519027"
"969","1938","1938","1938","0.8724469924953947","0.8671977247177175","0.8768282939744284"
"970","1940","1940","1940","0.8713597938441122","0.8661964151890484","0.8742241410977667"
"971","1942","1942","1942","0.8728840671503916","0.8685256571310781","0.8788792650170489"
"972","1944","1944","1944","0.8734521560205843","0.8701347198972585","0.8757307675332755"
"973","1946","1946","1946","0.8724536536259073","0.8703582392586994","0.8755223318283893"
"974","1948","1948","1948","0.8745895212614109","0.8724255961250102","0.880144397785425"
"975","1950","1950","1950","0.8728875589036871","0.8701023285042714","0.8809668977264971"
"976","1952","1952","1952","0.8741393357136953","0.8686239322832674","0.8781646969984518"
"977","1954","1954","1954","0.8722078523895336","0.8664396666568139","0.8748658841540288"
"978","1956","1956","1956","0.871599157029641","0.8680815715514892","0.8734368802862114"
"979","1958","1958","1958","0.8729063136872458","0.865480620674246","0.8764643783854803"
"980","1960","1960","1960","0.8731083420821208","0.8674171566856941","0.8775251610386259"
"981","1962","1962","1962","0.8733199607021531","0.8669236472475452","0.8782033474612119"
"982","1964","1964","1964","0.8703299110171917","0.8628134392617813","0.8769924855312871"
"983","1966","1966","1966","0.8720792437807731","0.8632825079140436","0.8774661614633843"
"984","1968","1968","1968","0.8717084837281632","0.8680968181486355","0.8777993348278326"
"985","1970","1970","1970","0.8730570319036991","0.8657598409416107","0.8775849364454225"
"986","1972","1972","1972","0.8732019626052079","0.8673836790507184","0.8790400621489681"
"987","1974","1974","1974","0.8732066030963084","0.8614557282458374","0.8791121276114027"
"988","1976","1976","1976","0.8719944987811573","0.8660259643707302","0.8776051863834992"
"989","1978","1978","1978","0.8705283086730766","0.8658396802077059","0.8765234802396143"
"990","1980","1980","1980","0.8713722052131342","0.866362124027086","0.8770863466065957"
"991","1982","1982","1982","0.8712959530303573","0.8635979385056993","0.8793519044205174"
"992","1984","1984","1984","0.8727600970858367","0.8660839814260194","0.877529377995745"
"993","1986","1986","1986","0.8714296204110387","0.8654840595663774","0.8777193179769082"
"994","1988","1988","1988","0.8729748767744292","0.8670231472217527","0.8799299767506442"
"995","1990","1990","1990","0.8720200327960557","0.8665578818283244","0.8763357687897961"
"996","1992","1992","1992","0.8733141347010402","0.8676112251125613","0.8765793603657315"
"997","1994","1994","1994","0.87416303004088","0.8662833994498568","0.8810530183479633"
"998","1996","1996","1996","0.8730544132462643","0.8688718092045552","0.8780454297138459"
"999","1998","1998","1998","0.8722865834148864","0.8631487484397198","0.8787249354784867"