"epoch","Name: hopfield_full - _step","Name: hopfield_full - _step__MIN","Name: hopfield_full - _step__MAX","Name: hopfield_full - loss_to_report_val","Name: hopfield_full - loss_to_report_val__MIN","Name: hopfield_full - loss_to_report_val__MAX"
"0","0","0","0","0.4282189611160542","0.42440140737629617","0.43433083434555503"
"1","2","2","2","0.37824400382178347","0.36664281401844967","0.388534320009729"
"2","4","4","4","0.3547065444335323","0.34189384212331186","0.3665166300007671"
"3","6","6","6","0.3333491067498625","0.32337109549507387","0.341884032802808"
"4","8","8","8","0.31517661890124343","0.310832386280958","0.31817540617090484"
"5","10","10","10","0.30148656829806714","0.29427221422134564","0.3042669561391232"
"6","12","12","12","0.29180669552934685","0.2833361743996673","0.2978554354528089"
"7","14","14","14","0.28098998705461586","0.2752720022150395","0.2849230749392174"
"8","16","16","16","0.2770436711064671","0.27114371752241495","0.2833925404644012"
"9","18","18","18","0.2666699951839583","0.2584107698706407","0.2748653978835266"
"10","20","20","20","0.26187640086931946","0.2554423295874242","0.26724593016807774"
"11","22","22","22","0.2581975371856531","0.250808570965596","0.2668031098690204"
"12","24","24","24","0.2529814637327924","0.24735077762472854","0.2562159314160085"
"13","26","26","26","0.2461636681045527","0.23967914252310207","0.2503420513354177"
"14","28","28","28","0.24132179669766388","0.2374685111934738","0.245888792310529"
"15","30","30","30","0.23630853954359554","0.22967107542073223","0.24142171159926568"
"16","32","32","32","0.23094626653945816","0.22624847108513663","0.23901751660770323"
"17","34","34","34","0.22979615422166533","0.2253470800154974","0.23425845957120162"
"18","36","36","36","0.2253333266044511","0.2236344676330733","0.2286632654945442"
"19","38","38","38","0.2228083318667521","0.22092050100237734","0.2289398354526644"
"20","40","40","40","0.21850040428130799","0.21450038336759056","0.2213996518354618"
"21","42","42","42","0.21320162648339336","0.2095796860756408","0.21667072053549502"
"22","44","44","44","0.21208481515142164","0.20839882971349596","0.21435577161319744"
"23","46","46","46","0.20863443471879456","0.20435656839802888","0.21229816026396683"
"24","48","48","48","0.20462562500209103","0.20102833366458567","0.20844974185783235"
"25","50","50","50","0.2036766850117823","0.19944886033067008","0.20805386871084172"
"26","52","52","52","0.2033099989755968","0.19838653473760276","0.20829499247470049"
"27","54","54","54","0.1972681138140086","0.1947535932306389","0.1992391084076709"
"28","56","56","56","0.19615064701864723","0.19132686592969333","0.2000275721367209"
"29","58","58","58","0.1980165256065212","0.1928492297603519","0.20345661069517215"
"30","60","60","60","0.19138157278944928","0.1890258043121505","0.19269204739907023"
"31","62","62","62","0.19394404334948664","0.1903968673672661","0.19629176867828294"
"32","64","64","64","0.18919879153383198","0.1852389309841222","0.19139382482400172"
"33","66","66","66","0.18949914945460822","0.1855841364863421","0.19400356045261588"
"34","68","68","68","0.18710822750002448","0.18344047829541368","0.19142476229785954"
"35","70","70","70","0.1829750689424834","0.18182124677867625","0.1851216075914261"
"36","72","72","72","0.18345388184756456","0.18158601251411996","0.1847537580599031"
"37","74","74","74","0.182175046992691","0.17940354691404606","0.1847203868210409"
"38","76","76","76","0.18083517166677462","0.17494134501065725","0.19256563490976886"
"39","78","78","78","0.17693716639034687","0.17531520054297786","0.1785044687745552"
"40","80","80","80","0.17719526462157462","0.17285851310713565","0.18285042477815006"
"41","82","82","82","0.17689898253587705","0.17433396060566286","0.17868147626659323"
"42","84","84","84","0.17478503948488738","0.17244624571958564","0.17691010630695805"
"43","86","86","86","0.17435294649285638","0.17255211526637737","0.17634878452329789"
"44","88","88","88","0.17267827228671476","0.16882403971312918","0.17478711923443788"
"45","90","90","90","0.1708900723509586","0.1686309446023299","0.17200912852101638"
"46","92","92","92","0.17120416273204886","0.1674492299223881","0.1767004927318237"
"47","94","94","94","0.17196640739204622","0.16979651555371975","0.17639143522543935"
"48","96","96","96","0.17049238351755708","0.16577323325169827","0.17477426010656844"
"49","98","98","98","0.16789974505332012","0.1651434339829912","0.16969852290810472"
"50","100","100","100","0.16830004273430613","0.16329124404127002","0.1724270566638845"
"51","102","102","102","0.16675727274134333","0.16527457434457896","0.16860380905134362"
"52","104","104","104","0.1660630545439279","0.1608826289324787","0.17083907191545075"
"53","106","106","106","0.16497984056699108","0.16385201220869286","0.16735030499466147"
"54","108","108","108","0.16496054741931823","0.15982024086658855","0.17185048756848056"
"55","110","110","110","0.16376394088099736","0.16083312003817982","0.16910263746134105"
"56","112","112","112","0.16279137559029289","0.1608426533940576","0.16426342119394383"
"57","114","114","114","0.16051477424557814","0.1587040321255319","0.16475838763734293"
"58","116","116","116","0.16222508542753553","0.15996214320204752","0.16532266532809042"
"59","118","118","118","0.16028124396418295","0.15718335410980153","0.16387754840202282"
"60","120","120","120","0.15988611691247648","0.15774368487418775","0.16146384325830382"
"61","122","122","122","0.15891083660677244","0.1573336157715991","0.1622665878134017"
"62","124","124","124","0.15934947766336843","0.15730598740416746","0.16185171373401092"
"63","126","126","126","0.15705732099973368","0.15439017306553046","0.16080174627208202"
"64","128","128","128","0.15724174493671067","0.1540961583151193","0.16077656567385645"
"65","130","130","130","0.15702766618541744","0.15556056724329398","0.15893814990551533"
"66","132","132","132","0.15643213399699207","0.15357678446291043","0.1605443455718771"
"67","134","134","134","0.15782169749976505","0.15614219585232866","0.1602113583187049"
"68","136","136","136","0.15531458814098786","0.15341248900707127","0.15732598509298845"
"69","138","138","138","0.1548546673088799","0.15127917349045375","0.1574568103981115"
"70","140","140","140","0.15394567605715812","0.15333614872292975","0.15483635214634406"
"71","142","142","142","0.15381312213876464","0.15192590303685743","0.15551293193959756"
"72","144","144","144","0.15465852192200766","0.1529209924846315","0.15747083742288565"
"73","146","146","146","0.15287843680156638","0.1520742179796437","0.15409871676847184"
"74","148","148","148","0.15320829725989366","0.15103751510745297","0.1549542106902808"
"75","150","150","150","0.15412849761662478","0.15147269337137365","0.15732925647097146"
"76","152","152","152","0.15335372363534155","0.14955338834088708","0.15576800911399077"
"77","154","154","154","0.15308667389386726","0.14968868944337735","0.15676998418569565"
"78","156","156","156","0.15341043583737557","0.1520856504533084","0.15423042462994882"
"79","158","158","158","0.15233508974649806","0.14889097531764287","0.15563033101355508"
"80","160","160","160","0.1524465016991828","0.14858293968843098","0.156825681264715"
"81","162","162","162","0.15155210605957622","0.1501297355939139","0.1523968920265256"
"82","164","164","164","0.15396841252054022","0.15129843845403246","0.15553417142107867"
"83","166","166","166","0.15170437915209437","0.14938568610126454","0.15408725333926881"
"84","168","168","168","0.15142664789583443","0.14763153403942028","0.15524303965933145"
"85","170","170","170","0.1502202083706074","0.14691280364120168","0.1537256194471692"
"86","172","172","172","0.15124294063414861","0.14966780506492677","0.15364016276901804"
"87","174","174","174","0.14998469475688736","0.14701166647676475","0.1536745078534257"
"88","176","176","176","0.1501583564975067","0.14634761878985394","0.15281051777754348"
"89","178","178","178","0.14910038878551207","0.14626333773851824","0.15172191153843181"
"90","180","180","180","0.1494635465740226","0.14699461614999734","0.15177158972418994"
"91","182","182","182","0.15018571179423762","0.1475340605014471","0.15433487244328334"
"92","184","184","184","0.1511386241667084","0.14748898585310252","0.1534499421114623"
"93","186","186","186","0.1493751132516464","0.14659049773985805","0.1514308632307511"
"94","188","188","188","0.1503783483123134","0.14726981476535123","0.15503394403691884"
"95","190","190","190","0.14767401826122933","0.14516356673197095","0.1492400426406239"
"96","192","192","192","0.14854934190447802","0.14610553667133003","0.15268542460663218"
"97","194","194","194","0.14934110718219634","0.14790989828514123","0.15085339667760841"
"98","196","196","196","0.14944461582741808","0.14697830191253575","0.15189978848106117"
"99","198","198","198","0.15008109604399378","0.14913097298266223","0.1508628994765377"
"100","200","200","200","0.14781483016373193","0.1460914004376832","0.15238239444263504"
"101","202","202","202","0.15086042857331824","0.148133027383615","0.15340034056209903"
"102","204","204","204","0.14837727246719254","0.1467190660009757","0.14968170457585636"
"103","206","206","206","0.14957934922960048","0.14695904653654523","0.15274837391246604"
"104","208","208","208","0.14906848814358625","0.1442645339170462","0.15197051239410617"
"105","210","210","210","0.14822776468359944","0.14634162443258383","0.14931176323679216"
"106","212","212","212","0.14815858648953484","0.14682329062847133","0.1491150595504787"
"107","214","214","214","0.14941540822521335","0.1468653754925739","0.15086453086631543"
"108","216","216","216","0.1490255364472595","0.14607111760893685","0.15350203914148147"
"109","218","218","218","0.1474742277481324","0.14586107542945323","0.1497667397577305"
"110","220","220","220","0.14706412760453863","0.14496199088261918","0.1492237211517912"
"111","222","222","222","0.14874588452910367","0.1466512962047488","0.15236510520408983"
"112","224","224","224","0.14783843955389692","0.1461883556155606","0.14963298263073677"
"113","226","226","226","0.1471156995908744","0.1439951946534659","0.14949855190914105"
"114","228","228","228","0.14766715617125586","0.14424384095069812","0.15103857744874188"
"115","230","230","230","0.14760639429394035","0.14600404777432482","0.15051662838913246"
"116","232","232","232","0.1470447140730432","0.14515871776955414","0.1489245885893267"
"117","234","234","234","0.1491322958669133","0.14459845194145435","0.15345487901280672"
"118","236","236","236","0.14753222407707667","0.14688084429345613","0.14849568348706513"
"119","238","238","238","0.14771085685451316","0.1452608151255381","0.15025237036581385"
"120","240","240","240","0.14775985785077786","0.1458351259481524","0.1489310547509516"
"121","242","242","242","0.14684414403796106","0.14561763765428037","0.14758277566638975"
"122","244","244","244","0.14796802316156787","0.14517337902675373","0.1506082586578279"
"123","246","246","246","0.1470647288635869","0.14579323744157363","0.1482478734308286"
"124","248","248","248","0.14765193905826135","0.14588693689088644","0.15006192797564052"
"125","250","250","250","0.14660153544129023","0.14491021615161437","0.14856586821374984"
"126","252","252","252","0.14683035363539937","0.14430493468202168","0.15150826021911"
"127","254","254","254","0.1473079721359059","0.1444929601707255","0.15036842607078307"
"128","256","256","256","0.14667269308647976","0.1436134927584193","0.1475681750644084"
"129","258","258","258","0.14695367001893006","0.1428853865726804","0.1505926900856159"
"130","260","260","260","0.1452373090820477","0.14298774818205978","0.1482864269983309"
"131","262","262","262","0.14787494103278145","0.1458470277487798","0.15118435720631077"
"132","264","264","264","0.14745653719847976","0.14499111740058515","0.15140656447603995"
"133","266","266","266","0.14628680054412962","0.1442062779597451","0.14876615597086254"
"134","268","268","268","0.14782704478058734","0.14714196106035557","0.14911751832191128"
"135","270","270","270","0.14649626446009392","0.14284809459533562","0.1492296032281995"
"136","272","272","272","0.14755472768493566","0.14681479616193835","0.1488251217222057"
"137","274","274","274","0.14667105133108396","0.14303956356037753","0.15303723400245245"
"138","276","276","276","0.14690589869248005","0.14345164194052124","0.15113236512028264"
"139","278","278","278","0.14784983742173757","0.14574076868368935","0.1502315997407649"
"140","280","280","280","0.14760240602218833","0.14528784965470812","0.14978388332388787"
"141","282","282","282","0.1468171726501818","0.14566214682314546","0.14813161226425686"
"142","284","284","284","0.14844118106565138","0.1452798978282969","0.1515336632085445"
"143","286","286","286","0.1471653518519675","0.1429128488577026","0.15121632052438286"
"144","288","288","288","0.14684114027510045","0.14524183008785926","0.14758206251113337"
"145","290","290","290","0.1470618624414996","0.14412779692111335","0.1504474128548882"
"146","292","292","292","0.1450520584064735","0.14351105363369565","0.14708112397726603"
"147","294","294","294","0.14616095050422961","0.14449155748576184","0.14973549654649743"
"148","296","296","296","0.14800769106961228","0.14297021845858696","0.1531799936474447"
"149","298","298","298","0.1472955035467441","0.14479439403817465","0.14893687067647188"
"150","300","300","300","0.1478117757683401","0.14689165962207104","0.14964240488797673"
"151","302","302","302","0.14784783524028033","0.14608380753569045","0.15244039898424794"
"152","304","304","304","0.1465895732689359","0.14433323465019296","0.1489670278814522"
"153","306","306","306","0.14678185700087704","0.1442743744243134","0.15094589854832713"
"154","308","308","308","0.14680872717003324","0.1444109011006509","0.1491509360550765"
"155","310","310","310","0.14778925510180513","0.14641935175332094","0.14856850650732736"
"156","312","312","312","0.14781755016974013","0.14477388081296466","0.1512201699220436"
"157","314","314","314","0.14798784721926456","0.14531488701589337","0.1516637584142723"
"158","316","316","316","0.14644311264179985","0.14497047837683502","0.1495775726615558"
"159","318","318","318","0.1475475241442305","0.1424857349378501","0.14980828892060954"
"160","320","320","320","0.14896531417701314","0.14439520523929142","0.15399299176713827"
"161","322","322","322","0.14633455912863652","0.14300569192697582","0.14949837141494546"
"162","324","324","324","0.14752875416206335","0.14482261394141313","0.15000455595659298"
"163","326","326","326","0.14903280146337633","0.14509770184999604","0.15187029090764248"
"164","328","328","328","0.14820820081577915","0.146550336576023","0.14930569299682261"
"165","330","330","330","0.14623415750010743","0.1419358301929787","0.15011037028719323"
"166","332","332","332","0.14679329295030655","0.14361619104801326","0.1497865462441923"
"167","334","334","334","0.14663206955542923","0.14462962825598827","0.14919405463962002"
"168","336","336","336","0.14766529813755688","0.1444257735078979","0.15184169291518904"
"169","338","338","338","0.14679081222015927","0.14459354873132924","0.1512296827748814"
"170","340","340","340","0.14750077315732496","0.14649087213123452","0.14892016259440496"
"171","342","342","342","0.14719263400564386","0.14460102482789006","0.14892291407185482"
"172","344","344","344","0.1478308883854525","0.14678545198130502","0.14856662353884018"
"173","346","346","346","0.14693629185683202","0.14391353480335867","0.15073902144618845"
"174","348","348","348","0.1454351612624814","0.1434421113292323","0.14774607095667977"
"175","350","350","350","0.14592733527885074","0.14522141001751537","0.14679935700538702"
"176","352","352","352","0.14779919156792248","0.14583109459664478","0.14929908396308927"
"177","354","354","354","0.14612740330189822","0.142170289816421","0.14844436644367853"
"178","356","356","356","0.1471486835397557","0.1450198372554066","0.15129217865072364"
"179","358","358","358","0.1473442881099562","0.14576855217505855","0.15122538914661565"
"180","360","360","360","0.14486549502969243","0.1439398786075705","0.14648870202510847"
"181","362","362","362","0.1462539722159771","0.14337210252805946","0.1488917838762241"
"182","364","364","364","0.14757360315560045","0.14475938248796455","0.1498768877677587"
"183","366","366","366","0.14631953712363352","0.14507497901359984","0.14780401607543062"
"184","368","368","368","0.14631423195625276","0.14369670575484592","0.1488917518999783"
"185","370","370","370","0.14774043116340246","0.14492251270454184","0.15042198339642704"
"186","372","372","372","0.14704389461438452","0.1463460010861236","0.1474814438924492"
"187","374","374","374","0.14699680827249564","0.14480857055852753","0.14998613401271532"
"188","376","376","376","0.14580540247775403","0.14346112756500312","0.14760966840273929"
"189","378","378","378","0.14695869999056532","0.14449915774180985","0.1499720014692813"
"190","380","380","380","0.1485369122094021","0.14600161659614394","0.15147030718485596"
"191","382","382","382","0.14660077770902383","0.14505803064569614","0.1480183199804"
"192","384","384","384","0.14633370067853482","0.1443566005072768","0.1485102325709613"
"193","386","386","386","0.1480843024025677","0.14578799253389244","0.1498370016085922"
"194","388","388","388","0.14679480659888694","0.14395512887385545","0.14913356238122416"
"195","390","390","390","0.14597627581445088","0.1438807319403039","0.1475298763073252"
"196","392","392","392","0.14791224482524024","0.1457862819045514","0.14926679646981553"
"197","394","394","394","0.14824602342334448","0.14515131332349748","0.1518476629006885"
"198","396","396","396","0.1472459815614196","0.1464762994268963","0.14805821742921443"
"199","398","398","398","0.14552634735641373","0.14347315928404855","0.14721737025567105"
"200","400","400","400","0.146581322672857","0.14547452683458809","0.14751165256220325"
"201","402","402","402","0.14673958352102723","0.14582935094660338","0.14757767004413389"
"202","404","404","404","0.14663080723553376","0.14455018170342207","0.15090348503779555"
"203","406","406","406","0.14693145698708795","0.14466593075034895","0.14902382035472805"
"204","408","408","408","0.14733348461754953","0.1446228702199428","0.15052010548530634"
"205","410","410","410","0.14573151693217076","0.14361170861082195","0.1485622166415055"
"206","412","412","412","0.14527803951945545","0.14097882022381472","0.14821425807402996"
"207","414","414","414","0.1470930107692974","0.14475399112532272","0.15000108920821778"
"208","416","416","416","0.14577676700596404","0.1438421116228769","0.14967033180197353"
"209","418","418","418","0.14659972367983137","0.14533338543285873","0.1480864634561517"
"210","420","420","420","0.1453211514158684","0.14367363736273647","0.14701896224324706"
"211","422","422","422","0.14625581984808828","0.14502068521772324","0.14720530604102225"
"212","424","424","424","0.14611946566958228","0.1433953283373001","0.1478182704344648"
"213","426","426","426","0.1456484927683388","0.14302795004672594","0.14850827399014793"
"214","428","428","428","0.1472711263305631","0.1445951067869157","0.15038176147211538"
"215","430","430","430","0.14617780206909442","0.1436221015999","0.14846163540150067"
"216","432","432","432","0.14689314951874616","0.14578658186031335","0.14822268630477872"
"217","434","434","434","0.14713396700259482","0.143591001953469","0.15067209165248568"
"218","436","436","436","0.14750462972603956","0.1453231944749526","0.14996200896062992"
"219","438","438","438","0.14731461216107272","0.14588116057351266","0.14887083430957268"
"220","440","440","440","0.1467085872197537","0.14344673130837157","0.1502892968048525"
"221","442","442","442","0.1457719359294925","0.14451568700186207","0.14661515563506017"
"222","444","444","444","0.14772454936469562","0.1468190486993268","0.14843603392693497"
"223","446","446","446","0.14651852075385632","0.1443125719388332","0.14795390048893595"
"224","448","448","448","0.14749058690136008","0.1458183959237068","0.149949678133344"
"225","450","450","450","0.14522169896762832","0.14329791791348503","0.14723350250586006"
"226","452","452","452","0.14674231992143014","0.1440157687976649","0.14916143811102986"
"227","454","454","454","0.14640845917121664","0.14350729665465797","0.14802416781776626"
"228","456","456","456","0.14813111382870742","0.14555869147519174","0.14969186283483765"
"229","458","458","458","0.14668380620585814","0.1445988854283072","0.1500301431650828"
"230","460","460","460","0.146693991810147","0.14343082635988846","0.1492078935038957"
"231","462","462","462","0.147556567546055","0.1438909623831939","0.15030387816544738"
"232","464","464","464","0.14565626468552045","0.14282735637887575","0.1473667610232987"
"233","466","466","466","0.14707520649776679","0.14631067819673282","0.14803230817394072"
"234","468","468","468","0.1479800019493566","0.14468322600662153","0.15060145065422392"
"235","470","470","470","0.14770318502877675","0.14584347073914775","0.15039975848023973"
"236","472","472","472","0.14672811814829206","0.14533196702321388","0.1482485382547472"
"237","474","474","474","0.14637044210378206","0.1443627676922352","0.14766726789054443"
"238","476","476","476","0.14681623955590145","0.14443532559333946","0.14876953428833156"
"239","478","478","478","0.14778850237255137","0.14550524640287674","0.149136045673808"
"240","480","480","480","0.14724532210661756","0.1428379299851434","0.15196370248302865"
"241","482","482","482","0.1454657895999137","0.14388841972665792","0.15058691951144235"
"242","484","484","484","0.14783762172476447","0.14285752169529226","0.15653385181080792"
"243","486","486","486","0.14663731837483526","0.1448098043534602","0.14895304641746787"
"244","488","488","488","0.14641124188138235","0.14406466608667562","0.1487944587806026"
"245","490","490","490","0.14656471696026452","0.14421634478892154","0.14889935176393124"
"246","492","492","492","0.14613397875985923","0.1448730569858519","0.1475740532883787"
"247","494","494","494","0.1464355149062901","0.14476323943144434","0.1482151396518948"
"248","496","496","496","0.14717428025006057","0.14449230952683814","0.14931767539992657"
"249","498","498","498","0.14709916059730702","0.1448332997738086","0.14914416483864448"
"250","500","500","500","0.1480582460033381","0.14493160289936233","0.15008483543505993"
"251","502","502","502","0.14688172706864605","0.1455471945767605","0.149449648965283"
"252","504","504","504","0.14659214208107185","0.14593906414689423","0.14740490431224665"
"253","506","506","506","0.14808519443616935","0.14654359954302584","0.1497569117045095"
"254","508","508","508","0.14803754846739836","0.14509617952236964","0.15045592943138383"
"255","510","510","510","0.14638465070086068","0.14284044753093106","0.14765027506539927"
"256","512","512","512","0.14657581893468097","0.1448986895124853","0.14765906305357968"
"257","514","514","514","0.14670877104735644","0.14279322666260086","0.15072152899804375"
"258","516","516","516","0.14869599318307253","0.14463865388339356","0.15093708365360534"
"259","518","518","518","0.1473963242749858","0.14480583440341482","0.15277662865438651"
"260","520","520","520","0.146274679130939","0.14580456936513714","0.14716184767657245"
"261","522","522","522","0.14767563765090724","0.14583294521050943","0.1496641778132045"
"262","524","524","524","0.1470261314010472","0.14313145521359238","0.1501357041568242"
"263","526","526","526","0.147293975630238","0.14426255445564168","0.14938739155858632"
"264","528","528","528","0.14712678635689708","0.14468202941326513","0.1502633184385963"
"265","530","530","530","0.14674452472752267","0.1458698866862932","0.14876349196977914"
"266","532","532","532","0.14769417343313615","0.1442204500883167","0.15073194303481147"
"267","534","534","534","0.14827137004793553","0.14533710346416026","0.1509952769872961"
"268","536","536","536","0.14766789386270016","0.14586161916055337","0.14962438017931268"
"269","538","538","538","0.1489264544202349","0.14707948579032568","0.1522783204921891"
"270","540","540","540","0.14773696389409618","0.14669469907686808","0.14822517557325418"
"271","542","542","542","0.1475834939847044","0.14510912021333755","0.15095120908604626"
"272","544","544","544","0.14695881977649916","0.14541019643388203","0.14837859933283287"
"273","546","546","546","0.14780861123689504","0.1452015008871168","0.15078913988041323"
"274","548","548","548","0.1473079417494637","0.14657258784205604","0.14785738617030403"
"275","550","550","550","0.14839631099911768","0.1449540434067294","0.15120326498713077"
"276","552","552","552","0.14981970031184172","0.14691743125995943","0.15228655426667148"
"277","554","554","554","0.14917830484065972","0.14700435256237016","0.151776026573936"
"278","556","556","556","0.14849973519313373","0.1461350188108573","0.15168995963138948"
"279","558","558","558","0.1483082531559437","0.1442870280574545","0.15064003488748026"
"280","560","560","560","0.14909228754306064","0.14644738711326324","0.15171147470130683"
"281","562","562","562","0.14719980009768588","0.145694735757937","0.1515333699298867"
"282","564","564","564","0.14777901928510123","0.1452158155415022","0.15079348848227614"
"283","566","566","566","0.1479088551965815","0.14588362007828265","0.14986416411067163"
"284","568","568","568","0.14923227927938196","0.14787617443141363","0.15106352912498133"
"285","570","570","570","0.14824999501492603","0.14406208429140485","0.1515468218705031"
"286","572","572","572","0.14805767542727408","0.14539806330948912","0.1508024292831545"
"287","574","574","574","0.14689216027865998","0.14506139091764417","0.1483378057285327"
"288","576","576","576","0.14794155294878003","0.14734166033591117","0.1487908949569361"
"289","578","578","578","0.14815993562961555","0.1459146382589338","0.15132859657320394"
"290","580","580","580","0.147917588303668","0.14415624704771082","0.1521342104137045"
"291","582","582","582","0.15034098634438164","0.1472589174630804","0.15507777664157935"
"292","584","584","584","0.14938069869408793","0.1450725163414234","0.153077350640145"
"293","586","586","586","0.1472850592427701","0.14310357340363772","0.15087083267225143"
"294","588","588","588","0.14827081320877186","0.1450491756669767","0.14994815933744082"
"295","590","590","590","0.14944544707016857","0.1486837795743836","0.15101255362619853"
"296","592","592","592","0.1481077309327314","0.14748283542279134","0.14877099532734797"
"297","594","594","594","0.1468158747418909","0.14303239637552428","0.1494303386016668"
"298","596","596","596","0.1486004456420031","0.14537363373139103","0.15036304986242466"
"299","598","598","598","0.1464147501147754","0.14252994622806214","0.15048151507351745"
"300","600","600","600","0.14692300127024369","0.14475896583585351","0.14873539362274643"
"301","602","602","602","0.14738657253346726","0.1417834217946353","0.15046563215766098"
"302","604","604","604","0.14816255686549096","0.14612762594156242","0.15056354586387835"
"303","606","606","606","0.14784899612755142","0.14604560195541055","0.14941992857349498"
"304","608","608","608","0.1466958477260462","0.14446143632796823","0.1486899679297729"
"305","610","610","610","0.14981207394189952","0.14726533651648305","0.15142302216604533"
"306","612","612","612","0.1470641058038415","0.14406860622559625","0.1496406169873625"
"307","614","614","614","0.14660604408473216","0.1453922600775733","0.14747577120627506"
"308","616","616","616","0.14735276718884296","0.14553619830723918","0.14880920164761738"
"309","618","618","618","0.14770344280334136","0.1447300606821112","0.1517175881104207"
"310","620","620","620","0.14635017652827567","0.14429668215887212","0.14913697109350016"
"311","622","622","622","0.14799184993407086","0.1470334244357275","0.1491218102627747"
"312","624","624","624","0.14709359522172197","0.144486778730306","0.14946333581238994"
"313","626","626","626","0.14999621200936164","0.1445630368883028","0.15476452636363908"
"314","628","628","628","0.146503729228081","0.14439968949365847","0.14852552348451536"
"315","630","630","630","0.1452971416565831","0.14384182244382865","0.1473214537090489"
"316","632","632","632","0.14769345885310675","0.14638303776930048","0.14959659487240456"
"317","634","634","634","0.14917694891800667","0.14719205240671582","0.15240862774608058"
"318","636","636","636","0.14867667191888823","0.14541086738226175","0.15063038809802953"
"319","638","638","638","0.14870010248853055","0.14370185472775346","0.1511543202918426"
"320","640","640","640","0.14901728831170769","0.14688023875630832","0.15157283792928145"
"321","642","642","642","0.14886969013360854","0.14591855732700096","0.1518202764717888"
"322","644","644","644","0.1485255426855292","0.14556167341679002","0.15050898443102392"
"323","646","646","646","0.147680240508721","0.14662925102043406","0.14914578491458877"
"324","648","648","648","0.14852457150407214","0.14462002468129506","0.15153678358211822"
"325","650","650","650","0.1476506359585443","0.1443809463413457","0.15141294777368047"
"326","652","652","652","0.1473425775470542","0.14565013906377772","0.14886848420109258"
"327","654","654","654","0.14930667916280585","0.1476172335488097","0.15325221213743892"
"328","656","656","656","0.14936311714034387","0.14808142150971543","0.15034778816771718"
"329","658","658","658","0.14828933767817593","0.1441284370269853","0.14981761111314304"
"330","660","660","660","0.14714248663933643","0.143951355728056","0.14870656386982573"
"331","662","662","662","0.14918123735140448","0.14527968270097552","0.15192926048916436"
"332","664","664","664","0.14913715110486742","0.14420445167504733","0.15307388874108016"
"333","666","666","666","0.14804370915066753","0.14716603211544038","0.1491999936355785"
"334","668","668","668","0.14953269443023404","0.14543366104625077","0.15273144363860922"
"335","670","670","670","0.14731465552345976","0.14432195024868427","0.15045876803883154"
"336","672","672","672","0.14742264527659169","0.1425945150620866","0.15200934264089738"
"337","674","674","674","0.14869815607164294","0.1443815822410297","0.1537370302647124"
"338","676","676","676","0.14777603676430515","0.14565862110370717","0.14936921805084177"
"339","678","678","678","0.1489556069922074","0.145908167331816","0.15182315795210916"
"340","680","680","680","0.14839752198053136","0.1458901889346992","0.1502304371814657"
"341","682","682","682","0.14822483720543259","0.1472997501044817","0.1502247266187631"
"342","684","684","684","0.14890096915631487","0.14753724636608245","0.15109867747368602"
"343","686","686","686","0.1486778632395847","0.14499055917154935","0.15276136354503034"
"344","688","688","688","0.1482246407816084","0.144768599275155","0.14973799002519092"
"345","690","690","690","0.14771463713631375","0.14693807421457014","0.14835417979352059"
"346","692","692","692","0.14821976596004066","0.1472815164239882","0.1492128880579309"
"347","694","694","694","0.1475333730911988","0.1447105789488546","0.14976271307188682"
"348","696","696","696","0.14867788521409825","0.14587242983685977","0.15070910458691417"
"349","698","698","698","0.14601937751069438","0.14300230421876556","0.14885847248724135"
"350","700","700","700","0.14873425828361228","0.14460154934415617","0.15195587651525896"
"351","702","702","702","0.1479873032470267","0.14565308252265505","0.15085573331252627"
"352","704","704","704","0.1492409444241387","0.14657779316719127","0.15358196379915479"
"353","706","706","706","0.1485808600717335","0.14711622723232845","0.15017215003142603"
"354","708","708","708","0.14839097359753659","0.14719851879202098","0.14993759747102095"
"355","710","710","710","0.14866057526882973","0.14632621176329322","0.1498301672254911"
"356","712","712","712","0.14727596484891753","0.14324520170469443","0.15293072729431098"
"357","714","714","714","0.14842401124651747","0.14708124490878174","0.1504653034194085"
"358","716","716","716","0.14824871391319924","0.14532911112235863","0.15109449366461494"
"359","718","718","718","0.14870719462590967","0.14651638450505658","0.1502035406741084"
"360","720","720","720","0.148928581687141","0.14389991463162533","0.15234498458352347"
"361","722","722","722","0.1494272341666857","0.14506719714461835","0.15396438621281047"
"362","724","724","724","0.15071264334394363","0.14650807646462022","0.15327516433452773"
"363","726","726","726","0.14916360927349523","0.14538778068057956","0.15485446426432117"
"364","728","728","728","0.1494595741158798","0.14704831855706388","0.15078619472142907"
"365","730","730","730","0.1487830227290463","0.1463821670919201","0.15270669865088612"
"366","732","732","732","0.1486444367632776","0.14675221241158432","0.15200077029183645"
"367","734","734","734","0.1482335751441786","0.14502308674170236","0.15228671984340122"
"368","736","736","736","0.14774815972233762","0.1459721666931585","0.15083680818340728"
"369","738","738","738","0.14866947536130165","0.14487026499381825","0.15156393660933945"
"370","740","740","740","0.14811432861536553","0.1466415965778969","0.14988546258433694"
"371","742","742","742","0.14731866177871042","0.1459144922932759","0.1484702427651556"
"372","744","744","744","0.14737472155985035","0.14592710026112016","0.14857009510182145"
"373","746","746","746","0.1479671784888142","0.14595401528385005","0.14928694837699114"
"374","748","748","748","0.15105780260389773","0.14794759198973648","0.15404420640258365"
"375","750","750","750","0.15064916131721656","0.1488286286613527","0.15292113752137476"
"376","752","752","752","0.14884944688503227","0.1463752546878338","0.15258027817429623"
"377","754","754","754","0.14972452239797307","0.14856497320758263","0.1517494157192476"
"378","756","756","756","0.1484695284545362","0.14584729338351785","0.15062193902357363"
"379","758","758","758","0.14806632698851113","0.1462788592685958","0.15222112606557872"
"380","760","760","760","0.148428159498562","0.14604551587929476","0.15119000235899363"
"381","762","762","762","0.14975344304427013","0.14652324514178072","0.151807469872361"
"382","764","764","764","0.14878921319998847","0.1470582057890351","0.15154371719266094"
"383","766","766","766","0.14778172169521803","0.14625866640808205","0.14885790529599033"
"384","768","768","768","0.14934918902334055","0.1471733852804049","0.15128920051225497"
"385","770","770","770","0.1473887782472845","0.1460961072923172","0.14954749582672217"
"386","772","772","772","0.1494282301165873","0.14726447179516114","0.15079732602217488"
"387","774","774","774","0.1507714614390468","0.149084717051383","0.1548783138245031"
"388","776","776","776","0.14948464327877523","0.14633374721513162","0.15128177689605868"
"389","778","778","778","0.14988707978760515","0.14707049141707307","0.15339515732891598"
"390","780","780","780","0.1490570162008866","0.14812044964502602","0.15229400918740424"
"391","782","782","782","0.14889975420898197","0.14596201674916306","0.15110520061056626"
"392","784","784","784","0.1493466701917824","0.1459667013832066","0.15169503470542714"
"393","786","786","786","0.14987952612649375","0.14839785672847933","0.15299499384864765"
"394","788","788","788","0.14982509538075","0.14750028393954467","0.15239022959018003"
"395","790","790","790","0.14868291232501848","0.14676298170406205","0.1513928578325414"
"396","792","792","792","0.14995719095921806","0.14689942141169388","0.15123064412873552"
"397","794","794","794","0.1490071206641915","0.14658150422444965","0.15141092589511912"
"398","796","796","796","0.15074278239049113","0.1488366024959049","0.1522298021159623"
"399","798","798","798","0.14773990946488944","0.14641673900759108","0.15005743235118338"
"400","800","800","800","0.1488328892115399","0.14713133298802683","0.1508113148402198"
"401","802","802","802","0.14926223629357813","0.14672863074117595","0.15153095037450323"
"402","804","804","804","0.14759163287352475","0.14630624772279824","0.14968543448051408"
"403","806","806","806","0.1498807633435649","0.1483518187195658","0.15177583741209544"
"404","808","808","808","0.14873483106940255","0.14608164310343894","0.1499696681695629"
"405","810","810","810","0.1490573461706702","0.14840978600565413","0.15053713233704544"
"406","812","812","812","0.14963471720291308","0.14680936573303222","0.15281577143756928"
"407","814","814","814","0.14773398723326017","0.1444720642156287","0.15118149145456722"
"408","816","816","816","0.1496578300719772","0.14743081841413216","0.15505336177263937"
"409","818","818","818","0.14947221856923512","0.14614151587980964","0.15349631174479272"
"410","820","820","820","0.1476979666644549","0.14514384578109193","0.15180164469108873"
"411","822","822","822","0.1478094931388189","0.14494487437115078","0.14941698412525195"
"412","824","824","824","0.14844291629364564","0.14603198482354127","0.15184936191062381"
"413","826","826","826","0.14843175679944598","0.14366034670425962","0.15202707528966788"
"414","828","828","828","0.14948262494928016","0.1454334621001298","0.1547485100420573"
"415","830","830","830","0.14804096516504403","0.14594276231049266","0.15137245329123827"
"416","832","832","832","0.14811215624559432","0.14600805717417117","0.1491443109763336"
"417","834","834","834","0.14839615419759777","0.1470458914189431","0.1494313384586627"
"418","836","836","836","0.14872590118227055","0.148105780013052","0.15032146307427482"
"419","838","838","838","0.14749510688174355","0.1459950969487033","0.1489102450768636"
"420","840","840","840","0.14865205388524785","0.14651121464433428","0.15053824768726168"
"421","842","842","842","0.14720566998337256","0.14482293315341557","0.14905461506835957"
"422","844","844","844","0.15007598956814902","0.1473614759623005","0.15354899558425758"
"423","846","846","846","0.14892093778095072","0.14717954336520434","0.15151013211309014"
"424","848","848","848","0.149528916284872","0.14773900973127235","0.1515913596646929"
"425","850","850","850","0.14819114923971108","0.14622237303417743","0.15121186129606184"
"426","852","852","852","0.14929630329358373","0.14697702650040517","0.15255892349673025"
"427","854","854","854","0.14819756900454956","0.1449622078994748","0.15126674943859567"
"428","856","856","856","0.14984806997161162","0.14785295331446924","0.15321876646504717"
"429","858","858","858","0.14888286016957336","0.14650996679768377","0.15149378286157167"
"430","860","860","860","0.14967897772159544","0.14862712674847495","0.15068611131356496"
"431","862","862","862","0.15017450844496127","0.1457989315287199","0.15545298253837267"
"432","864","864","864","0.14922819915042995","0.14775010194299276","0.15301498621863588"
"433","866","866","866","0.1494124566104194","0.14728445508293034","0.15092971269179886"
"434","868","868","868","0.14889354833604168","0.14467427097128222","0.1531967768401814"
"435","870","870","870","0.14923858822411","0.14820917460143854","0.1506378000269666"
"436","872","872","872","0.15090555397181177","0.14843982001117575","0.1550725377385526"
"437","874","874","874","0.1487891036792341","0.14713136704693067","0.15029345719255988"
"438","876","876","876","0.14937370649002926","0.14670065128066198","0.15322651534444098"
"439","878","878","878","0.14885519262863586","0.14748572658937179","0.1498422776636487"
"440","880","880","880","0.149846230955471","0.14716022487639605","0.151638877648398"
"441","882","882","882","0.14830176475290263","0.14642148659365553","0.15132859337243137"
"442","884","884","884","0.15054667186829945","0.14896265831190045","0.1515608972985921"
"443","886","886","886","0.14798324151606101","0.14613853273090407","0.1492892025698319"
"444","888","888","888","0.14900360009904384","0.1457036169454477","0.15051616729811923"
"445","890","890","890","0.14933262738044348","0.14756761995245737","0.15057251086183637"
"446","892","892","892","0.1495197619862132","0.14794205980197084","0.15054097830832402"
"447","894","894","894","0.14868328875341186","0.14602910373546438","0.15043777688383528"
"448","896","896","896","0.1503920098831157","0.14792249627792609","0.1516803780710741"
"449","898","898","898","0.14903700161972622","0.14648181291971862","0.1505871980653003"
"450","900","900","900","0.1514041186375946","0.14838751637178013","0.1555409740292125"
"451","902","902","902","0.15122122397843005","0.14880397435531004","0.1582439419387723"
"452","904","904","904","0.15163019994752852","0.14794193190598215","0.15431232602527997"
"453","906","906","906","0.14880670071913304","0.1461510329800753","0.15275073219908583"
"454","908","908","908","0.15003175896124163","0.14662084584035404","0.15292119623823125"
"455","910","910","910","0.15207521607769486","0.14880489497867286","0.1542626041896883"
"456","912","912","912","0.14914129929678302","0.14741021935295193","0.15108167176725482"
"457","914","914","914","0.14839821673805173","0.14664896144236814","0.15108525695624989"
"458","916","916","916","0.15025329739494003","0.14906817020533727","0.15237097716812545"
"459","918","918","918","0.1489637937637617","0.14622504828931776","0.15110494357937457"
"460","920","920","920","0.1493131692359432","0.1459322998532584","0.15254525290922877"
"461","922","922","922","0.14907545531391658","0.14753655354877734","0.15163286584487956"
"462","924","924","924","0.1494358666219669","0.14889779474301748","0.1499461502777802"
"463","926","926","926","0.14926434606004277","0.14615092620913755","0.15296415034951522"
"464","928","928","928","0.1510558584583694","0.15002697342930083","0.1521197016379754"
"465","930","930","930","0.15030561295100273","0.14587834981396655","0.1536251067614892"
"466","932","932","932","0.15068224191750307","0.14585422060092063","0.15467641649158134"
"467","934","934","934","0.14849888858964191","0.14620937770384598","0.15027841484130441"
"468","936","936","936","0.1491984250477662","0.14725006769096685","0.15165565255712862"
"469","938","938","938","0.14885140069800556","0.14609017951479494","0.15160770928960865"
"470","940","940","940","0.15022750287540915","0.14660067312498204","0.1557110359804013"
"471","942","942","942","0.14918450924212662","0.14609907347980228","0.15203980867707384"
"472","944","944","944","0.14995400671295092","0.1454949051890377","0.15185990943727753"
"473","946","946","946","0.1496956145540725","0.14676681242204434","0.1523079415728718"
"474","948","948","948","0.15058213531441533","0.14624161233829266","0.1547467763394264"
"475","950","950","950","0.14993825773490893","0.1461688359483884","0.1530416168997553"
"476","952","952","952","0.14926627054012204","0.14631794155586134","0.15202678695300612"
"477","954","954","954","0.14962328407808867","0.14276662179968222","0.15425245782030186"
"478","956","956","956","0.15129773785645856","0.14894987806949944","0.15540807860743447"
"479","958","958","958","0.1500375216632513","0.14786900005395354","0.1525223435164547"
"480","960","960","960","0.15050977837517995","0.14943535314499293","0.1510443052764783"
"481","962","962","962","0.1484904267789468","0.1471228936812697","0.14941600373194083"
"482","964","964","964","0.14896486255106406","0.1475521862320195","0.15073405629392692"
"483","966","966","966","0.14917092918156555","0.14717866615446754","0.1514662052137522"
"484","968","968","968","0.14802874601628485","0.14599436440801705","0.150304777980991"
"485","970","970","970","0.15090900220257114","0.14817729767358698","0.1537226773057355"
"486","972","972","972","0.14976717113721832","0.14731362975467904","0.15197967038940943"
"487","974","974","974","0.1483801882816252","0.14467919579846486","0.14966638437248578"
"488","976","976","976","0.14934168240112683","0.1473633038605408","0.15213524557141753"
"489","978","978","978","0.15078796690372853","0.1488656110691096","0.153709295372824"
"490","980","980","980","0.14950232510796552","0.14679783960115358","0.153512361610345"
"491","982","982","982","0.15057333470635162","0.14875619693142383","0.1520453371621417"
"492","984","984","984","0.15128512156266932","0.14981238165929853","0.15506575403728107"
"493","986","986","986","0.15063971315756663","0.147727033969319","0.1547438422383012"
"494","988","988","988","0.15064118190588668","0.14724523130761108","0.15385031517665831"
"495","990","990","990","0.15083442179308143","0.14819072786697043","0.15439592317213072"
"496","992","992","992","0.1500622548079311","0.14731974195980183","0.15342492009349626"
"497","994","994","994","0.15072590017379298","0.14874213830315294","0.15342096517295195"
"498","996","996","996","0.14919054076255803","0.14676849445858034","0.15075652297069345"
"499","998","998","998","0.14884650205020505","0.14667447721996021","0.15238737163033048"
"500","1000","1000","1000","0.15073436454301012","0.14691809039828366","0.1527966363030089"
"501","1002","1002","1002","0.15101413357878216","0.14933596549081377","0.15237764190892705"
"502","1004","1004","1004","0.14975040829405353","0.14625836010161722","0.15417925153826023"
"503","1006","1006","1006","0.14910582486694363","0.14775732141099077","0.15100689004068502"
"504","1008","1008","1008","0.14996301144959304","0.14802927638180916","0.15208199907905792"
"505","1010","1010","1010","0.14871789657761708","0.1479301217977063","0.14978768399057135"
"506","1012","1012","1012","0.1500298912235574","0.14820339188256212","0.1547135754962739"
"507","1014","1014","1014","0.1511490421864047","0.14991849545311217","0.1532010741969559"
"508","1016","1016","1016","0.14999628052861214","0.14785206769910814","0.15234371264392516"
"509","1018","1018","1018","0.15100055691447117","0.1478908330404207","0.1540649299269849"
"510","1020","1020","1020","0.1506328634669434","0.14715197690418944","0.15432463681077324"
"511","1022","1022","1022","0.1491721840449049","0.14818390913869303","0.15099896274229913"
"512","1024","1024","1024","0.15042762706142007","0.14712008349323893","0.15347648587353285"
"513","1026","1026","1026","0.14965579406790847","0.14771004591514314","0.15214251792331562"
"514","1028","1028","1028","0.14969053716709793","0.14768047249345037","0.1505837447972834"
"515","1030","1030","1030","0.15114901580119583","0.14934665664373725","0.15302927331240598"
"516","1032","1032","1032","0.1492071754092828","0.14682743181609118","0.155171194507358"
"517","1034","1034","1034","0.15128125291889502","0.1507589524364453","0.15208919192812456"
"518","1036","1036","1036","0.1495383181469479","0.14655758717920886","0.1512846754236496"
"519","1038","1038","1038","0.15085500661496667","0.14903417864894009","0.15546578189814012"
"520","1040","1040","1040","0.15043124748266634","0.14663793208518341","0.15375139192557072"
"521","1042","1042","1042","0.15029410465611417","0.1478466027197545","0.15448946856749077"
"522","1044","1044","1044","0.14886091904319038","0.1461474745814202","0.15145148860712548"
"523","1046","1046","1046","0.1499400184794256","0.14878454738744645","0.1514109835107804"
"524","1048","1048","1048","0.1513464472370086","0.14843397195477295","0.15509842472337562"
"525","1050","1050","1050","0.14896982418983767","0.14755993644600968","0.15240491303769202"
"526","1052","1052","1052","0.1505956915230418","0.14832550953547255","0.15312960339884554"
"527","1054","1054","1054","0.14999845631840455","0.14831364247992396","0.15312164760571234"
"528","1056","1056","1056","0.1519553097670367","0.14967363600140318","0.15813083329478564"
"529","1058","1058","1058","0.14948333420795912","0.1460547501025318","0.151744969119767"
"530","1060","1060","1060","0.1491937159786994","0.14761034364870884","0.15039251200519246"
"531","1062","1062","1062","0.15181445128797022","0.14932287482263526","0.1550176853485573"
"532","1064","1064","1064","0.15146319355469223","0.15006417713829748","0.15292234720891745"
"533","1066","1066","1066","0.1490952343848839","0.14601836918820046","0.15175829953471465"
"534","1068","1068","1068","0.15059738007412143","0.1458427590479095","0.15364046504034745"
"535","1070","1070","1070","0.1499316796222571","0.14734821848501214","0.15368905121370385"
"536","1072","1072","1072","0.1504806710245503","0.14787894547034208","0.15375863230693154"
"537","1074","1074","1074","0.15053374402670375","0.14792666438660773","0.15340337115004476"
"538","1076","1076","1076","0.15009763361486664","0.14515516365401157","0.1524629547237786"
"539","1078","1078","1078","0.14950368232247707","0.14649297169760267","0.1515094456931326"
"540","1080","1080","1080","0.1488584392790029","0.1476907017839221","0.14991774252416354"
"541","1082","1082","1082","0.14938263566293966","0.14689571049494612","0.1506577216292368"
"542","1084","1084","1084","0.14976612596382805","0.14744015714636588","0.15246549000007148"
"543","1086","1086","1086","0.14931967901770662","0.14743265360966065","0.15245343539735315"
"544","1088","1088","1088","0.14992453183352467","0.1480554551859132","0.15270238612689782"
"545","1090","1090","1090","0.14984997925950672","0.14823082785479721","0.15151057148849598"
"546","1092","1092","1092","0.15044020058886826","0.14923141438609328","0.1524311284378595"
"547","1094","1094","1094","0.14858998022580588","0.1456338234063187","0.15103915214604008"
"548","1096","1096","1096","0.15017828986880238","0.1468176643576967","0.15343888487621593"
"549","1098","1098","1098","0.14959422381742177","0.14820257600762218","0.15057712325587122"
"550","1100","1100","1100","0.14977309663993849","0.14863677045493892","0.15107266222664886"
"551","1102","1102","1102","0.14889024491093691","0.14676299510289717","0.15055649040072602"
"552","1104","1104","1104","0.1498047358125124","0.14815523749465848","0.1525585772697874"
"553","1106","1106","1106","0.15026158617557975","0.1479985451987051","0.1538431681222197"
"554","1108","1108","1108","0.15044647347580514","0.14723167325336114","0.15503130632866088"
"555","1110","1110","1110","0.14860532941088536","0.14582046222134284","0.15073026993222202"
"556","1112","1112","1112","0.14947303216819563","0.14792243342425598","0.1507866659686504"
"557","1114","1114","1114","0.15067670598638094","0.1472709894044291","0.15406329701625054"
"558","1116","1116","1116","0.1497774248988024","0.14601008653533498","0.15265974751421782"
"559","1118","1118","1118","0.14960457272670785","0.14598043959635718","0.1534870161305672"
"560","1120","1120","1120","0.14947687273672616","0.1475555014257978","0.1518801555025363"
"561","1122","1122","1122","0.14956099379809898","0.147274453449486","0.15137662044623837"
"562","1124","1124","1124","0.14983885361121638","0.1462484408800161","0.1532846801318847"
"563","1126","1126","1126","0.1489730843280841","0.1459533944501122","0.1527326902824391"
"564","1128","1128","1128","0.14980921899351304","0.14485465275043405","0.15575106859753027"
"565","1130","1130","1130","0.15098397012791895","0.14796938668543738","0.15282403695196042"
"566","1132","1132","1132","0.15099830073553427","0.15023983876403635","0.15271899984972592"
"567","1134","1134","1134","0.1502888390556016","0.1468915341899481","0.1524230275556836"
"568","1136","1136","1136","0.15002353857182024","0.1488830140432846","0.1520651916462986"
"569","1138","1138","1138","0.14892331479631107","0.14790922958702268","0.15030158859583237"
"570","1140","1140","1140","0.14933902293435594","0.14728860192970053","0.1529112709686386"
"571","1142","1142","1142","0.14906861186270887","0.14498409477501165","0.15452499015066723"
"572","1144","1144","1144","0.15002504761928415","0.1469296325202354","0.1530415270666087"
"573","1146","1146","1146","0.15131318575447536","0.14890467297441853","0.1545482444698999"
"574","1148","1148","1148","0.14940453938610015","0.14764687400964713","0.15146532486310482"
"575","1150","1150","1150","0.14948049512982858","0.14792763778295004","0.1520985396853566"
"576","1152","1152","1152","0.14953730140940316","0.14788602453890756","0.15160563369563945"
"577","1154","1154","1154","0.14907252680585031","0.14769342849974723","0.15058385050440093"
"578","1156","1156","1156","0.14996438826832942","0.1484036986598914","0.15065316666460607"
"579","1158","1158","1158","0.14919664571303673","0.14735750425181648","0.1522250493254701"
"580","1160","1160","1160","0.14931078445342005","0.147830062095453","0.1529234782866206"
"581","1162","1162","1162","0.15082979014090692","0.14800684463787298","0.15341326297042626"
"582","1164","1164","1164","0.1509737788100806","0.14929710934734994","0.15303036752137933"
"583","1166","1166","1166","0.14968638585136448","0.14712220560098319","0.15134860380220314"
"584","1168","1168","1168","0.15151802928484706","0.1462025804728988","0.15387966732593808"
"585","1170","1170","1170","0.14967746015234049","0.1480209999086997","0.15237134678258313"
"586","1172","1172","1172","0.15086288020309327","0.147573901867598","0.1554954245643747"
"587","1174","1174","1174","0.14985083326038204","0.14692571181236141","0.15277108331604686"
"588","1176","1176","1176","0.15106001687256673","0.14620686714183398","0.15382112878949025"
"589","1178","1178","1178","0.1506048084781237","0.1470857668668027","0.15436182204870064"
"590","1180","1180","1180","0.1494442661866916","0.14832719472820136","0.15143710166545957"
"591","1182","1182","1182","0.14946700296268747","0.1445710227973874","0.1537555872502078"
"592","1184","1184","1184","0.14929134708753972","0.1476646357330828","0.1515143672379786"
"593","1186","1186","1186","0.14957880398307674","0.14813375236987605","0.15293576359300665"
"594","1188","1188","1188","0.14978568673331807","0.1468603684014036","0.15177213594465688"
"595","1190","1190","1190","0.14935403499756125","0.14733698022984798","0.15147909455796477"
"596","1192","1192","1192","0.14950870889306467","0.14720075224663684","0.1518535036407027"
"597","1194","1194","1194","0.14890771604963954","0.1462724423336831","0.15244707481627656"
"598","1196","1196","1196","0.14922362606185918","0.14510311362334014","0.1517495454887979"
"599","1198","1198","1198","0.1490035293184136","0.14587518723627524","0.1506423423117172"
"600","1200","1200","1200","0.14921524669373185","0.14684031121973065","0.1519128198186869"
"601","1202","1202","1202","0.14993427948920085","0.1483083100669612","0.1514996676563038"
"602","1204","1204","1204","0.15012109783493513","0.14638374808651208","0.1516155921141466"
"603","1206","1206","1206","0.14963682931119587","0.14674377784279036","0.15211619011245722"
"604","1208","1208","1208","0.14905628616238306","0.1463825044015146","0.15040474430838635"
"605","1210","1210","1210","0.151176320894527","0.14845495549565224","0.15396131481827624"
"606","1212","1212","1212","0.15161748295034358","0.15068349169703327","0.15207458808428476"
"607","1214","1214","1214","0.15019551119734084","0.14832450414691595","0.15152089678981687"
"608","1216","1216","1216","0.1511285248512648","0.14877626004651903","0.15347923476439165"
"609","1218","1218","1218","0.14928645838706567","0.14805879683723955","0.151287356569256"
"610","1220","1220","1220","0.14868853004155763","0.1470840708408449","0.15002991575416624"
"611","1222","1222","1222","0.15129088932685913","0.14770135614918303","0.15758958981113952"
"612","1224","1224","1224","0.14973183600153991","0.14827064099280565","0.15041203895603783"
"613","1226","1226","1226","0.15026096439403266","0.14861038856716433","0.15390226842718419"
"614","1228","1228","1228","0.14960378643366057","0.1480051765780806","0.15105616685903894"
"615","1230","1230","1230","0.14893538577975204","0.14740202172439995","0.15138507645890548"
"616","1232","1232","1232","0.15024154067312928","0.14637074202901465","0.1522723830421247"
"617","1234","1234","1234","0.14900083329311267","0.14676228418726905","0.15356319300660784"
"618","1236","1236","1236","0.15069887030512724","0.14675478047197743","0.15478612001039474"
"619","1238","1238","1238","0.15024617059437242","0.1492790679947072","0.1532829215480803"
"620","1240","1240","1240","0.15149817040636498","0.14894160945922927","0.15519813984261596"
"621","1242","1242","1242","0.14929263407127052","0.14639096395487727","0.15088031954980125"
"622","1244","1244","1244","0.14854487276883482","0.14631364342482356","0.14970664099530903"
"623","1246","1246","1246","0.14999981264922652","0.14704915520381573","0.15421639969375384"
"624","1248","1248","1248","0.14897471911620178","0.14744711426416063","0.1530190145696191"
"625","1250","1250","1250","0.1492673930137644","0.14661096691909933","0.1530133363344656"
"626","1252","1252","1252","0.15084916701170026","0.14657080460596364","0.1543997460511781"
"627","1254","1254","1254","0.15019751208776444","0.1470747352827067","0.15386471179785893"
"628","1256","1256","1256","0.14950709073368998","0.1476995666624399","0.1518512426039174"
"629","1258","1258","1258","0.15067484681887705","0.14699500071625024","0.1538950122105122"
"630","1260","1260","1260","0.1493561792940262","0.1472429791619954","0.151473853588655"
"631","1262","1262","1262","0.150249612683246","0.1477046912800895","0.15311173418483173"
"632","1264","1264","1264","0.1493939906068981","0.14655333245819455","0.1519614590818596"
"633","1266","1266","1266","0.14964038860591286","0.1464588269305524","0.15165465292078123"
"634","1268","1268","1268","0.14844173421191478","0.14732760140640844","0.14933573750802895"
"635","1270","1270","1270","0.15055857103279585","0.14890597045318918","0.15193290847285545"
"636","1272","1272","1272","0.150917962006269","0.14714163777961486","0.1557567225633904"
"637","1274","1274","1274","0.14862295267024223","0.14789334018106942","0.14960956106440945"
"638","1276","1276","1276","0.14835622192078582","0.14550710780225506","0.1511787430679325"
"639","1278","1278","1278","0.15031496234483108","0.14605152810636612","0.15473720799381055"
"640","1280","1280","1280","0.15047399305787576","0.14885626679639666","0.15423130110986696"
"641","1282","1282","1282","0.14913340292924798","0.14767198709870394","0.15143544979423143"
"642","1284","1284","1284","0.1522042824672062","0.14989073058129812","0.15476797891893365"
"643","1286","1286","1286","0.1501244937493502","0.14903058397138588","0.150925385284319"
"644","1288","1288","1288","0.14872616224369936","0.14612669559851924","0.1500171137193739"
"645","1290","1290","1290","0.1513790707871842","0.14853036021312452","0.15770542776563679"
"646","1292","1292","1292","0.14906019054288386","0.14765523936519026","0.15131184826285873"
"647","1294","1294","1294","0.1507784520241318","0.14635597208891504","0.1547226209800576"
"648","1296","1296","1296","0.14768874680774444","0.1453773021565086","0.15115136908206017"
"649","1298","1298","1298","0.14997501019806245","0.14755141278390232","0.1533639542052572"
"650","1300","1300","1300","0.1506045427348351","0.14802004813745384","0.15291521498473445"
"651","1302","1302","1302","0.15032922721660627","0.14741371578668375","0.15388521464186827"
"652","1304","1304","1304","0.15021462049975948","0.14603582175750043","0.15367534970390212"
"653","1306","1306","1306","0.15025694009849175","0.1493927210043148","0.15164379061827274"
"654","1308","1308","1308","0.15033204556765448","0.14936701203953764","0.15125531839029138"
"655","1310","1310","1310","0.15056939193804147","0.14710122247450932","0.15681183550064964"
"656","1312","1312","1312","0.1491279351591756","0.1469522954038891","0.15199535286074"
"657","1314","1314","1314","0.15128116029840993","0.14799434774002526","0.1565370526311102"
"658","1316","1316","1316","0.15110943567917656","0.14841507242923496","0.15390160601728062"
"659","1318","1318","1318","0.14920623162806487","0.14602558043767602","0.1550753343387501"
"660","1320","1320","1320","0.14918908186315363","0.14733749114796396","0.15167244166922067"
"661","1322","1322","1322","0.15091668915729764","0.14895326016179766","0.1540820982953433"
"662","1324","1324","1324","0.14996520057902166","0.14776200125897773","0.1535679234937323"
"663","1326","1326","1326","0.15172224412731114","0.1497594748484901","0.15421720752088672"
"664","1328","1328","1328","0.1504695607232532","0.14826118097074656","0.1528470625979243"
"665","1330","1330","1330","0.1502896721206005","0.1465040538178278","0.15207758014238848"
"666","1332","1332","1332","0.14983461582325547","0.14550887377648367","0.15329763387845"
"667","1334","1334","1334","0.15012777983714615","0.14616071175212048","0.15462268885971178"
"668","1336","1336","1336","0.14844423780193733","0.14671258131712114","0.15204399065149155"
"669","1338","1338","1338","0.150721266096215","0.14840674088539876","0.1533467238725251"
"670","1340","1340","1340","0.1495380142104114","0.14812146632048434","0.15211085146916659"
"671","1342","1342","1342","0.1503675790140477","0.14678771866259505","0.15184813322860852"
"672","1344","1344","1344","0.14997603647011717","0.14940154543625905","0.150491961393798"
"673","1346","1346","1346","0.1515002043626424","0.14960478350904635","0.15346356372094208"
"674","1348","1348","1348","0.15084520647435284","0.14954251526899737","0.1539247056106785"
"675","1350","1350","1350","0.15078636000321394","0.14791603221252372","0.1547588960115572"
"676","1352","1352","1352","0.15360894417773954","0.14981399145445898","0.1569611418612552"
"677","1354","1354","1354","0.14966116216073252","0.14782515100211055","0.1547451941788615"
"678","1356","1356","1356","0.14927761294998748","0.1470688991038685","0.15114468038156817"
"679","1358","1358","1358","0.15154615573132774","0.14956667140933724","0.15600883046451933"
"680","1360","1360","1360","0.15232758851622966","0.1508078113267847","0.15431265345581663"
"681","1362","1362","1362","0.15187092955297327","0.1483429903748251","0.1540115293675437"
"682","1364","1364","1364","0.14908201355134565","0.14689119245726331","0.15355603948810678"
"683","1366","1366","1366","0.1490104758160295","0.14729587067070016","0.15252322120543618"
"684","1368","1368","1368","0.15079096649877846","0.1486597277828651","0.15507731060297567"
"685","1370","1370","1370","0.149230736949529","0.14835688547392337","0.15022747580867643"
"686","1372","1372","1372","0.1503394817899206","0.14635837709129582","0.15475434091738993"
"687","1374","1374","1374","0.15126223326008825","0.14994039432222253","0.15445203635412894"
"688","1376","1376","1376","0.14927028406051213","0.14759372091799414","0.1514727748808835"
"689","1378","1378","1378","0.15043948133066806","0.1472678148172603","0.155083208606228"
"690","1380","1380","1380","0.15160146239670608","0.14980908600129883","0.15363316043044792"
"691","1382","1382","1382","0.14980591867306792","0.14702532114224684","0.15443658733465385"
"692","1384","1384","1384","0.15050985602178152","0.14716884873664413","0.15290572906746727"
"693","1386","1386","1386","0.15122878194157213","0.14883475922577924","0.15391258280287878"
"694","1388","1388","1388","0.15094416244608536","0.14640488812407917","0.15484631362973894"
"695","1390","1390","1390","0.1503963211799907","0.14833458395070812","0.15478489768979004"
"696","1392","1392","1392","0.15007187541719813","0.14684104816843196","0.15262584701819526"
"697","1394","1394","1394","0.15109787661494917","0.14860591402001205","0.1550183981280675"
"698","1396","1396","1396","0.15101148115667934","0.14865972244297943","0.15471733777099272"
"699","1398","1398","1398","0.14909164880008502","0.147279032666956","0.15031323082966486"
"700","1400","1400","1400","0.15036150359384004","0.14866162377740558","0.1539053207343021"
"701","1402","1402","1402","0.149601429170762","0.14748024074361085","0.15153043749239845"
"702","1404","1404","1404","0.14905297483522992","0.1443482857044316","0.15646713706361548"
"703","1406","1406","1406","0.15209283776918786","0.14791678016200618","0.15813907276494626"
"704","1408","1408","1408","0.15148387476413516","0.14877795151845935","0.1552116015294019"
"705","1410","1410","1410","0.1502596374290516","0.14823484514223717","0.15258597029731802"
"706","1412","1412","1412","0.1515677243110544","0.1503036807335806","0.15397058488840112"
"707","1414","1414","1414","0.1502564003643679","0.1493375867706125","0.1515581763862764"
"708","1416","1416","1416","0.1514221778617783","0.14906295977770406","0.15402912930841023"
"709","1418","1418","1418","0.15033394224503188","0.149683642883238","0.1521902643681453"
"710","1420","1420","1420","0.1516504238506915","0.14861214086324295","0.155571103646891"
"711","1422","1422","1422","0.1510031049158443","0.15000620650563437","0.1520628155419851"
"712","1424","1424","1424","0.14979473858387043","0.14739228185956108","0.15403793564757065"
"713","1426","1426","1426","0.15133305381970508","0.1489153504005824","0.15288823866521303"
"714","1428","1428","1428","0.1511491308203856","0.14895807956143153","0.15321980049314624"
"715","1430","1430","1430","0.15045120737876136","0.14937544343203463","0.151528845631795"
"716","1432","1432","1432","0.15082174180723312","0.14697874143502324","0.15459601114814872"
"717","1434","1434","1434","0.15124817621470502","0.1479249027778353","0.15424411031795565"
"718","1436","1436","1436","0.15024666372352133","0.1482677777238378","0.1539912542638899"
"719","1438","1438","1438","0.15015113155666868","0.1468780616195148","0.15270971720094073"
"720","1440","1440","1440","0.15005020874082325","0.14793910239482358","0.15194314084439134"
"721","1442","1442","1442","0.15162493721615286","0.15020693286787906","0.15445643755270397"
"722","1444","1444","1444","0.15116605446624923","0.1481628864538118","0.15253139228200702"
"723","1446","1446","1446","0.1519536840455374","0.14756444340642189","0.15582262083280038"
"724","1448","1448","1448","0.149622354358045","0.14798385144325357","0.1505894624991018"
"725","1450","1450","1450","0.1506382837048022","0.14720177983931573","0.15369288258330924"
"726","1452","1452","1452","0.15131331423020675","0.1478370338734407","0.1540889804060621"
"727","1454","1454","1454","0.15129845062408775","0.14994508383826208","0.1520446059058613"
"728","1456","1456","1456","0.14991618132892875","0.14707132826584188","0.1523480685982487"
"729","1458","1458","1458","0.1501664663129225","0.14906377193800083","0.15150227879653214"
"730","1460","1460","1460","0.15013645443863943","0.14680635046295393","0.15236529946801602"
"731","1462","1462","1462","0.14951029398786914","0.14711265078411673","0.153334431025936"
"732","1464","1464","1464","0.15025515146693866","0.14883963529593652","0.15189016823888982"
"733","1466","1466","1466","0.1514404704365066","0.14840260106146444","0.15691562237651996"
"734","1468","1468","1468","0.1509417543124883","0.14700849306294742","0.155652318417508"
"735","1470","1470","1470","0.1494140249983699","0.14775537443957687","0.15089684301184333"
"736","1472","1472","1472","0.15090601950755422","0.1484218131830965","0.15330880519982057"
"737","1474","1474","1474","0.15142462708534674","0.14929341587363254","0.15359438621876043"
"738","1476","1476","1476","0.15087557213857483","0.14942191148497153","0.15323210438638113"
"739","1478","1478","1478","0.15036857164396802","0.14829611689254038","0.15233731958400099"
"740","1480","1480","1480","0.1510533674804729","0.14873950887008902","0.15257840467442296"
"741","1482","1482","1482","0.1521940003811454","0.14934156470944507","0.15464912325614583"
"742","1484","1484","1484","0.15164565578956823","0.1493965856665368","0.15510722536116525"
"743","1486","1486","1486","0.15066109219344528","0.1486221900534795","0.1521441683673848"
"744","1488","1488","1488","0.15025018651741778","0.1467535050660073","0.15215308171415245"
"745","1490","1490","1490","0.14937289937093473","0.14722327685605474","0.15185858807698743"
"746","1492","1492","1492","0.1502699724046309","0.1468720937085277","0.15210910316017548"
"747","1494","1494","1494","0.14904606034911363","0.1473690092421279","0.15201828553412575"
"748","1496","1496","1496","0.14986174237393252","0.14699572837311495","0.15339435576968066"
"749","1498","1498","1498","0.14995539376695746","0.1458018814570353","0.1531915302523637"
"750","1500","1500","1500","0.15005872014066787","0.147157282222306","0.15214295925221324"
"751","1502","1502","1502","0.15054505182590164","0.14769001523351194","0.15356531736062423"
"752","1504","1504","1504","0.15121151172927355","0.14891846194158104","0.15324835083654906"
"753","1506","1506","1506","0.15017368548464932","0.14723778590462652","0.15466191686104463"
"754","1508","1508","1508","0.1531536104647671","0.1487959365139262","0.15661284921520582"
"755","1510","1510","1510","0.1494775216223168","0.14745590919328874","0.1510968313399288"
"756","1512","1512","1512","0.15015515980581826","0.14707217852484777","0.15306561295791132"
"757","1514","1514","1514","0.15094261567889986","0.14909366806481616","0.1546803578501202"
"758","1516","1516","1516","0.15065592013691373","0.14868761420522092","0.15298007918667217"
"759","1518","1518","1518","0.15201171489390247","0.14986373807457168","0.15371377602579456"
"760","1520","1520","1520","0.1522816334544111","0.14852796037939875","0.15432347329046414"
"761","1522","1522","1522","0.15079346153196957","0.14916950918352512","0.15233151470343415"
"762","1524","1524","1524","0.1509616354111223","0.14920586853726797","0.15279435141569706"
"763","1526","1526","1526","0.1512644706215248","0.14839771282101794","0.15338569539437374"
"764","1528","1528","1528","0.15050755534311686","0.1491805012628803","0.15173129261177323"
"765","1530","1530","1530","0.15079422101116693","0.14934877276438074","0.15363446057397454"
"766","1532","1532","1532","0.1510929662177379","0.1495346464658094","0.15417710611827418"
"767","1534","1534","1534","0.15024382763189012","0.14873401037287282","0.15207976363909517"
"768","1536","1536","1536","0.14931869577861895","0.146644753084799","0.15156250076201158"
"769","1538","1538","1538","0.1526061098771765","0.14909490676138915","0.1560347570662764"
"770","1540","1540","1540","0.15211098482035387","0.14850103315366467","0.15507003871915281"
"771","1542","1542","1542","0.1499801540666839","0.1483231352436569","0.1520655985449452"
"772","1544","1544","1544","0.1506211583363835","0.14870153019271312","0.15167300454615398"
"773","1546","1546","1546","0.15098322340693096","0.14932553474159546","0.155143324961492"
"774","1548","1548","1548","0.15290944390038191","0.1506982429565759","0.1543377238065393"
"775","1550","1550","1550","0.15097293902264475","0.14825922998081473","0.15382969880241104"
"776","1552","1552","1552","0.1504903648099078","0.1472625212277503","0.15255458320286616"
"777","1554","1554","1554","0.1513536956049069","0.1498699259242962","0.15371191712848523"
"778","1556","1556","1556","0.15080602457066722","0.1496159669879498","0.15198408277754785"
"779","1558","1558","1558","0.15212411160040884","0.14998263707395937","0.15421612737838694"
"780","1560","1560","1560","0.15077319293412006","0.147732812267827","0.15315495481096691"
"781","1562","1562","1562","0.1508046858703314","0.14906583597753842","0.15333255135577084"
"782","1564","1564","1564","0.15116154618271954","0.14764228286252215","0.1539150611639795"
"783","1566","1566","1566","0.1521326383437021","0.15036350647573768","0.15521486752773178"
"784","1568","1568","1568","0.15239864338738315","0.14886261488710872","0.1597630386790367"
"785","1570","1570","1570","0.15098523942342243","0.14900934549919687","0.15438522838382193"
"786","1572","1572","1572","0.15019139046961288","0.1489610694998013","0.15168813340682819"
"787","1574","1574","1574","0.15099803181882726","0.1495120036018374","0.15275810560514713"
"788","1576","1576","1576","0.15211390323154053","0.14873435095082194","0.1598989822142122"
"789","1578","1578","1578","0.15285524625798802","0.15014098144176344","0.15805040096954556"
"790","1580","1580","1580","0.15268107221574442","0.15043161859821208","0.15459110185759856"
"791","1582","1582","1582","0.15309503909525338","0.14812897633302988","0.1588788447084752"
"792","1584","1584","1584","0.15166140558797397","0.14888436164086355","0.15643275139137694"
"793","1586","1586","1586","0.15045000448993545","0.14858451135280074","0.15205881263940427"
"794","1588","1588","1588","0.1517088094103584","0.1502481644560772","0.15368040719076864"
"795","1590","1590","1590","0.15190604827691315","0.1474492506604156","0.15663862046524046"
"796","1592","1592","1592","0.15266785695885488","0.14974787530906414","0.15656098825334588"
"797","1594","1594","1594","0.15246418109895582","0.1488259898010064","0.15609802176416027"
"798","1596","1596","1596","0.15110721495321153","0.14884517896684285","0.15286699988485117"
"799","1598","1598","1598","0.15217456063360973","0.15040332939816622","0.15504033601103254"
"800","1600","1600","1600","0.1532450245785262","0.14938338171038315","0.15866910202456916"
"801","1602","1602","1602","0.151017856454864","0.14794677866957534","0.15320492349107814"
"802","1604","1604","1604","0.15142181611373967","0.15001971114738377","0.15336207967409538"
"803","1606","1606","1606","0.15068366790605686","0.14578569102516906","0.15511318563907248"
"804","1608","1608","1608","0.14944977260322467","0.1472267208342157","0.1519992848098377"
"805","1610","1610","1610","0.1521774209126526","0.1501705858585544","0.1534645060869434"
"806","1612","1612","1612","0.15208342596221108","0.15018796788881034","0.15427534898917186"
"807","1614","1614","1614","0.15111340568051623","0.14591216792980227","0.15605578664678837"
"808","1616","1616","1616","0.15085818559274025","0.14974518322138033","0.15191479410440054"
"809","1618","1618","1618","0.15251765837536124","0.14946603235153966","0.15925041774714188"
"810","1620","1620","1620","0.15121890513393868","0.14728261310366708","0.1546523795788002"
"811","1622","1622","1622","0.1505570321166545","0.14576028037557492","0.15409929506585374"
"812","1624","1624","1624","0.1527820884893662","0.14945907905410527","0.15837702478514878"
"813","1626","1626","1626","0.15278671026681845","0.1490636691147751","0.15561087745898078"
"814","1628","1628","1628","0.15200125632097422","0.1476126594202669","0.1541519233652968"
"815","1630","1630","1630","0.1515247472931441","0.14943560837600517","0.15447735939146717"
"816","1632","1632","1632","0.15268716264150234","0.14942776557331447","0.15602621734962285"
"817","1634","1634","1634","0.15247224753203187","0.15085920817225518","0.1540604609323531"
"818","1636","1636","1636","0.1516588713616578","0.14931686441859085","0.15414495826315278"
"819","1638","1638","1638","0.15185133191503872","0.14870972449052633","0.15410686511120453"
"820","1640","1640","1640","0.15164582816854474","0.15029603529839416","0.15491432601651597"
"821","1642","1642","1642","0.15253577258912593","0.1483458014112037","0.1547113285510244"
"822","1644","1644","1644","0.1511794539684542","0.1484973565588112","0.15470122913519246"
"823","1646","1646","1646","0.1508167437412278","0.1488637745240356","0.15558577422404085"
"824","1648","1648","1648","0.15066536431320954","0.14912654977851567","0.15261379156323981"
"825","1650","1650","1650","0.15123196180404233","0.14789643987191045","0.15298098671991905"
"826","1652","1652","1652","0.1514987590927889","0.1509358671276591","0.15227155434521944"
"827","1654","1654","1654","0.15099959009160466","0.15024892826340405","0.15292823171964592"
"828","1656","1656","1656","0.1515269025032417","0.1480347793160689","0.1546479797504084"
"829","1658","1658","1658","0.15077658718111073","0.14952175967718204","0.15249296142186428"
"830","1660","1660","1660","0.15069156950781815","0.14723238449767445","0.15342575843676726"
"831","1662","1662","1662","0.15213539625538805","0.14949575378921515","0.15393876709061716"
"832","1664","1664","1664","0.15257651600170635","0.15051260228690416","0.15633247248094"
"833","1666","1666","1666","0.1526568345107159","0.1493385793984723","0.15609907590652378"
"834","1668","1668","1668","0.1510044637584818","0.14916219095717542","0.1525018774529394"
"835","1670","1670","1670","0.1516270951418949","0.14875028945156252","0.15390245147223025"
"836","1672","1672","1672","0.15183878589663968","0.14970012304071267","0.1566974056905667"
"837","1674","1674","1674","0.15102247941194882","0.1501135844204972","0.15177251350542034"
"838","1676","1676","1676","0.152053588101909","0.1500834808163692","0.1535770799288918"
"839","1678","1678","1678","0.15150111721268816","0.14937802072510506","0.1533255767130518"
"840","1680","1680","1680","0.15087774603916543","0.14893291965117753","0.15435526570312058"
"841","1682","1682","1682","0.15239696911254802","0.15008606824555965","0.15457578899608657"
"842","1684","1684","1684","0.1517870509280938","0.15117198860365524","0.15308464138789404"
"843","1686","1686","1686","0.15291644397820162","0.15119065243375696","0.15557179281186828"
"844","1688","1688","1688","0.15104683066141225","0.1480583468026342","0.15558712321034499"
"845","1690","1690","1690","0.15090515310983602","0.14943687056002042","0.15240537109577063"
"846","1692","1692","1692","0.1499869281245125","0.14886319045227914","0.15105689483041404"
"847","1694","1694","1694","0.1507208108416584","0.14846904484555873","0.15221403223115268"
"848","1696","1696","1696","0.15165877483884554","0.14839152810887174","0.15571822123003343"
"849","1698","1698","1698","0.15077062206985747","0.1469662596760829","0.15272350198906798"
"850","1700","1700","1700","0.14953915960283526","0.14674334759546342","0.1529068679285735"
"851","1702","1702","1702","0.1510468460835243","0.14843658444857416","0.15381184388727973"
"852","1704","1704","1704","0.15103212810121996","0.15021714358307164","0.15200407782155942"
"853","1706","1706","1706","0.15093832543517122","0.1482469827302851","0.15285480267531584"
"854","1708","1708","1708","0.1500415738726177","0.14826800638848517","0.15102343852906155"
"855","1710","1710","1710","0.15115858304391647","0.14920038519293422","0.1521762013245616"
"856","1712","1712","1712","0.15096169811826027","0.14981834382108147","0.1518727633306835"
"857","1714","1714","1714","0.1511925876133633","0.14947999608863857","0.1545210254932669"
"858","1716","1716","1716","0.15150160209109673","0.1494280184695123","0.15452416767884566"
"859","1718","1718","1718","0.1512359995376514","0.14704395765502914","0.15705153062160568"
"860","1720","1720","1720","0.15151681297436875","0.1495403499778593","0.1541184538392911"
"861","1722","1722","1722","0.15143598862205265","0.14887075616570972","0.15410167572587094"
"862","1724","1724","1724","0.15056639107257414","0.14680365964339043","0.15421128194728528"
"863","1726","1726","1726","0.1506368857806371","0.14911152633672378","0.1520527753131651"
"864","1728","1728","1728","0.1507934326712285","0.14911436089845012","0.15233049556392925"
"865","1730","1730","1730","0.15009847983751906","0.1467675289191833","0.15576300684321298"
"866","1732","1732","1732","0.15071999692030882","0.14955496422994782","0.1517696014319039"
"867","1734","1734","1734","0.1501985385656721","0.14896127753220698","0.15228817532437552"
"868","1736","1736","1736","0.15212605256426096","0.14976817518414276","0.15516441672422476"
"869","1738","1738","1738","0.15117021252038948","0.15005921994788485","0.15320615803925128"
"870","1740","1740","1740","0.15276953157025167","0.1513911448519939","0.15420974736987755"
"871","1742","1742","1742","0.15057010472737004","0.14939038178526245","0.1524324682440797"
"872","1744","1744","1744","0.1528692203079641","0.15068519666545996","0.15929443614720729"
"873","1746","1746","1746","0.152720657409956","0.15102333893875017","0.15645624942754624"
"874","1748","1748","1748","0.15123930197387628","0.14862024032829638","0.15359312417834572"
"875","1750","1750","1750","0.15150249013972855","0.14865094428823014","0.15391426422279575"
"876","1752","1752","1752","0.1515503472961972","0.14859053215519089","0.15515895308082792"
"877","1754","1754","1754","0.15052637310151853","0.14661122139273763","0.15512397398376024"
"878","1756","1756","1756","0.15063619394987277","0.14895618106828132","0.15249804581702833"
"879","1758","1758","1758","0.15211504152276176","0.1502731151246722","0.15375840604992697"
"880","1760","1760","1760","0.1523870881317611","0.1492019428525181","0.15610476087540512"
"881","1762","1762","1762","0.1507143905688329","0.14895085343081627","0.15200132979039524"
"882","1764","1764","1764","0.15161922167645597","0.1491686065164052","0.15379532503998297"
"883","1766","1766","1766","0.15119262683658294","0.14857446948046635","0.15339345302308663"
"884","1768","1768","1768","0.1519410720512696","0.14829546313860595","0.1570697308659034"
"885","1770","1770","1770","0.15141735162283637","0.14643611940092777","0.15573547358176962"
"886","1772","1772","1772","0.151278235381843","0.14887514750010405","0.15402891321908813"
"887","1774","1774","1774","0.1522694750396824","0.14934204480149957","0.15469067495523658"
"888","1776","1776","1776","0.15168692360706543","0.1485264607829107","0.15576835293485164"
"889","1778","1778","1778","0.15243424470397618","0.15078032390260346","0.15326399843535035"
"890","1780","1780","1780","0.1524145679544548","0.14986104542779272","0.15401184629589573"
"891","1782","1782","1782","0.15157493477635484","0.14986827342229747","0.15342484791666058"
"892","1784","1784","1784","0.15271826917429074","0.14974323087297672","0.15583666439993213"
"893","1786","1786","1786","0.15227521115424084","0.15117645120654274","0.15416548001191824"
"894","1788","1788","1788","0.1522105888957191","0.14793228247694065","0.15656784934471665"
"895","1790","1790","1790","0.1510039324478612","0.14981463926750263","0.15239993733868554"
"896","1792","1792","1792","0.1509022873619709","0.147598042230364","0.15431559388824254"
"897","1794","1794","1794","0.15183114492114175","0.14981661363936594","0.1536949785907477"
"898","1796","1796","1796","0.15161268725177138","0.14783213738669834","0.15536721687226565"
"899","1798","1798","1798","0.15193602235329315","0.1495771920648621","0.15401876884483506"
"900","1800","1800","1800","0.15242065320445428","0.14866058659135176","0.15740795857710532"
"901","1802","1802","1802","0.14997818627425544","0.14683613595448392","0.1540848972179694"
"902","1804","1804","1804","0.15098903457649454","0.14866510877029648","0.15333809975544838"
"903","1806","1806","1806","0.15082598340402226","0.1479199013033485","0.15343159461131425"
"904","1808","1808","1808","0.15117752897422918","0.14909724652674247","0.15325154598083407"
"905","1810","1810","1810","0.1519248835012511","0.1511628452645676","0.15359159242650286"
"906","1812","1812","1812","0.15265962191531082","0.1484956773695651","0.15604447754908457"
"907","1814","1814","1814","0.1531718366272778","0.14970677008400796","0.15696110343676123"
"908","1816","1816","1816","0.1522917806883668","0.14907330321710388","0.15606160640453567"
"909","1818","1818","1818","0.1515389559503876","0.1487673780769919","0.15383720225098688"
"910","1820","1820","1820","0.1522065745909737","0.15071921939704844","0.15470438426798958"
"911","1822","1822","1822","0.15209869289099925","0.14892812675612946","0.15747277976986415"
"912","1824","1824","1824","0.15115502640834896","0.1465416084688626","0.1538804854428573"
"913","1826","1826","1826","0.1511631744248888","0.14975412256144338","0.15290104022242962"
"914","1828","1828","1828","0.15040717566809542","0.14785122341703275","0.1541910275193468"
"915","1830","1830","1830","0.15053227086860585","0.14739388683032453","0.15345052844168364"
"916","1832","1832","1832","0.15072398942049653","0.14794024332914457","0.15597694570474613"
"917","1834","1834","1834","0.15324532890562698","0.15027609770188288","0.1568121262424377"
"918","1836","1836","1836","0.15292426867604222","0.14962813853034385","0.15729297368762196"
"919","1838","1838","1838","0.15106658703808115","0.14979181340565134","0.1521353266474815"
"920","1840","1840","1840","0.15110525133764627","0.14757189814033167","0.1561195120275749"
"921","1842","1842","1842","0.15207245345486112","0.14975790454673538","0.1550199410009356"
"922","1844","1844","1844","0.15029197360338048","0.14810799181543607","0.1534767785037205"
"923","1846","1846","1846","0.15222286349977582","0.14954336420614942","0.15631433363135996"
"924","1848","1848","1848","0.1506549345783564","0.14918139543779185","0.1540858079586536"
"925","1850","1850","1850","0.15229453950858768","0.15013532300746404","0.1550741281517478"
"926","1852","1852","1852","0.15142758693685296","0.15083474063261867","0.15197051542929177"
"927","1854","1854","1854","0.1532365359399474","0.14955656509962806","0.1578744788972891"
"928","1856","1856","1856","0.15101351880312452","0.14965738938186818","0.15203791803798689"
"929","1858","1858","1858","0.15087466512145917","0.14827440702771483","0.15575162394358394"
"930","1860","1860","1860","0.15139694763730718","0.14905596924445408","0.1561360804076641"
"931","1862","1862","1862","0.151717472491086","0.14896186513907403","0.15395791189800365"
"932","1864","1864","1864","0.152086866620376","0.14978018883776945","0.15370932876824553"
"933","1866","1866","1866","0.1532468446139295","0.1494646053533284","0.15760273359261817"
"934","1868","1868","1868","0.15084999729019993","0.1485664499084364","0.15348638916667312"
"935","1870","1870","1870","0.1517504776400167","0.14978703541655855","0.15531686691788457"
"936","1872","1872","1872","0.15170149409741582","0.14706329643194854","0.15662795469209218"
"937","1874","1874","1874","0.15146756967042224","0.14958804618980667","0.15502902267304997"
"938","1876","1876","1876","0.14982581172787124","0.14949042571462884","0.15026729799390712"
"939","1878","1878","1878","0.15135205313011882","0.14946379483716782","0.15522412856065124"
"940","1880","1880","1880","0.15110376408085097","0.14942171410982427","0.15278638068256015"
"941","1882","1882","1882","0.15028569881894727","0.14894183365046423","0.15283193328249756"
"942","1884","1884","1884","0.15202359937714213","0.14800864073815836","0.15505992851640643"
"943","1886","1886","1886","0.1517165497187121","0.14854273801699977","0.15459962565136626"
"944","1888","1888","1888","0.15236294386714172","0.14778901886590973","0.1547018337375677"
"945","1890","1890","1890","0.15188168671011607","0.14931240643721055","0.15493937336675093"
"946","1892","1892","1892","0.15105099215246526","0.14992676273982344","0.15238516193258203"
"947","1894","1894","1894","0.15262855455613988","0.15031411196465352","0.1539142390802652"
"948","1896","1896","1896","0.15231976384840193","0.15095377813805455","0.15436161264194348"
"949","1898","1898","1898","0.15101372016447956","0.14798316512201373","0.15415180542968956"
"950","1900","1900","1900","0.15202778403205147","0.1473763598982643","0.1547573798144633"
"951","1902","1902","1902","0.150734561176106","0.14996900276876746","0.15138978693099717"
"952","1904","1904","1904","0.15143862455941728","0.14959245632332896","0.15289483174515425"
"953","1906","1906","1906","0.15179987657200716","0.14958336444896037","0.153238132653328"
"954","1908","1908","1908","0.15093975274209967","0.14943226117958192","0.15316115013178283"
"955","1910","1910","1910","0.15269269047130854","0.15056048439526917","0.1544564888961099"
"956","1912","1912","1912","0.15221611452900113","0.14988025945997505","0.154917709116291"
"957","1914","1914","1914","0.15081445029158402","0.14838908494774136","0.15303120002614587"
"958","1916","1916","1916","0.15108708066499527","0.14725861475990165","0.15243248767229575"
"959","1918","1918","1918","0.15155880786235806","0.14980869841276961","0.1526862752802904"
"960","1920","1920","1920","0.15115896698294695","0.15013169569034096","0.15240343071109602"
"961","1922","1922","1922","0.15063074632386436","0.1489715361958156","0.15463267288627114"
"962","1924","1924","1924","0.1517010774887375","0.14726153455367139","0.1551411959217948"
"963","1926","1926","1926","0.1542953528430957","0.1489842581320511","0.15971431105381292"
"964","1928","1928","1928","0.15158172923915475","0.14904225106095823","0.15454971660413103"
"965","1930","1930","1930","0.1518874195478773","0.15082811233341586","0.15241873922701676"
"966","1932","1932","1932","0.15093778133396718","0.15002160166440368","0.15233707024207335"
"967","1934","1934","1934","0.14938956807413903","0.14720383408083526","0.15130231782898335"
"968","1936","1936","1936","0.15312676706076198","0.149271129000556","0.15670073443387061"
"969","1938","1938","1938","0.1508887955262215","0.14908084782131303","0.1532374993082686"
"970","1940","1940","1940","0.1506661511406236","0.1489854721430092","0.15430805897734734"
"971","1942","1942","1942","0.15147067063317715","0.15096746812396886","0.15199599652753273"
"972","1944","1944","1944","0.15308447787198035","0.1500160708341031","0.1558634290553256"
"973","1946","1946","1946","0.15120914361755644","0.1494185511408531","0.1531832148559749"
"974","1948","1948","1948","0.15067959906930323","0.14899594085162798","0.15193519074100711"
"975","1950","1950","1950","0.15070054422149917","0.1490040140035998","0.15311455030095272"
"976","1952","1952","1952","0.15195978262026516","0.14897243112900674","0.15694763558004396"
"977","1954","1954","1954","0.1526485993625766","0.15052838449570077","0.15461733965695754"
"978","1956","1956","1956","0.14975956542258068","0.1470711201656884","0.15235872963462138"
"979","1958","1958","1958","0.1515920493432697","0.15060887113162053","0.15262482386042558"
"980","1960","1960","1960","0.15195683049679143","0.14868405150976816","0.1558490743172587"
"981","1962","1962","1962","0.153425554813282","0.14903109881481624","0.15660253376343944"
"982","1964","1964","1964","0.15208627920409762","0.15046579110019415","0.15459879764466622"
"983","1966","1966","1966","0.1510500088722088","0.14785152521857764","0.1543629870106472"
"984","1968","1968","1968","0.15089593272994034","0.1483073834446455","0.15319900837787123"
"985","1970","1970","1970","0.15073848291652217","0.148025234661337","0.15226576705043024"
"986","1972","1972","1972","0.1518627515221822","0.14936506085782597","0.1569663988959191"
"987","1974","1974","1974","0.15162167766591486","0.14797397029341555","0.1539136532105978"
"988","1976","1976","1976","0.15374100546258984","0.1512074244073854","0.1576392047237422"
"989","1978","1978","1978","0.15276887985230464","0.14941923223202666","0.1550656306939998"
"990","1980","1980","1980","0.15293043800079364","0.15046917412827993","0.15523859594578612"
"991","1982","1982","1982","0.15175832384775895","0.14949558402999874","0.15388526889891369"
"992","1984","1984","1984","0.15187361570497826","0.14873210251351415","0.15554777056539085"
"993","1986","1986","1986","0.1512892043134743","0.1484059728733033","0.1556109970077199"
"994","1988","1988","1988","0.1520714871770243","0.1495867490398027","0.15490264646285803"
"995","1990","1990","1990","0.15095955869612096","0.14809669891727423","0.1531429193543983"
"996","1992","1992","1992","0.15056201832133986","0.14809996449696616","0.154294763578039"
"997","1994","1994","1994","0.15199358582598071","0.15049357472208966","0.15369848582851495"
"998","1996","1996","1996","0.15130927812702497","0.1498650586467233","0.1547730010377015"
"999","1998","1998","1998","0.15192073361012587","0.14919399685290285","0.15282743134670063"