"epoch","Name: hopfield_prot - _step","Name: hopfield_prot - _step__MIN","Name: hopfield_prot - _step__MAX","Name: hopfield_prot - loss_to_report_val","Name: hopfield_prot - loss_to_report_val__MIN","Name: hopfield_prot - loss_to_report_val__MAX"
"0","0","0","0","0.4263282244263995","0.42249995382430683","0.42980448439552277"
"1","2","2","2","0.37320652470010296","0.3672198149652467","0.3822710619951016"
"2","4","4","4","0.34852942579616564","0.33876088548861344","0.3597194616589427"
"3","6","6","6","0.3250153739402214","0.3144267492914216","0.33959207375203393"
"4","8","8","8","0.3104466355536236","0.30507707345672824","0.32160336713210136"
"5","10","10","10","0.2919013025677406","0.28627021044821155","0.2956163108312234"
"6","12","12","12","0.28613572810451937","0.272619890602076","0.29560049426525525"
"7","14","14","14","0.2717800180550868","0.26893524703271854","0.2796228720220466"
"8","16","16","16","0.2661581314116762","0.2612833904951704","0.27248952091938505"
"9","18","18","18","0.25533375788401275","0.2518585241948071","0.25774897846682027"
"10","20","20","20","0.24940323217805876","0.24841520201463815","0.2510975224997888"
"11","22","22","22","0.24505304324723487","0.24326858452036054","0.24740236506139696"
"12","24","24","24","0.2439111515011251","0.2400320203875259","0.25294765215759385"
"13","26","26","26","0.23526051906525097","0.22977173819774863","0.24212851059218338"
"14","28","28","28","0.2277788965144552","0.2255115101502811","0.22916753576607954"
"15","30","30","30","0.2267321668059937","0.22300483988823408","0.2309043244057047"
"16","32","32","32","0.2177831278800646","0.21221311983782656","0.22023792581538337"
"17","34","34","34","0.2168612111140765","0.21500639681322084","0.21867806521115846"
"18","36","36","36","0.2144961193965485","0.21170868551423963","0.21743509698685384"
"19","38","38","38","0.21219652797681926","0.20892799895326197","0.21378937185591212"
"20","40","40","40","0.20966645494343544","0.20456332824506668","0.21600518301909966"
"21","42","42","42","0.2023810247119488","0.19764938337753682","0.20541431695585574"
"22","44","44","44","0.20210004791410047","0.19923907763423643","0.20576522367637687"
"23","46","46","46","0.19797571340876025","0.1966163203936499","0.19907519344262956"
"24","48","48","48","0.19592113432803387","0.19445815850605433","0.19826388484454094"
"25","50","50","50","0.19408420771876744","0.19108531941024143","0.1978305361765689"
"26","52","52","52","0.19196877127780437","0.19027488854837574","0.1933602662389847"
"27","54","54","54","0.19025788494331183","0.18833481974218502","0.1919030390954975"
"28","56","56","56","0.18733253230184313","0.18542443591707308","0.19022252403929354"
"29","58","58","58","0.1866857957117327","0.181425939501211","0.19076682161324704"
"30","60","60","60","0.18252345786980123","0.18030512816563704","0.18483165255285086"
"31","62","62","62","0.18373544435926964","0.18079001339818299","0.18652162180924942"
"32","64","64","64","0.1824161089083138","0.17775338754164535","0.18609230740210655"
"33","66","66","66","0.1816063042794798","0.18060147354567532","0.18294361066563966"
"34","68","68","68","0.17880986408622962","0.1754558285245769","0.18305100798493143"
"35","70","70","70","0.17530832528805823","0.1738960815243583","0.1769721841024547"
"36","72","72","72","0.17642577932976533","0.1743684996726191","0.17852813600677758"
"37","74","74","74","0.17426023506629368","0.1718738038084977","0.17812046547801158"
"38","76","76","76","0.17264091888360072","0.16960101222861512","0.17521542531603948"
"39","78","78","78","0.171780972261195","0.17055191755255342","0.1733677947723274"
"40","80","80","80","0.17150388577463016","0.16857839391879326","0.1730005729076702"
"41","82","82","82","0.17054467638192905","0.1671737610635677","0.17481459266536467"
"42","84","84","84","0.16728138438141038","0.16513081108698527","0.1693833236758884"
"43","86","86","86","0.16783288261729226","0.16503795038169813","0.17043909440863964"
"44","88","88","88","0.16721310020249597","0.1659682689183136","0.16844741523177292"
"45","90","90","90","0.16664921818053874","0.16577250811838268","0.1678982955448606"
"46","92","92","92","0.16605268529117884","0.1629226376243552","0.16784939624710873"
"47","94","94","94","0.16584487610779075","0.16370012499492723","0.16939687676642054"
"48","96","96","96","0.16510755733935564","0.16257026791784807","0.16636599568651234"
"49","98","98","98","0.16271757268615736","0.16001209710878705","0.1662765431364155"
"50","100","100","100","0.16372948532748147","0.16063978887909286","0.1679729623927256"
"51","102","102","102","0.16226298226671737","0.16037923205957424","0.16463906890918986"
"52","104","104","104","0.16229241233564456","0.16030667778662397","0.1653279366949146"
"53","106","106","106","0.16063533352387033","0.15571173000631974","0.16384132406960428"
"54","108","108","108","0.16076096513611646","0.1566053706608036","0.1632085555962171"
"55","110","110","110","0.15970964699358747","0.15720856287794824","0.1618438030004827"
"56","112","112","112","0.15979871251113792","0.15776577454147248","0.16108427013003057"
"57","114","114","114","0.1585756105453946","0.15382592527809785","0.16061191461374597"
"58","116","116","116","0.1600748886166103","0.1576413891353876","0.16258970698276615"
"59","118","118","118","0.15772678713491983","0.1550339742372407","0.15939669944163493"
"60","120","120","120","0.15690738865041795","0.15588595989469964","0.15741364358292464"
"61","122","122","122","0.15714976932688057","0.15478387919606862","0.15885313119819733"
"62","124","124","124","0.15644097067408086","0.1533568818136955","0.1576835722460656"
"63","126","126","126","0.1549199979541543","0.15348785655918118","0.15584290366233902"
"64","128","128","128","0.15495613695547622","0.15264856213393946","0.1568937596338071"
"65","130","130","130","0.15555883456164665","0.15373584317906952","0.15887832790405845"
"66","132","132","132","0.1556340459339691","0.15435656163275666","0.1565874802192256"
"67","134","134","134","0.15604188279266684","0.15275160692861894","0.1574267634951693"
"68","136","136","136","0.15476813823868907","0.15353343249557805","0.1562736897610857"
"69","138","138","138","0.15496402145519744","0.15286601727122354","0.15787816568089685"
"70","140","140","140","0.15359629537885616","0.15120593058782825","0.15544139693280087"
"71","142","142","142","0.15319780547747266","0.15103046799800315","0.15537780734393464"
"72","144","144","144","0.1528267991779217","0.15080708259246764","0.15429605476493471"
"73","146","146","146","0.1521905305583714","0.15145174597581992","0.153437723489137"
"74","148","148","148","0.15274457664901347","0.15234619679044","0.15314930345422192"
"75","150","150","150","0.15274831056286792","0.14985884550507456","0.1567158065914175"
"76","152","152","152","0.1536953613973103","0.15293150122023347","0.15436760393384116"
"77","154","154","154","0.15120996018054234","0.14823371682527142","0.15742311434711326"
"78","156","156","156","0.15147177921488844","0.1498087836577968","0.1532892796811325"
"79","158","158","158","0.15162757259678564","0.1494656979613824","0.15277099247384146"
"80","160","160","160","0.15121395397619533","0.1479238112921974","0.15422055145465496"
"81","162","162","162","0.1510902597667075","0.14809774351763066","0.15298451704461244"
"82","164","164","164","0.1510578789658386","0.1484030547208865","0.15551134572970754"
"83","166","166","166","0.15058546593429917","0.14741159041696805","0.15408810998249955"
"84","168","168","168","0.1505349130749725","0.14910416245040894","0.15151286047891557"
"85","170","170","170","0.15111879094106817","0.14609528317707784","0.15452487460795622"
"86","172","172","172","0.15049590725257506","0.14924581741182097","0.1525038882147665"
"87","174","174","174","0.14904076994018903","0.1462875978665545","0.1504571120084863"
"88","176","176","176","0.14937287616349548","0.1466384755755721","0.1505590085438957"
"89","178","178","178","0.14910889438149183","0.14559190154548815","0.15087614839840666"
"90","180","180","180","0.14809174849105108","0.14671639904003766","0.14958191364524856"
"91","182","182","182","0.14927704540956138","0.1466232643686275","0.1520652847645207"
"92","184","184","184","0.15032935338913442","0.14908415831127006","0.1516892673885603"
"93","186","186","186","0.15006347421548888","0.1491071485294696","0.15221932458280424"
"94","188","188","188","0.1500568263189232","0.14733400614378128","0.15202804279950546"
"95","190","190","190","0.14842560344503347","0.14553229533889514","0.1525060325663047"
"96","192","192","192","0.14855955718080277","0.1453406982333754","0.15070437243069654"
"97","194","194","194","0.14929200037438956","0.14646361131508784","0.1505153680708729"
"98","196","196","196","0.1493738217453499","0.14562872146958164","0.15131509104963542"
"99","198","198","198","0.14966310448942144","0.14717227898845037","0.15230245304665266"
"100","200","200","200","0.14897695313015985","0.14708219624145435","0.15004418881540205"
"101","202","202","202","0.1493806475700658","0.14722585526759716","0.15211736386263106"
"102","204","204","204","0.14826927026640516","0.146664458232045","0.15223097308169956"
"103","206","206","206","0.14746286253731752","0.1466759866938916","0.1483806971064778"
"104","208","208","208","0.14829525693663628","0.1466320628209061","0.14975773205263695"
"105","210","210","210","0.14712406218499777","0.14543372227806511","0.14846238628426142"
"106","212","212","212","0.14819628082233488","0.1461038881779509","0.14973472430683665"
"107","214","214","214","0.14995092993026718","0.149014144495264","0.15137396190260205"
"108","216","216","216","0.14940636995011575","0.14671400094508388","0.15384573286127842"
"109","218","218","218","0.1479319734648366","0.1441206491327671","0.15251221229647088"
"110","220","220","220","0.14921147084045167","0.1468993298882864","0.15247724811986788"
"111","222","222","222","0.1486477246547913","0.14626133344562497","0.15058271171513324"
"112","224","224","224","0.14762933184664834","0.14574549128741465","0.15100740624708286"
"113","226","226","226","0.14755514161110644","0.1454381225123849","0.14948804938853963"
"114","228","228","228","0.14727699589009421","0.1456749376377669","0.14936524938987739"
"115","230","230","230","0.14729056307967772","0.14559149327694262","0.14895203870493312"
"116","232","232","232","0.14901106919222357","0.14569674240551506","0.1544912141802225"
"117","234","234","234","0.14772930318464308","0.1462803780668567","0.151446356321035"
"118","236","236","236","0.14791984165533428","0.14627623176625065","0.15069180793529732"
"119","238","238","238","0.14779851157340831","0.14549437125610437","0.1495555744646379"
"120","240","240","240","0.14785386544615878","0.14608176446881116","0.14880314115343124"
"121","242","242","242","0.14610288815690525","0.14440349266901006","0.15058300864600202"
"122","244","244","244","0.1480117851562836","0.14583882958099267","0.15017817335575087"
"123","246","246","246","0.14676742665240902","0.14558208459359193","0.1476370032260965"
"124","248","248","248","0.1490143178934621","0.14754266165473154","0.15004013267114358"
"125","250","250","250","0.14582583797300475","0.14375551506029205","0.14801544382191914"
"126","252","252","252","0.14797956718630095","0.14507385713204562","0.15215593355343604"
"127","254","254","254","0.14667618349563688","0.1449079671893273","0.14990986767411682"
"128","256","256","256","0.1464053216921415","0.14406183034108805","0.15034601945788578"
"129","258","258","258","0.1465676677499111","0.142658541192252","0.14890958156983403"
"130","260","260","260","0.14682717608455223","0.1449963371011144","0.14935510113094708"
"131","262","262","262","0.14819917304006794","0.1444075116505678","0.15129812271017576"
"132","264","264","264","0.1470763183469582","0.14598497230761198","0.1494409135039151"
"133","266","266","266","0.14797600636606373","0.1461859718954885","0.1525365870339032"
"134","268","268","268","0.14724698299435882","0.1457558774309631","0.15155546098517567"
"135","270","270","270","0.14577603134208897","0.14398058886644408","0.1474400079563241"
"136","272","272","272","0.14643652132919363","0.14507129212135206","0.14772111463241516"
"137","274","274","274","0.14655262971607616","0.14394091634884276","0.14909885231365583"
"138","276","276","276","0.14537262666419612","0.14451435355889133","0.1466268083879824"
"139","278","278","278","0.14622623580933486","0.14316239392559765","0.1480179578637147"
"140","280","280","280","0.147062402551708","0.14515797986666656","0.14942834611648828"
"141","282","282","282","0.14583109397948796","0.1441200512361864","0.1495758768025063"
"142","284","284","284","0.14616141816798506","0.14193551328900633","0.1513067874415499"
"143","286","286","286","0.1466991129061244","0.1435264672317794","0.14912611155183328"
"144","288","288","288","0.14740680707467244","0.145734644646076","0.14932490743393503"
"145","290","290","290","0.1481760016619743","0.1445528188998788","0.15099363251278528"
"146","292","292","292","0.14548463702254394","0.14464570596372003","0.1464415896719634"
"147","294","294","294","0.14652078994205056","0.14259089234520358","0.14956898855338746"
"148","296","296","296","0.1479591210337353","0.14591263470311588","0.1519893778062448"
"149","298","298","298","0.14599792925417981","0.14345347645808915","0.14751433569486258"
"150","300","300","300","0.1469851785593212","0.1458387144825109","0.14854198818399447"
"151","302","302","302","0.1465490697646615","0.14448882130856472","0.1479278500214975"
"152","304","304","304","0.14654526901710033","0.14399964443108224","0.14921021786854657"
"153","306","306","306","0.14777632482780453","0.14463125926351006","0.15669070159703027"
"154","308","308","308","0.14659319065813847","0.14275454840602783","0.14987545388646323"
"155","310","310","310","0.1459511733675894","0.14384149229283588","0.1475959836021435"
"156","312","312","312","0.1464430099460115","0.14251011531388108","0.14959507614502127"
"157","314","314","314","0.14650683380847004","0.1443070216803528","0.15109504635082874"
"158","316","316","316","0.14590792079159073","0.14407192890026896","0.14757007070003844"
"159","318","318","318","0.14727005724075695","0.14632914429956212","0.1481079102231736"
"160","320","320","320","0.14672758833614166","0.14257062227467826","0.15022235016308336"
"161","322","322","322","0.14679019188529935","0.14393498933746157","0.14913493767275482"
"162","324","324","324","0.14713055279702988","0.1448329212185959","0.14947333103254293"
"163","326","326","326","0.14597007800631892","0.14515079951430346","0.14647542800792165"
"164","328","328","328","0.14601593866381662","0.14437952102780044","0.14818882839900085"
"165","330","330","330","0.14565029811130145","0.1421538758659947","0.14914731737041237"
"166","332","332","332","0.14699510869461543","0.14310804875719937","0.15051843469874265"
"167","334","334","334","0.14618224856310275","0.14450363413246234","0.14766677702206715"
"168","336","336","336","0.14613695081283296","0.14346770969750053","0.14988449707639476"
"169","338","338","338","0.14674014066430235","0.14412582620220699","0.1489318609641567"
"170","340","340","340","0.14809060573698601","0.14450360260500336","0.14951534260707225"
"171","342","342","342","0.1469290808161227","0.1439020566695764","0.14881866020536222"
"172","344","344","344","0.14645050957477876","0.14447896803938884","0.14901208176412858"
"173","346","346","346","0.14598095430272431","0.1448936812326894","0.1475085040464556"
"174","348","348","348","0.14315802295136137","0.1413155782651912","0.14495714348661712"
"175","350","350","350","0.1464523368437371","0.14346858854211325","0.14859834250566326"
"176","352","352","352","0.14611446265494768","0.14423743926350746","0.14804827015492233"
"177","354","354","354","0.1467295665684953","0.14588873290527324","0.1477088491572403"
"178","356","356","356","0.14660914746255158","0.14459019191308792","0.15006715555864344"
"179","358","358","358","0.1475653392210961","0.14379664894614017","0.15320937424164638"
"180","360","360","360","0.14530994602132824","0.14449993222384924","0.1468713662967886"
"181","362","362","362","0.14745407126728172","0.1453114375950525","0.1498192964546519"
"182","364","364","364","0.14595749645551045","0.14432887252836227","0.1489248052263237"
"183","366","366","366","0.14609123274771552","0.14337659524671237","0.1490849112871878"
"184","368","368","368","0.14584794180724467","0.14346154997590743","0.14754919426969837"
"185","370","370","370","0.1464441171183167","0.14487247274630172","0.14932495512085567"
"186","372","372","372","0.14557367867896606","0.1418157097349878","0.14853017428983142"
"187","374","374","374","0.14574299919143213","0.14119455928094723","0.14796658915248742"
"188","376","376","376","0.14563062805219557","0.1407471070068586","0.14872007517740027"
"189","378","378","378","0.14667593638762938","0.1449141611783441","0.14919983886722224"
"190","380","380","380","0.14720172972678375","0.14532364591568495","0.15070206949851186"
"191","382","382","382","0.14615390087108082","0.14314719783577273","0.1486437927678876"
"192","384","384","384","0.1471257802280928","0.14456019426849176","0.15123716839899043"
"193","386","386","386","0.14756417890671056","0.1440719538947834","0.15002216123134837"
"194","388","388","388","0.14779368987837704","0.14621821233007418","0.14941874185890291"
"195","390","390","390","0.1460322396019024","0.14369487952793536","0.14920522867409886"
"196","392","392","392","0.14701945060648516","0.14264675234670762","0.15211583229543776"
"197","394","394","394","0.14662477820707637","0.14535435434222221","0.14815264431099676"
"198","396","396","396","0.14547985531052468","0.14306640121025824","0.14859320117619795"
"199","398","398","398","0.14581977778128283","0.1440447000075421","0.14855265672192594"
"200","400","400","400","0.14581102141369226","0.14414248276995167","0.14767736378728422"
"201","402","402","402","0.14545038128569326","0.14481958318190072","0.14654712662619523"
"202","404","404","404","0.14504471204644398","0.1429863493167294","0.14668225521178607"
"203","406","406","406","0.14612038469599664","0.14454466307941344","0.14850970005385897"
"204","408","408","408","0.14847737156991841","0.14559151777519241","0.15131806153698177"
"205","410","410","410","0.14634392629113524","0.14371637642224983","0.1491039202027464"
"206","412","412","412","0.14581214182157648","0.14260846307141492","0.147799660326759"
"207","414","414","414","0.1473111006993341","0.14268022493175814","0.1490767227296781"
"208","416","416","416","0.14623903721296708","0.14378057634477648","0.14803247754120016"
"209","418","418","418","0.14811569736934432","0.1456920446055738","0.14995600722356878"
"210","420","420","420","0.14467647342888523","0.14233057111862246","0.14731553202238667"
"211","422","422","422","0.14636929364166748","0.14488200621880032","0.14773687690811482"
"212","424","424","424","0.147321727383045","0.14475542431734992","0.15067629646628747"
"213","426","426","426","0.1484330468292806","0.1468741068878464","0.1504361503346287"
"214","428","428","428","0.1481683177201438","0.14621669660241812","0.1516407570162001"
"215","430","430","430","0.14571951094283125","0.14413224859971693","0.14786177219258473"
"216","432","432","432","0.14820491646249753","0.14559344435219282","0.1500947732238626"
"217","434","434","434","0.14791810921897577","0.14523058676227438","0.14995803633668608"
"218","436","436","436","0.14601954810170045","0.14351232300225453","0.14870960753579263"
"219","438","438","438","0.1460935378593016","0.14414073025660532","0.14685402653558044"
"220","440","440","440","0.1464066158231227","0.145419630523373","0.1477890060462008"
"221","442","442","442","0.14759698023747442","0.1443185579318937","0.15119464074344582"
"222","444","444","444","0.1478233206051486","0.1461852029125328","0.14952400892139736"
"223","446","446","446","0.14679204409048136","0.14502399508347047","0.14889185482536652"
"224","448","448","448","0.145918054790164","0.1430904296114783","0.14968791262166825"
"225","450","450","450","0.14590730802354196","0.14380371334820316","0.14845784771565512"
"226","452","452","452","0.1449572614445259","0.14244573032156924","0.14912325387730202"
"227","454","454","454","0.1456395874030263","0.14482493022487747","0.14688096853081964"
"228","456","456","456","0.14596751085848647","0.14303606559799106","0.15126736313556635"
"229","458","458","458","0.14672306184720535","0.14362221375212764","0.15022833616518289"
"230","460","460","460","0.14728461896607548","0.14481169533263874","0.1485419861317374"
"231","462","462","462","0.14661633279000066","0.14465608278774786","0.14900013287800443"
"232","464","464","464","0.1463375749899543","0.14484721818890306","0.14860471862230148"
"233","466","466","466","0.14667250893363198","0.14516460436512185","0.14890060463786886"
"234","468","468","468","0.14593813522809335","0.14379349344528516","0.1470950404797683"
"235","470","470","470","0.14661983091203792","0.14331649607063826","0.15054768158892756"
"236","472","472","472","0.14722643041724673","0.1446466405166844","0.15074474071541547"
"237","474","474","474","0.14618775930905642","0.1450408249601874","0.14854742601566942"
"238","476","476","476","0.14650207229746143","0.14361642856158882","0.15183132066756633"
"239","478","478","478","0.14635046142915525","0.1447188766341377","0.14912708686073445"
"240","480","480","480","0.14642378747984255","0.14489920061854716","0.1492945222562063"
"241","482","482","482","0.1453262205199241","0.14421687756156457","0.1474726620204943"
"242","484","484","484","0.1470846677590385","0.14422962903607114","0.15180659430035023"
"243","486","486","486","0.1471023021758404","0.14648843000796585","0.14802952239292572"
"244","488","488","488","0.1469260207499889","0.14418300735072104","0.1490788648284551"
"245","490","490","490","0.14676275053348026","0.14438496973038","0.14874305501855298"
"246","492","492","492","0.1476224461337401","0.14608232361794848","0.15120912933053995"
"247","494","494","494","0.14706050118653452","0.14341238455039987","0.15172504913816126"
"248","496","496","496","0.14673108491738035","0.14511723943283242","0.14878161967905928"
"249","498","498","498","0.14636591722689282","0.14586635755669491","0.14687033157814533"
"250","500","500","500","0.14744968592394675","0.14577402499718595","0.14915678307366995"
"251","502","502","502","0.14660413764010008","0.14568496740152082","0.14859116658660662"
"252","504","504","504","0.14675423495571058","0.14398397829493007","0.15027040447676057"
"253","506","506","506","0.1479731746726491","0.14555260421042618","0.14993835742455391"
"254","508","508","508","0.14759578378918028","0.14654888547350944","0.14901111419190263"
"255","510","510","510","0.1466944862605465","0.14535523158471753","0.14866923814750893"
"256","512","512","512","0.14699817470486637","0.14454885295314454","0.14931651704856613"
"257","514","514","514","0.14735939437275075","0.14556229756848046","0.1510853185923955"
"258","516","516","516","0.14820436802468773","0.14577336568233912","0.1505261247919136"
"259","518","518","518","0.14665435979340585","0.14303921588100632","0.15124012946056256"
"260","520","520","520","0.14705769135471342","0.14540913244422254","0.14969940829165446"
"261","522","522","522","0.14550251417984614","0.1441778236874019","0.14697071600536882"
"262","524","524","524","0.1466816352991631","0.14463745541819806","0.15007371054718424"
"263","526","526","526","0.14793816608490892","0.14396427402106995","0.15072420099795564"
"264","528","528","528","0.1469641143045573","0.1434416087362655","0.1491292590507026"
"265","530","530","530","0.14808619713253193","0.14532980194060968","0.1508184629920891"
"266","532","532","532","0.14764495499035332","0.1444233255824998","0.1503997165296406"
"267","534","534","534","0.1467528365543","0.14466273149530545","0.15186831425635544"
"268","536","536","536","0.14687038913219091","0.14396496935524786","0.14920856405050506"
"269","538","538","538","0.14790526889047645","0.1462035247959296","0.1500034927914747"
"270","540","540","540","0.1463977226502812","0.144346958701864","0.15022123056685052"
"271","542","542","542","0.14680066886339244","0.14477587610544637","0.14930429933439157"
"272","544","544","544","0.1468292672522265","0.14588101323845348","0.1485883407213813"
"273","546","546","546","0.14699189999833379","0.14547567337906886","0.14885881103017784"
"274","548","548","548","0.14727021862084672","0.14414697462311446","0.14984875052998495"
"275","550","550","550","0.14849314355292695","0.14572221022926615","0.15095975560317054"
"276","552","552","552","0.14690084048712226","0.14482209321837744","0.14935963038467043"
"277","554","554","554","0.14696260610359638","0.14440048221486834","0.14934815068107382"
"278","556","556","556","0.14798568715108282","0.14685445484614926","0.14952786236636403"
"279","558","558","558","0.14483509003591324","0.14064489009242145","0.1474212776123413"
"280","560","560","560","0.14730484204530786","0.14663070493712652","0.14868621091910517"
"281","562","562","562","0.1467780406673339","0.1438361137826222","0.14993296274716894"
"282","564","564","564","0.14751061635125257","0.1453061703608897","0.1505470981118392"
"283","566","566","566","0.14784125015967198","0.14639066896353126","0.14995866680660952"
"284","568","568","568","0.1464519152299215","0.14324450417412185","0.15005831184686494"
"285","570","570","570","0.1483790224188176","0.14522338952482716","0.1534216115385243"
"286","572","572","572","0.14786706040628111","0.14640855894064148","0.14973551267228735"
"287","574","574","574","0.1460036275510017","0.14354409208304728","0.147902916900633"
"288","576","576","576","0.1477360285519423","0.14528354336714028","0.15059364931340832"
"289","578","578","578","0.14744283724028867","0.1440714319767918","0.15095097874504598"
"290","580","580","580","0.1468646470252164","0.14441263433704785","0.14968712966313324"
"291","582","582","582","0.14738108249765336","0.14379378584794028","0.1518689094613574"
"292","584","584","584","0.1477066918361855","0.14587025911989307","0.15043512676600737"
"293","586","586","586","0.14657750008647016","0.14392464734028104","0.1489388317978192"
"294","588","588","588","0.1478165760692636","0.1460735576379064","0.15246610562685467"
"295","590","590","590","0.14847836319198163","0.14431221274818318","0.1533862875542331"
"296","592","592","592","0.1475352951523195","0.14500256201003967","0.14944188315906834"
"297","594","594","594","0.14715634042770218","0.14464784632627056","0.14819061564423047"
"298","596","596","596","0.1470867284652378","0.1446484071570393","0.15151529959346152"
"299","598","598","598","0.14681708854816908","0.14500442720257128","0.14791847177355627"
"300","600","600","600","0.14742104862735847","0.14570452323432237","0.1506051486168664"
"301","602","602","602","0.14641321779120228","0.14512540889548076","0.147729458068123"
"302","604","604","604","0.14604777299942842","0.14423143746205394","0.1484247809810426"
"303","606","606","606","0.1464632117465347","0.14422580852735922","0.15056616692082714"
"304","608","608","608","0.14501948029126804","0.14208862965196406","0.14761458729054155"
"305","610","610","610","0.1466419644116925","0.14448326942432507","0.149089468239284"
"306","612","612","612","0.14555393249971596","0.1435740720480928","0.14731071287826591"
"307","614","614","614","0.1461196176804074","0.14300897505299212","0.14932398266998134"
"308","616","616","616","0.14593400518566788","0.14335445846915082","0.14732541218224632"
"309","618","618","618","0.14579387919778833","0.14406502345561437","0.1497122036537493"
"310","620","620","620","0.14762780380096102","0.14611257884300125","0.14917851710341487"
"311","622","622","622","0.14703731903908251","0.14537091577932015","0.14993051044698857"
"312","624","624","624","0.14783958032334038","0.1447495287839199","0.1545460091701802"
"313","626","626","626","0.1478102946433481","0.1441339278904851","0.1514822957491742"
"314","628","628","628","0.1466737043099831","0.14579963924712944","0.14802517280029667"
"315","630","630","630","0.14630083926606882","0.1449582347758819","0.14863911420376014"
"316","632","632","632","0.1491696501815573","0.14628837505016146","0.1518305472664807"
"317","634","634","634","0.14884644404490904","0.1464317846101405","0.15310180964815165"
"318","636","636","636","0.14695825197244236","0.14407558150912902","0.14841781308756977"
"319","638","638","638","0.14773747080964067","0.1450498629358303","0.15156719596204604"
"320","640","640","640","0.14669618912313553","0.14478560883810956","0.14905719127069522"
"321","642","642","642","0.14717652066067116","0.14563929139025147","0.1493773784655473"
"322","644","644","644","0.1474842197182797","0.14561138067789925","0.15249330440358433"
"323","646","646","646","0.1474230498663239","0.14556317723976253","0.1488750980735078"
"324","648","648","648","0.14814709263497805","0.14645120664505484","0.1502134687126579"
"325","650","650","650","0.1482369242605072","0.14554472853266504","0.150431407630724"
"326","652","652","652","0.14735125185444914","0.14299255705197053","0.15530230038109472"
"327","654","654","654","0.14648098526527975","0.14416650608327175","0.1493802564334307"
"328","656","656","656","0.14685620726806595","0.14449808967583586","0.15016552550176457"
"329","658","658","658","0.1477307887319203","0.14510330024038945","0.1494944826047067"
"330","660","660","660","0.14788913615698918","0.14616674453974476","0.1496257944411543"
"331","662","662","662","0.14878752458703923","0.14581305650460355","0.15223245195079932"
"332","664","664","664","0.1486557104575254","0.14702427372950608","0.14971695759144224"
"333","666","666","666","0.14870768063615342","0.14592041192667712","0.15088646765212724"
"334","668","668","668","0.14938929828363232","0.14751174636817163","0.15306676821873247"
"335","670","670","670","0.14697131021215193","0.14511671117391886","0.1480492331868721"
"336","672","672","672","0.14752140263375832","0.14512497884620415","0.14987495825054772"
"337","674","674","674","0.14737124227504234","0.14448214279936217","0.14870153759514235"
"338","676","676","676","0.14776926208583024","0.14439687115954625","0.15040289693535117"
"339","678","678","678","0.14807139950274228","0.14620911533402653","0.1494145978661558"
"340","680","680","680","0.1471929829814727","0.14644313061393718","0.14774906713531408"
"341","682","682","682","0.1470749568100756","0.14467631393363034","0.14963408947307313"
"342","684","684","684","0.1486698753592018","0.1464980152787092","0.15008230969603154"
"343","686","686","686","0.14905869891136744","0.1472319507596717","0.15061185684789108"
"344","688","688","688","0.14812086052436516","0.14668195474103976","0.15012498127241614"
"345","690","690","690","0.14754499395281112","0.14611908256009157","0.14917444132880872"
"346","692","692","692","0.14760332857784197","0.14540540174834243","0.15062073312492413"
"347","694","694","694","0.14724320823201925","0.14476705153489802","0.15110944485072886"
"348","696","696","696","0.14871619653572363","0.14488408910328138","0.15167627558855473"
"349","698","698","698","0.14789180086463324","0.14755969822276568","0.14848925192599513"
"350","700","700","700","0.14785987069096856","0.14617849725044768","0.1494450494344744"
"351","702","702","702","0.14734161595849712","0.14482427070966855","0.14923626522163208"
"352","704","704","704","0.14766317913435978","0.1463669820920018","0.14845893478195302"
"353","706","706","706","0.14857921147198314","0.14658007886559032","0.15126606976808032"
"354","708","708","708","0.14749524642843675","0.14572631423083232","0.14998111525389782"
"355","710","710","710","0.14754245874418923","0.14518729677008402","0.1504470407287286"
"356","712","712","712","0.14825120378386944","0.14532379596273037","0.15039518445081607"
"357","714","714","714","0.14706052823495977","0.14521442025650602","0.1480984435135341"
"358","716","716","716","0.14723713941094435","0.1457430420100954","0.14856235875943108"
"359","718","718","718","0.1457356942437375","0.14334997833356972","0.1486674734994097"
"360","720","720","720","0.15015882986547152","0.14842928761665858","0.15271939811012056"
"361","722","722","722","0.1481814749068701","0.14512086788948586","0.1515044473178025"
"362","724","724","724","0.1478796422035023","0.14530069122268827","0.15148125197891"
"363","726","726","726","0.14831741160058717","0.14704184408811655","0.1510445341319506"
"364","728","728","728","0.1486444934607632","0.14783393994176408","0.14992997108736203"
"365","730","730","730","0.1487544941008659","0.1477297738290999","0.14962313559829765"
"366","732","732","732","0.1477018789620493","0.14509644881213343","0.14978407534095986"
"367","734","734","734","0.1477643271619439","0.1461592884216892","0.15024617676517046"
"368","736","736","736","0.14873321220439525","0.1453931344643959","0.15258236676767784"
"369","738","738","738","0.1488084569585661","0.14580134979737175","0.15046405372504773"
"370","740","740","740","0.14740293902703866","0.14521561021519824","0.14899540697100305"
"371","742","742","742","0.1474072286290828","0.1431296073120925","0.15112984393624712"
"372","744","744","744","0.14863535497971636","0.14656117601212118","0.1516968272603505"
"373","746","746","746","0.14875818117794454","0.14474487888605345","0.15033911390978832"
"374","748","748","748","0.14949381127621403","0.14712809298031687","0.15208089026656665"
"375","750","750","750","0.1498448880785966","0.1487101027771789","0.1536591929049889"
"376","752","752","752","0.14729047980993518","0.14460242516977678","0.14859095492301524"
"377","754","754","754","0.1474736599134786","0.14471653996002648","0.14915232687275518"
"378","756","756","756","0.1499171238517571","0.14742560505997993","0.15300560275139058"
"379","758","758","758","0.1485159348091047","0.1448280668807552","0.15184548542614001"
"380","760","760","760","0.14924623337595683","0.14679010439716533","0.15089030394519343"
"381","762","762","762","0.149023819558248","0.1462934459129179","0.1514709863567414"
"382","764","764","764","0.14883366524576483","0.14582172325421894","0.15067817597629576"
"383","766","766","766","0.14872780130586863","0.14710651834732558","0.15074103976109426"
"384","768","768","768","0.149161798405873","0.14787895009727745","0.15121547721172934"
"385","770","770","770","0.14706175644428393","0.14535250609954492","0.1483762996144049"
"386","772","772","772","0.14999269110012944","0.14734572592861014","0.15184357915325983"
"387","774","774","774","0.14992328884051703","0.14765194225815162","0.15164858910087675"
"388","776","776","776","0.14818661257036872","0.14749500068393492","0.14908124334284872"
"389","778","778","778","0.1489306373133415","0.14664142571838126","0.1527986537984309"
"390","780","780","780","0.14708983070235943","0.14527927582213682","0.14982903833385938"
"391","782","782","782","0.14895697877559902","0.1455877913260336","0.15209892997580893"
"392","784","784","784","0.1492478691327735","0.14691444341878138","0.15105291873046567"
"393","786","786","786","0.14848629159641372","0.1457631211970901","0.15235035516923862"
"394","788","788","788","0.14908298762547406","0.14807540838951935","0.15029886027850026"
"395","790","790","790","0.14757919805294656","0.14624770288006178","0.14923915805043586"
"396","792","792","792","0.14836130876970072","0.1457051271862649","0.1504224824887381"
"397","794","794","794","0.1504904096349937","0.1462696575749586","0.15463318022116665"
"398","796","796","796","0.14821726739166713","0.14543417472391168","0.1517759609126716"
"399","798","798","798","0.14879652656827758","0.146753198975797","0.15120736550819416"
"400","800","800","800","0.1493563687277186","0.14774233786490718","0.15084091533522065"
"401","802","802","802","0.15031935761603038","0.14652134343833176","0.1528833829362999"
"402","804","804","804","0.14980824185832783","0.14723920328019868","0.15274724537955456"
"403","806","806","806","0.1486096612306494","0.1473071473854934","0.14984265938525415"
"404","808","808","808","0.14978674799560276","0.14715823691431754","0.15390512804009113"
"405","810","810","810","0.14842172114282493","0.14656406432307004","0.1507369531886978"
"406","812","812","812","0.14953204171914725","0.14695943708163908","0.15062795951812147"
"407","814","814","814","0.15038916156605447","0.14735407662991226","0.15427169634597673"
"408","816","816","816","0.14821841108720257","0.145944092859011","0.1506946315223335"
"409","818","818","818","0.15061263208142756","0.1470516612360103","0.15416627593754295"
"410","820","820","820","0.14820444094202476","0.14474036695649026","0.1506284107008782"
"411","822","822","822","0.14834707996143381","0.14624637307914956","0.150461401928743"
"412","824","824","824","0.1489789244812943","0.1458655305364861","0.15344578152726607"
"413","826","826","826","0.14883301170046948","0.14571877303220926","0.15274776345766447"
"414","828","828","828","0.15044312274812127","0.1465660083234204","0.15596112169186258"
"415","830","830","830","0.14728796698817456","0.14641532906289006","0.14997272560656583"
"416","832","832","832","0.1485255719781272","0.14729395725916758","0.14975878832282882"
"417","834","834","834","0.1490948013951628","0.1471387467758015","0.15124475123910883"
"418","836","836","836","0.14921411449384653","0.14606383868000083","0.15199826604181413"
"419","838","838","838","0.14851972175447709","0.1472113616253018","0.15140584547585492"
"420","840","840","840","0.14841681507724205","0.14640497606716651","0.15124440519408955"
"421","842","842","842","0.1498579357891304","0.1473915429232418","0.15398422590354618"
"422","844","844","844","0.15005902390515263","0.1478924880529696","0.15092579822808072"
"423","846","846","846","0.14923460983990322","0.1466160466782347","0.15143702177102278"
"424","848","848","848","0.14924733434268744","0.14781612226161345","0.15091320804469885"
"425","850","850","850","0.1485821980611935","0.1465843074099142","0.14954250969603755"
"426","852","852","852","0.14879642003569388","0.14669452430282226","0.15370646772884472"
"427","854","854","854","0.14815322565425154","0.14676146003779467","0.14883011318976694"
"428","856","856","856","0.14900874006442352","0.14781585444676268","0.15064646300436144"
"429","858","858","858","0.14801111538373196","0.1455975387215508","0.15074329032422748"
"430","860","860","860","0.14858230351235358","0.14783671254660327","0.1492034746011486"
"431","862","862","862","0.149488954315191","0.14738682323745086","0.1513957412560283"
"432","864","864","864","0.1487897318933497","0.14732818152925078","0.15149855090062872"
"433","866","866","866","0.1478991001970297","0.14567173358352564","0.14988053324306064"
"434","868","868","868","0.15068501995672726","0.14977549997310555","0.15166101998702133"
"435","870","870","870","0.15033817629867013","0.14890731428531834","0.1512732922443016"
"436","872","872","872","0.14957739882162335","0.1482092184129078","0.15145481248462792"
"437","874","874","874","0.14808196959445685","0.14571977288679774","0.1516227587919918"
"438","876","876","876","0.14875798167458115","0.14366878202625058","0.15226150020804988"
"439","878","878","878","0.1481498012708175","0.14679338694652558","0.14925617393700982"
"440","880","880","880","0.14810568510606587","0.14602036143264696","0.15157697244973223"
"441","882","882","882","0.14877617435881837","0.14695611313680843","0.15040540589695986"
"442","884","884","884","0.1488544885025632","0.14540594239030677","0.15084168960337488"
"443","886","886","886","0.14888014179334044","0.14600427174809766","0.1505782522711463"
"444","888","888","888","0.14822934989250725","0.1474137697573906","0.1507330417752375"
"445","890","890","890","0.14950385011439019","0.14835976283968472","0.1519611436610879"
"446","892","892","892","0.14828671409318825","0.14562290501316286","0.1503513769314941"
"447","894","894","894","0.14774518958355612","0.1434404819679125","0.150923864920128"
"448","896","896","896","0.1485784149101876","0.14635965489773614","0.15092374138587344"
"449","898","898","898","0.14817220442128476","0.14585583621581796","0.15019387804382892"
"450","900","900","900","0.14877151612929868","0.14654808435560845","0.1517330859066803"
"451","902","902","902","0.14818594041792876","0.1459850938290893","0.15004347959466477"
"452","904","904","904","0.14970864523659141","0.14721076157246285","0.1511782843856483"
"453","906","906","906","0.15000604970149145","0.14635818384435573","0.15532805501830646"
"454","908","908","908","0.14986731187687571","0.14817454677601555","0.15153094914253604"
"455","910","910","910","0.1480395694912521","0.1461104739170976","0.14977817344740996"
"456","912","912","912","0.14853866419255887","0.14450438897191623","0.1509567702334995"
"457","914","914","914","0.1480308751296797","0.14656088314412008","0.14938719510053344"
"458","916","916","916","0.14960391742174475","0.1476507995207529","0.15161542224544275"
"459","918","918","918","0.15000533539897837","0.1459752024335894","0.1520654566890252"
"460","920","920","920","0.14946082828403487","0.14576095996674396","0.1554788869406922"
"461","922","922","922","0.1480960971721869","0.14606325555385263","0.15070764890730243"
"462","924","924","924","0.14926560461101976","0.1464124292560507","0.15206935380260483"
"463","926","926","926","0.14943971388764957","0.14856225360941813","0.15101878398944746"
"464","928","928","928","0.14844645103636944","0.14664749947624078","0.15068937631140772"
"465","930","930","930","0.14904949683993868","0.14634906786281357","0.1511947040371362"
"466","932","932","932","0.15011628431041477","0.14800190331485735","0.1537840620717387"
"467","934","934","934","0.14819198972351988","0.14428668636041872","0.150491861761028"
"468","936","936","936","0.14878391581233458","0.14619100439965815","0.15107708147861323"
"469","938","938","938","0.14978773222343345","0.14653127026831414","0.15371449219314862"
"470","940","940","940","0.15041071689065727","0.14689185520564985","0.1559569171597468"
"471","942","942","942","0.1485464033325931","0.1464648584033777","0.15106703960686987"
"472","944","944","944","0.14876419252290035","0.14617387995439246","0.1520509450144462"
"473","946","946","946","0.14852424553393642","0.14613886524654274","0.1517002237583074"
"474","948","948","948","0.1493300930638501","0.14545869483321328","0.15121313225358413"
"475","950","950","950","0.1491549337315065","0.14701997083767634","0.15351599585252457"
"476","952","952","952","0.1490452648301035","0.14655830852583973","0.1516870034107637"
"477","954","954","954","0.14920870210296244","0.14654579581358887","0.15103378548847843"
"478","956","956","956","0.14772677089953765","0.1451432379372644","0.1509023084188613"
"479","958","958","958","0.14894922820652703","0.14703894696093836","0.15132384066111135"
"480","960","960","960","0.14887598201912128","0.14719829540998577","0.15080705160892863"
"481","962","962","962","0.14756122559819038","0.14611162912090325","0.14912507550414134"
"482","964","964","964","0.14684142813632325","0.1448404597416778","0.14992697724663775"
"483","966","966","966","0.14913488665888064","0.1464517085589052","0.15152742824851473"
"484","968","968","968","0.14891256224798582","0.1471746633835927","0.15180422546610575"
"485","970","970","970","0.14738299660406476","0.14475890275688977","0.14890266157055784"
"486","972","972","972","0.14981811124186029","0.14834776943677566","0.15168316067023246"
"487","974","974","974","0.1494062402034649","0.1468393867656747","0.15140501256974292"
"488","976","976","976","0.1489831362835628","0.14528572667168543","0.1515749422546317"
"489","978","978","978","0.14988101072105903","0.14760196858135002","0.15479314873486325"
"490","980","980","980","0.15035768132430394","0.1483211653017613","0.15295660101290717"
"491","982","982","982","0.14983813901350215","0.14599137661652975","0.15548920480627984"
"492","984","984","984","0.14884656542599148","0.145764222351717","0.15044837997548743"
"493","986","986","986","0.15037039756963883","0.14824341446361192","0.1522134683563283"
"494","988","988","988","0.14832000903764958","0.14683556177347115","0.15107834963084954"
"495","990","990","990","0.14988162407707215","0.1477189835073519","0.15175752603072254"
"496","992","992","992","0.1502859642972767","0.14805624356762564","0.15377301111526392"
"497","994","994","994","0.14987395312611693","0.14782753082618724","0.15198685372686768"
"498","996","996","996","0.14951671669129427","0.14605739531485126","0.15228129495559212"
"499","998","998","998","0.1496634494953532","0.1484313196422975","0.15064221471328737"
"500","1000","1000","1000","0.1500249669473887","0.14764817460665958","0.15183859696182414"
"501","1002","1002","1002","0.14908226232660815","0.14812410089296216","0.15049750440959725"
"502","1004","1004","1004","0.14935966880076115","0.1468145415020684","0.15092180636472668"
"503","1006","1006","1006","0.1499141839305443","0.14755547650548345","0.15250048129949442"
"504","1008","1008","1008","0.15052516535015303","0.14730853724814785","0.15619522305135833"
"505","1010","1010","1010","0.14895660107167014","0.14663876685904606","0.15174481258102768"
"506","1012","1012","1012","0.14938341748687228","0.14886200015675696","0.15031138675415257"
"507","1014","1014","1014","0.14877662657389107","0.1454977637583098","0.1539181793806332"
"508","1016","1016","1016","0.14921688533354538","0.1473380261292115","0.1517120898191514"
"509","1018","1018","1018","0.1494408294017849","0.14475121315234296","0.15231255310779762"
"510","1020","1020","1020","0.15025509858797628","0.14891486187469288","0.15223710149558078"
"511","1022","1022","1022","0.14805364495369114","0.14714929397559537","0.14870972071374514"
"512","1024","1024","1024","0.14974821934367127","0.1475637842248629","0.15123973582225614"
"513","1026","1026","1026","0.14848939621125096","0.14636271327764883","0.14992199420641103"
"514","1028","1028","1028","0.14895439241834701","0.14735234247249424","0.14988025524738102"
"515","1030","1030","1030","0.14739018554233524","0.14552051153165557","0.1486307104741482"
"516","1032","1032","1032","0.1488594420623717","0.14790153070048986","0.1498246547385965"
"517","1034","1034","1034","0.14872856503325538","0.14521254488833987","0.15311005815900294"
"518","1036","1036","1036","0.14986198477070464","0.14709469834877167","0.15568339802363462"
"519","1038","1038","1038","0.15114575216731274","0.14775324636819948","0.15526139361180807"
"520","1040","1040","1040","0.14929043528426367","0.14799088695239884","0.15087468158714337"
"521","1042","1042","1042","0.14934367533526033","0.14515002002522193","0.15260345129596434"
"522","1044","1044","1044","0.14894291139643495","0.14573183673197626","0.15070772248664566"
"523","1046","1046","1046","0.14994164249952205","0.14532531163991896","0.1514307681315647"
"524","1048","1048","1048","0.15046216104939453","0.14712407260317123","0.15291317222021464"
"525","1050","1050","1050","0.14951730543557282","0.14614660850110445","0.15104188415085978"
"526","1052","1052","1052","0.14920545297953894","0.14695667351781888","0.15091493382257043"
"527","1054","1054","1054","0.14844520500119207","0.14673066790108208","0.15088531090986274"
"528","1056","1056","1056","0.1494606983346986","0.14721483701416865","0.15218166396975144"
"529","1058","1058","1058","0.14886912610148423","0.14671084287710132","0.15113145075207662"
"530","1060","1060","1060","0.1497007123393521","0.14704493287915676","0.15397322459443302"
"531","1062","1062","1062","0.1511496602323178","0.14764752745534104","0.1548335401857095"
"532","1064","1064","1064","0.14969637595455787","0.14821975962909575","0.15134794164358753"
"533","1066","1066","1066","0.1493739456184303","0.1482755731625185","0.1501324669443276"
"534","1068","1068","1068","0.1490269504995972","0.1474466614585419","0.15050373791690952"
"535","1070","1070","1070","0.15057252953380715","0.14794418425772948","0.15187421072236607"
"536","1072","1072","1072","0.14859702823461984","0.1457976629243072","0.15248125825787404"
"537","1074","1074","1074","0.14921620872515529","0.14658849655770453","0.15151703380523196"
"538","1076","1076","1076","0.15045781140013637","0.14949123817580845","0.15171997239708132"
"539","1078","1078","1078","0.14912007659645407","0.14765145926857967","0.15062758673838314"
"540","1080","1080","1080","0.14777645021195612","0.14665405526180708","0.14988704882191897"
"541","1082","1082","1082","0.15000334851638514","0.14693604959968348","0.1513885486309732"
"542","1084","1084","1084","0.14922219788493607","0.14569086566794198","0.15237146770129492"
"543","1086","1086","1086","0.14896478216191572","0.14805482267529663","0.14933114577758339"
"544","1088","1088","1088","0.1486865391262106","0.14731956606385982","0.14957373810840863"
"545","1090","1090","1090","0.15111618263305132","0.14912157095844877","0.15413911137868033"
"546","1092","1092","1092","0.14957480555014083","0.14699349241122414","0.15254244218291851"
"547","1094","1094","1094","0.1480305743881992","0.14600724358017914","0.1526565712749706"
"548","1096","1096","1096","0.15043251794664236","0.14682937911110608","0.154919981437928"
"549","1098","1098","1098","0.14948912057886335","0.1468477983594037","0.15383440468597442"
"550","1100","1100","1100","0.1496676694653899","0.14627386952381194","0.15185196835626003"
"551","1102","1102","1102","0.14932115716971534","0.1466046098353447","0.15498120983855865"
"552","1104","1104","1104","0.14981962449087716","0.14692588580830604","0.15253965103168368"
"553","1106","1106","1106","0.15006208356325396","0.14769375696365053","0.15183676994678427"
"554","1108","1108","1108","0.15024321438351654","0.14887753308263157","0.15279657173368882"
"555","1110","1110","1110","0.15039500644290407","0.1466249979308745","0.15428847230270676"
"556","1112","1112","1112","0.1502568241111396","0.14657322166635067","0.1533496253502343"
"557","1114","1114","1114","0.15105429565441297","0.14903541812267213","0.1538579805277889"
"558","1116","1116","1116","0.1503857898157138","0.14850307585632636","0.15307437123153678"
"559","1118","1118","1118","0.14883188254889065","0.14746665504758652","0.14982220050759415"
"560","1120","1120","1120","0.14941153093398093","0.1477195697329009","0.1512009498027481"
"561","1122","1122","1122","0.15040876749943327","0.14820813135178432","0.15211697204721675"
"562","1124","1124","1124","0.1518456559010385","0.1498289437000004","0.15500953758644057"
"563","1126","1126","1126","0.15092341452317487","0.14716235267529357","0.15327332231846802"
"564","1128","1128","1128","0.1517236410771009","0.14766442681236933","0.15508889443912446"
"565","1130","1130","1130","0.15078151218243602","0.15006927099240372","0.15197310538602468"
"566","1132","1132","1132","0.14977313767580672","0.14864642230493416","0.15085462464545954"
"567","1134","1134","1134","0.15027549786418087","0.1481540887095728","0.15312128248705378"
"568","1136","1136","1136","0.14940597338688238","0.1458448004566207","0.15219281378071195"
"569","1138","1138","1138","0.14988580063239193","0.14776078147495658","0.1514915152960778"
"570","1140","1140","1140","0.15028621121220354","0.14894043473347035","0.15166894503025363"
"571","1142","1142","1142","0.14900090154739018","0.14666593517217852","0.15094813708938126"
"572","1144","1144","1144","0.1487899212895786","0.14626858619823246","0.1509246113896904"
"573","1146","1146","1146","0.15040487661588198","0.1458134180008208","0.1535338410283718"
"574","1148","1148","1148","0.14937098459944304","0.14819076632604236","0.15045441796958817"
"575","1150","1150","1150","0.14819225602285085","0.14595821384401622","0.15050355819088146"
"576","1152","1152","1152","0.14947552207069456","0.14887577503400828","0.14998648687835536"
"577","1154","1154","1154","0.1485589987888063","0.14438049409092096","0.1520013152842141"
"578","1156","1156","1156","0.14833713045216596","0.1455981993798833","0.15192016397948704"
"579","1158","1158","1158","0.15113013826064062","0.1478004559531832","0.15293253698333703"
"580","1160","1160","1160","0.14958298145048005","0.14734117107372616","0.1533984671366884"
"581","1162","1162","1162","0.148491825818636","0.146802975739851","0.15033268700359284"
"582","1164","1164","1164","0.14891497636463652","0.14680062497516905","0.15134436528691098"
"583","1166","1166","1166","0.14820834881314848","0.14447501444257818","0.15433952158713915"
"584","1168","1168","1168","0.15018516221038555","0.14633187936367484","0.15519705555100433"
"585","1170","1170","1170","0.14772608351328848","0.14694346811090161","0.1482471582733844"
"586","1172","1172","1172","0.14973758879554633","0.14608703525029373","0.15373427779291882"
"587","1174","1174","1174","0.14981544994550802","0.1467351580087144","0.1534638004374696"
"588","1176","1176","1176","0.14856254075856598","0.14557254975615755","0.15194038758965595"
"589","1178","1178","1178","0.15023592469605213","0.1474559449572903","0.15417895401490428"
"590","1180","1180","1180","0.1489456863375168","0.14588731588112216","0.15174859490164197"
"591","1182","1182","1182","0.15089802437875308","0.1478077010351234","0.15390857475322678"
"592","1184","1184","1184","0.15101834721407387","0.14819279364038163","0.15372235685693997"
"593","1186","1186","1186","0.15020197536298258","0.1476268666800831","0.15461387497171047"
"594","1188","1188","1188","0.15083319365001616","0.1494817629065149","0.15190300894237213"
"595","1190","1190","1190","0.1511982727046423","0.14807259622876515","0.1540249874101991"
"596","1192","1192","1192","0.14853801418193072","0.14534752210120372","0.1520166814503603"
"597","1194","1194","1194","0.14994140458589805","0.14861216675807684","0.15113373179961112"
"598","1196","1196","1196","0.14984184216780363","0.1461918178538621","0.1529073194886787"
"599","1198","1198","1198","0.1493492389300889","0.14890009041502583","0.15009931572902083"
"600","1200","1200","1200","0.149294818217858","0.14785140199499366","0.15064407191476903"
"601","1202","1202","1202","0.15142829682958597","0.14839633888663478","0.15548540156536078"
"602","1204","1204","1204","0.14897032142107453","0.14696448308832627","0.14993159178636425"
"603","1206","1206","1206","0.14891565666534623","0.14573037472392086","0.15018799782479547"
"604","1208","1208","1208","0.15040216454934166","0.14937248219920993","0.15210592877505968"
"605","1210","1210","1210","0.1509414550735594","0.1489204111124494","0.15381728366745015"
"606","1212","1212","1212","0.15019393267200054","0.1475189567412353","0.1526857917711829"
"607","1214","1214","1214","0.14910195632389206","0.14639769841191544","0.15059665259022562"
"608","1216","1216","1216","0.15191834608851687","0.1473365136350725","0.15677558928430502"
"609","1218","1218","1218","0.15115960809713438","0.1477194041038858","0.15531745545028372"
"610","1220","1220","1220","0.15075198325399888","0.14876147787669852","0.1540188300841497"
"611","1222","1222","1222","0.14968840972401937","0.1471527086864499","0.15114138789343107"
"612","1224","1224","1224","0.150459689360481","0.14674550241103423","0.1528207332942033"
"613","1226","1226","1226","0.14889711997511387","0.14727168841648877","0.15005145708049042"
"614","1228","1228","1228","0.14970564209653694","0.1475145130837477","0.15338509856685226"
"615","1230","1230","1230","0.148859676772862","0.1471168016863335","0.1509662131574541"
"616","1232","1232","1232","0.14891693793002003","0.1448686597406216","0.15011437383084536"
"617","1234","1234","1234","0.14883173123674207","0.1469743252463907","0.14977027482586436"
"618","1236","1236","1236","0.150677383197212","0.14811190282318018","0.1553320057689107"
"619","1238","1238","1238","0.1496645440606172","0.14833086979728977","0.1513342987654267"
"620","1240","1240","1240","0.1497103389104944","0.14808985004022554","0.15109219874444246"
"621","1242","1242","1242","0.14904288978015454","0.14717125673476353","0.15199509466374186"
"622","1244","1244","1244","0.14982858332420643","0.14813028599953937","0.15148075300865133"
"623","1246","1246","1246","0.15112844915396012","0.1462617121680371","0.158764549836785"
"624","1248","1248","1248","0.1473612784855523","0.14522240005356687","0.14868153113883664"
"625","1250","1250","1250","0.14972836959191688","0.14590072471595236","0.15302002650207353"
"626","1252","1252","1252","0.15020805485541142","0.14622244746174795","0.15544072497895448"
"627","1254","1254","1254","0.15060368313689992","0.14849282962259538","0.1523345720827789"
"628","1256","1256","1256","0.1486891038343596","0.14722505785473755","0.15055718621860337"
"629","1258","1258","1258","0.15013831387345003","0.14701735309900618","0.1537361136959123"
"630","1260","1260","1260","0.14956154366091323","0.14793574348932026","0.1503043625656565"
"631","1262","1262","1262","0.1501433805163309","0.14847734192789297","0.1549073040033561"
"632","1264","1264","1264","0.14689871973933138","0.14396959352897917","0.14807840804523273"
"633","1266","1266","1266","0.14944882544629054","0.1472956919483186","0.15160642935405771"
"634","1268","1268","1268","0.14848512057019433","0.1456945896376782","0.15182495223780487"
"635","1270","1270","1270","0.1508743115896252","0.14757223199327044","0.15549711577505634"
"636","1272","1272","1272","0.14985946932499322","0.1481193918871385","0.15167909003718263"
"637","1274","1274","1274","0.14995973414897074","0.1479600029254288","0.1530495972243382"
"638","1276","1276","1276","0.1487308930602397","0.14737428979703998","0.14977450189873276"
"639","1278","1278","1278","0.1506726315966424","0.1478962337892223","0.1538407375129673"
"640","1280","1280","1280","0.15157488107037204","0.14877354743091706","0.15459199472657106"
"641","1282","1282","1282","0.14946401571956136","0.14842496228078844","0.15103453164794753"
"642","1284","1284","1284","0.1500174014074136","0.14868412815190404","0.151401394018154"
"643","1286","1286","1286","0.1508812287280687","0.1490427036100126","0.15348850060395205"
"644","1288","1288","1288","0.1515430392547616","0.14952296510989088","0.15345267749143218"
"645","1290","1290","1290","0.15011295608006694","0.14845453416955592","0.15252232193256196"
"646","1292","1292","1292","0.14892957640691634","0.1472287333541557","0.15072807821688522"
"647","1294","1294","1294","0.1494644745243665","0.14683173227824511","0.1517884796332553"
"648","1296","1296","1296","0.15037546302167495","0.14858888378290525","0.1517899039629412"
"649","1298","1298","1298","0.1498760630871943","0.146457494188092","0.1543832206171026"
"650","1300","1300","1300","0.14956842019847588","0.14801041765912792","0.15142711275287507"
"651","1302","1302","1302","0.14987414741319385","0.1475694194312508","0.1518281799299271"
"652","1304","1304","1304","0.1506403132028884","0.14839271110789878","0.15367847891692285"
"653","1306","1306","1306","0.15073123539542382","0.14854208513120645","0.15303708864709803"
"654","1308","1308","1308","0.14996707115806712","0.14755547381390885","0.15320867236874053"
"655","1310","1310","1310","0.15201074657421332","0.1491934871989068","0.1534631252045529"
"656","1312","1312","1312","0.15297589313585297","0.14931209533761228","0.15712284115402858"
"657","1314","1314","1314","0.1502479636033677","0.1487650888578837","0.15326830446204598"
"658","1316","1316","1316","0.15226884288266446","0.14829632227293282","0.15493823305571683"
"659","1318","1318","1318","0.14977074681348376","0.14779584725576095","0.15162547024330922"
"660","1320","1320","1320","0.14959445824010292","0.14729067065137874","0.15233044516526448"
"661","1322","1322","1322","0.15020209800708834","0.1482353222775445","0.15174771466920128"
"662","1324","1324","1324","0.1504545494165356","0.14825074145263323","0.1524915953969901"
"663","1326","1326","1326","0.15081986681934856","0.149617677916942","0.15177469438725347"
"664","1328","1328","1328","0.1504092884141579","0.1473408615923841","0.15372883019644304"
"665","1330","1330","1330","0.1512191948228861","0.14825481793801787","0.15574748981325198"
"666","1332","1332","1332","0.14939944972158964","0.1457612711812578","0.15264666884698044"
"667","1334","1334","1334","0.1508423736879326","0.1489391991330739","0.15246621952591136"
"668","1336","1336","1336","0.15307876551932856","0.15135875010158956","0.1557299630358995"
"669","1338","1338","1338","0.1500121114658246","0.1487086435099486","0.15155060278398502"
"670","1340","1340","1340","0.1508036540377045","0.14951358206982635","0.15245681522826854"
"671","1342","1342","1342","0.15126172781463207","0.14820087292644024","0.1542061977339457"
"672","1344","1344","1344","0.15024995079848263","0.14885764358334802","0.15195921872622273"
"673","1346","1346","1346","0.15107469612767832","0.14856576523501192","0.15560184581824452"
"674","1348","1348","1348","0.1509328139778888","0.14814078670486874","0.15493988477198015"
"675","1350","1350","1350","0.15027046278938444","0.14729435869762295","0.1560248087656098"
"676","1352","1352","1352","0.15061104891169616","0.14732082178412476","0.1532390159949701"
"677","1354","1354","1354","0.14982031519002215","0.1471261185628218","0.15262654570437975"
"678","1356","1356","1356","0.14928062193215869","0.1460417633315625","0.15281879828227302"
"679","1358","1358","1358","0.1526870514386718","0.1511493560667547","0.1542474752063021"
"680","1360","1360","1360","0.15087659177150536","0.14845231223256783","0.15247141006338882"
"681","1362","1362","1362","0.1497286496006151","0.14716969767355378","0.15223113250734127"
"682","1364","1364","1364","0.15112308793069443","0.1483169038330591","0.15252942369327863"
"683","1366","1366","1366","0.14953564691504537","0.148166601288298","0.15178980719321808"
"684","1368","1368","1368","0.15047369603534883","0.14854797156661742","0.15248171374164313"
"685","1370","1370","1370","0.14944922616497655","0.14820207525252932","0.15122298371870624"
"686","1372","1372","1372","0.14990384195925704","0.1477904551750975","0.15203964875039702"
"687","1374","1374","1374","0.15069981689465314","0.14922900158107769","0.15315298145872078"
"688","1376","1376","1376","0.15017886166719646","0.14671127590285807","0.15250217053030973"
"689","1378","1378","1378","0.1498888729618394","0.14934280996814409","0.15045962522056008"
"690","1380","1380","1380","0.14967116840079975","0.1472609973447321","0.15089702805280802"
"691","1382","1382","1382","0.15197055201525694","0.14961151560552788","0.15498918058234765"
"692","1384","1384","1384","0.15027724003285164","0.149218784294399","0.15172819616344851"
"693","1386","1386","1386","0.15123995402897256","0.14997019482235763","0.15244701710750264"
"694","1388","1388","1388","0.15152647433583366","0.1504625700688725","0.15290640329609767"
"695","1390","1390","1390","0.15220972868093968","0.15103988157570178","0.15325603449446526"
"696","1392","1392","1392","0.15031559238313713","0.14767522458039906","0.155271518435602"
"697","1394","1394","1394","0.15176184574301083","0.1485621376536806","0.1575702057815687"
"698","1396","1396","1396","0.1522042410111152","0.14789482021961273","0.15416304567317124"
"699","1398","1398","1398","0.15056199406172954","0.14891211769041893","0.15335268063186694"
"700","1400","1400","1400","0.15061634344805902","0.14635642156216108","0.15352392417453528"
"701","1402","1402","1402","0.15053184397342992","0.14737684560959394","0.15489307302159608"
"702","1404","1404","1404","0.15140555893641153","0.14761982387375033","0.15629358712050065"
"703","1406","1406","1406","0.1507424385283158","0.14586221587234524","0.15512908122548558"
"704","1408","1408","1408","0.15257439706629955","0.14657181493495205","0.15940310265555235"
"705","1410","1410","1410","0.15024793041589626","0.14673205413897522","0.15246143839796492"
"706","1412","1412","1412","0.15186404209868928","0.14846089871083598","0.15496901949087086"
"707","1414","1414","1414","0.1515849558602133","0.14528737564901684","0.154942440066676"
"708","1416","1416","1416","0.1519223526680524","0.1482126983493278","0.15657452732772378"
"709","1418","1418","1418","0.15017528154410903","0.14622184489687126","0.1531085336110958"
"710","1420","1420","1420","0.15176583615647202","0.14966125679552997","0.15372845813825103"
"711","1422","1422","1422","0.1513547184589908","0.14951012854272383","0.15311565426188997"
"712","1424","1424","1424","0.15112788416921966","0.14735413395851482","0.15477285482424635"
"713","1426","1426","1426","0.15054302749149343","0.14702709662715796","0.15246857995702223"
"714","1428","1428","1428","0.14951631879962188","0.1456349725647446","0.15201295011886481"
"715","1430","1430","1430","0.15092040978242816","0.14746947771931573","0.15317543193837965"
"716","1432","1432","1432","0.15107135743182348","0.14744644244390442","0.15470984274340843"
"717","1434","1434","1434","0.15073857162530016","0.14899494005973407","0.15297508831860226"
"718","1436","1436","1436","0.15320759293101985","0.14932027507630663","0.15693698979352094"
"719","1438","1438","1438","0.15120770561894306","0.1486112969025437","0.15394228209783284"
"720","1440","1440","1440","0.15008206217107428","0.14669270084286326","0.15304523075964535"
"721","1442","1442","1442","0.15017589399307996","0.14765446287837963","0.1537534646079812"
"722","1444","1444","1444","0.15148495823981595","0.1493285790256815","0.15437146923534753"
"723","1446","1446","1446","0.15145138612892647","0.1483389051980126","0.15460134998738007"
"724","1448","1448","1448","0.14950466199535342","0.14807035910114602","0.15227332832556384"
"725","1450","1450","1450","0.1497440127463034","0.1473858130089304","0.15224880867106722"
"726","1452","1452","1452","0.14970417506643688","0.14605295653836292","0.15308549429002652"
"727","1454","1454","1454","0.14886430567204728","0.14785166691944265","0.15064078343908144"
"728","1456","1456","1456","0.14882860060034248","0.14610542816446662","0.15253302734008684"
"729","1458","1458","1458","0.1499177888136173","0.14816545295376565","0.15223808293983618"
"730","1460","1460","1460","0.15007990221950449","0.1470650251353754","0.1544368265495998"
"731","1462","1462","1462","0.1499150704138528","0.14745138614529493","0.15205997157946227"
"732","1464","1464","1464","0.15168035595031704","0.14948958545133068","0.15324475385529054"
"733","1466","1466","1466","0.15429652491230322","0.1503815066569842","0.15706035013280772"
"734","1468","1468","1468","0.1510621057275005","0.1493053039876712","0.1526521887743027"
"735","1470","1470","1470","0.1512499923091489","0.14997624202233487","0.1525605801270474"
"736","1472","1472","1472","0.15020145723574135","0.14748653120886204","0.15320379564337322"
"737","1474","1474","1474","0.1503454726754127","0.14740754187213714","0.1557793087450154"
"738","1476","1476","1476","0.15151408501811264","0.14820846587168082","0.1542225135321431"
"739","1478","1478","1478","0.15089727704505992","0.14923977755855902","0.15663779429158609"
"740","1480","1480","1480","0.15068077948619577","0.14772962524733602","0.15416561398198322"
"741","1482","1482","1482","0.1515658631409052","0.1487109689250629","0.15510147986554462"
"742","1484","1484","1484","0.1529266171758918","0.14915381524244517","0.16035883906002274"
"743","1486","1486","1486","0.15087340882652572","0.14725249145821764","0.15522646220064998"
"744","1488","1488","1488","0.15061456240297022","0.14786715255252267","0.15278536246193675"
"745","1490","1490","1490","0.1502398268237976","0.14659032891264326","0.15365761390918303"
"746","1492","1492","1492","0.14953986209426465","0.14748089222034863","0.15100488605291118"
"747","1494","1494","1494","0.15077370768221918","0.14732861411182657","0.15373225717541603"
"748","1496","1496","1496","0.15171569691437684","0.14914440254359798","0.1537886026428242"
"749","1498","1498","1498","0.15156688783272215","0.149089908182674","0.153856525763672"
"750","1500","1500","1500","0.15004050203800146","0.14673127488644624","0.15155058719747963"
"751","1502","1502","1502","0.15109008415644862","0.1495910942376617","0.15263368377264364"
"752","1504","1504","1504","0.15197383285389704","0.14937340245961422","0.1536528911079546"
"753","1506","1506","1506","0.15111394595863906","0.1489730894458622","0.15313879941441624"
"754","1508","1508","1508","0.1515109859646786","0.1495930559812718","0.1532073889518851"
"755","1510","1510","1510","0.14955933690703693","0.14803747101244433","0.15178027595340754"
"756","1512","1512","1512","0.15184407544608156","0.15007576130464878","0.1532630167457254"
"757","1514","1514","1514","0.1501967095593278","0.14672609735802458","0.1532513158475549"
"758","1516","1516","1516","0.15061920739392456","0.14890429490236695","0.15323368412218366"
"759","1518","1518","1518","0.15074376748948404","0.1491157467838812","0.1524021144733072"
"760","1520","1520","1520","0.1514889157985532","0.1486659335071172","0.15789824687996085"
"761","1522","1522","1522","0.15046650653722113","0.14937318760245247","0.15127805296093544"
"762","1524","1524","1524","0.15178522596209035","0.14872470660100934","0.15520204189768927"
"763","1526","1526","1526","0.15193552498166532","0.1505794866975386","0.15433112047583067"
"764","1528","1528","1528","0.1506092467467318","0.14805459688092967","0.152942214560395"
"765","1530","1530","1530","0.15159339421030146","0.148527819237365","0.15316642801362176"
"766","1532","1532","1532","0.15116210047589515","0.14795818874499433","0.15507566700308414"
"767","1534","1534","1534","0.15138565301916865","0.14759226298166284","0.15523914306885117"
"768","1536","1536","1536","0.15282562622406426","0.14852656478274923","0.15534658407706375"
"769","1538","1538","1538","0.15266557422991342","0.15092794651082228","0.1561656334871736"
"770","1540","1540","1540","0.15266957193920447","0.1479684356003768","0.15901964941327865"
"771","1542","1542","1542","0.15280084145374834","0.1497666091511138","0.15658593648162525"
"772","1544","1544","1544","0.15079809530108898","0.14643393082651654","0.1541375243694696"
"773","1546","1546","1546","0.1508444134245053","0.14739866771178792","0.15313176438647516"
"774","1548","1548","1548","0.1502735811557912","0.14743696150534297","0.1526303869774731"
"775","1550","1550","1550","0.15038786851933444","0.1462968801980907","0.15318863134802965"
"776","1552","1552","1552","0.15114211125372312","0.14904210337415605","0.15335790514458944"
"777","1554","1554","1554","0.1532584610336202","0.15158929344680377","0.15674454650685005"
"778","1556","1556","1556","0.14994801278006056","0.14797430164819256","0.15166520555687737"
"779","1558","1558","1558","0.1527739566059904","0.15133463754186538","0.15573205261434447"
"780","1560","1560","1560","0.15027915677373188","0.1469364157378317","0.15284555523611998"
"781","1562","1562","1562","0.15047215559814628","0.14876898834433752","0.15175217538192487"
"782","1564","1564","1564","0.1520293617963336","0.14991648303811198","0.15426685439472393"
"783","1566","1566","1566","0.15263840138957419","0.14939803335531265","0.15572044590860867"
"784","1568","1568","1568","0.15073029909986596","0.14860493038910658","0.15238173400582972"
"785","1570","1570","1570","0.15026280342812964","0.14915486688086854","0.15175494118754934"
"786","1572","1572","1572","0.15205755228963963","0.15068678056217777","0.15385549541460886"
"787","1574","1574","1574","0.15157323253113641","0.14961545071398372","0.15295728061704866"
"788","1576","1576","1576","0.14948100884514148","0.14789557564562422","0.15020512904448685"
"789","1578","1578","1578","0.15153274801112876","0.15104287234302965","0.15253085198087865"
"790","1580","1580","1580","0.15370118917174963","0.14969359770418136","0.15854757642758863"
"791","1582","1582","1582","0.15259201986807552","0.1509242427981938","0.15551575458814357"
"792","1584","1584","1584","0.15040216917661955","0.14786177509198953","0.1525641760336182"
"793","1586","1586","1586","0.15219929826690953","0.1490006323821649","0.15585712439483118"
"794","1588","1588","1588","0.15139822676943665","0.15108913439512842","0.1520453020672015"
"795","1590","1590","1590","0.15093363922233155","0.1500851995884778","0.15133425273955026"
"796","1592","1592","1592","0.15226258434300366","0.1496513501447996","0.15614398350156142"
"797","1594","1594","1594","0.15216364432334548","0.15093258217972447","0.15409268619007893"
"798","1596","1596","1596","0.15237059957025406","0.14926886298229997","0.15553533031952788"
"799","1598","1598","1598","0.15012140808756316","0.14602450012651952","0.15355153449997522"
"800","1600","1600","1600","0.15219047984658124","0.15008068926352527","0.15573943523103415"
"801","1602","1602","1602","0.15086200161891913","0.14859474659421132","0.15467023226652085"
"802","1604","1604","1604","0.14942515642892676","0.14710332913522559","0.15199889375513634"
"803","1606","1606","1606","0.15007533634944906","0.1479279204665142","0.15163223526905467"
"804","1608","1608","1608","0.15008908631835016","0.1474948184089077","0.15433137123541046"
"805","1610","1610","1610","0.15150149500022833","0.14761463513949444","0.1548859782839323"
"806","1612","1612","1612","0.15182649545236815","0.14913931913869263","0.15493994566333802"
"807","1614","1614","1614","0.15117467849773197","0.14923213997021542","0.15307556149527465"
"808","1616","1616","1616","0.149830027365424","0.14700936666717038","0.15345086149977133"
"809","1618","1618","1618","0.1493542242551554","0.14667636652808683","0.15094827491198465"
"810","1620","1620","1620","0.15130493189424515","0.14918763755641332","0.15418199829751025"
"811","1622","1622","1622","0.1501565404468935","0.1492500188306895","0.15184911685422833"
"812","1624","1624","1624","0.1517607730967226","0.1499314159184703","0.15349716628275795"
"813","1626","1626","1626","0.1513889244758106","0.14906187583367161","0.15505819991436845"
"814","1628","1628","1628","0.1509732876841167","0.1492146993980551","0.15361741425031705"
"815","1630","1630","1630","0.15278891944683176","0.15030911364137972","0.15524154487649006"
"816","1632","1632","1632","0.15073345299190244","0.1493413519418046","0.15157355517023044"
"817","1634","1634","1634","0.1512966431190481","0.14873648694636815","0.15460914652706323"
"818","1636","1636","1636","0.15194968057452302","0.14945798944694832","0.15474128875423615"
"819","1638","1638","1638","0.15249011610830773","0.14858201774915797","0.15550092118705322"
"820","1640","1640","1640","0.15195647813704355","0.15004116789773927","0.15446317966965775"
"821","1642","1642","1642","0.15200811478421242","0.14919183502818179","0.15467590825238978"
"822","1644","1644","1644","0.15015174375146226","0.14822339271866328","0.1512919729241927"
"823","1646","1646","1646","0.14999067801180013","0.14610887943775316","0.1520317401225443"
"824","1648","1648","1648","0.1511153976262962","0.14773968024714157","0.15497184014672863"
"825","1650","1650","1650","0.15105516511897582","0.14944768417473042","0.15292811848749652"
"826","1652","1652","1652","0.1522442914037522","0.14863052781521213","0.15604396178506258"
"827","1654","1654","1654","0.15261471135576327","0.14977502237837795","0.1568152253974582"
"828","1656","1656","1656","0.1515254216106332","0.14859137972788344","0.15468804777854528"
"829","1658","1658","1658","0.15055039690024835","0.14787184854407667","0.15357574507881128"
"830","1660","1660","1660","0.1511169976737488","0.14801604055178205","0.15362873730907692"
"831","1662","1662","1662","0.1517415777167837","0.1469542514414184","0.15441712447448971"
"832","1664","1664","1664","0.15164450991063683","0.15111048042151606","0.1524902298594415"
"833","1666","1666","1666","0.1514022751391515","0.14891888053847807","0.15349229457075583"
"834","1668","1668","1668","0.14989629646931496","0.1486260250476537","0.15284226418204008"
"835","1670","1670","1670","0.1514127783216745","0.14749571272213585","0.15329554554409797"
"836","1672","1672","1672","0.151281635427797","0.14864911672544714","0.15366605701337346"
"837","1674","1674","1674","0.1507909216330462","0.14633372083461024","0.15520979914484578"
"838","1676","1676","1676","0.1508064013918328","0.14988018382006163","0.15122169102412913"
"839","1678","1678","1678","0.15231879864396544","0.14939789050549418","0.1542214277047235"
"840","1680","1680","1680","0.1519870737581533","0.15060761193366573","0.1535860798149311"
"841","1682","1682","1682","0.15223479911401389","0.15030856656375008","0.1536805837034167"
"842","1684","1684","1684","0.1497219376663907","0.14892779146527696","0.15130815177521617"
"843","1686","1686","1686","0.15419774462088723","0.15259621617628186","0.15715843067218435"
"844","1688","1688","1688","0.15020023148723605","0.14845388724527245","0.1523654552839857"
"845","1690","1690","1690","0.15046707625353195","0.1473472164916431","0.15448965393783126"
"846","1692","1692","1692","0.15071643599612677","0.14679192501375388","0.15285297482010426"
"847","1694","1694","1694","0.14959784687495054","0.14546609724233603","0.15361793861653747"
"848","1696","1696","1696","0.14975846418401267","0.1444499085221826","0.15316175378124203"
"849","1698","1698","1698","0.15057837074239616","0.1473787503524334","0.1534396380995639"
"850","1700","1700","1700","0.15064516296310246","0.14963462306702566","0.1514849003661864"
"851","1702","1702","1702","0.15318977035696404","0.1488675472411647","0.1568950279233123"
"852","1704","1704","1704","0.15188503302016207","0.1499612909897209","0.1536799573393711"
"853","1706","1706","1706","0.15187379371571458","0.1506613501889781","0.15322826537540762"
"854","1708","1708","1708","0.15113019421523655","0.14948902124328567","0.15345890429335723"
"855","1710","1710","1710","0.15121683236942574","0.1467900141684709","0.15421857205974154"
"856","1712","1712","1712","0.15104781939308967","0.14978138411940925","0.1533226508747985"
"857","1714","1714","1714","0.15185581052736824","0.14916293318857968","0.1548344333119605"
"858","1716","1716","1716","0.15022613079386868","0.1498670185343034","0.15066855397253556"
"859","1718","1718","1718","0.15165670815284063","0.14823186274645117","0.15457108183301918"
"860","1720","1720","1720","0.15211267110193455","0.14744353608311697","0.15823054497199643"
"861","1722","1722","1722","0.151021275670059","0.15028946326155018","0.15205242129822447"
"862","1724","1724","1724","0.1505459776781459","0.14616969593110993","0.15381651685969236"
"863","1726","1726","1726","0.151847671352127","0.1504079809440262","0.1533680370867927"
"864","1728","1728","1728","0.1498109380038203","0.1460129895058903","0.15529525674270614"
"865","1730","1730","1730","0.15033618236851484","0.14936174605893596","0.15148317170939915"
"866","1732","1732","1732","0.1505739625939034","0.1481525161063114","0.15303756964128112"
"867","1734","1734","1734","0.15239384373038747","0.14953657724870187","0.15636934886425757"
"868","1736","1736","1736","0.15145396514728995","0.1483390510175313","0.15430749632501176"
"869","1738","1738","1738","0.1499694855941418","0.14863278864123108","0.15070815567066967"
"870","1740","1740","1740","0.1513733871980052","0.15015596011218946","0.1519069127093683"
"871","1742","1742","1742","0.14942051574656667","0.14637510147899513","0.15299211673856594"
"872","1744","1744","1744","0.14920376432174848","0.14690817985464655","0.15202185982324515"
"873","1746","1746","1746","0.15115706228755502","0.14802637153698228","0.15317595381167756"
"874","1748","1748","1748","0.1510233296592609","0.1501199481645803","0.15219104530378713"
"875","1750","1750","1750","0.1514040023789534","0.1493000940131178","0.1546192268728183"
"876","1752","1752","1752","0.15209980438081305","0.1499784071520978","0.1551808456507539"
"877","1754","1754","1754","0.1517170159576781","0.14928069335400787","0.1543808613839447"
"878","1756","1756","1756","0.150751945000109","0.14885857772084315","0.15279253059664574"
"879","1758","1758","1758","0.1505925365016611","0.14994875398193858","0.15174458347969563"
"880","1760","1760","1760","0.151596360826254","0.149197184547103","0.15297045159095476"
"881","1762","1762","1762","0.15062578057478032","0.14758179691014708","0.1540631175963761"
"882","1764","1764","1764","0.1542611909575733","0.152897769689068","0.15596157159167753"
"883","1766","1766","1766","0.1502557116757323","0.1489033227304691","0.15346926004739062"
"884","1768","1768","1768","0.15241348717589923","0.14956307200277097","0.1549121785254333"
"885","1770","1770","1770","0.1517029614614936","0.14963046416806178","0.1535690249062597"
"886","1772","1772","1772","0.15193617372787488","0.15021652148187878","0.15553296550555737"
"887","1774","1774","1774","0.1525497167017009","0.14842155931835835","0.15556387983242173"
"888","1776","1776","1776","0.1518885014571151","0.1503478362799382","0.15575550767462912"
"889","1778","1778","1778","0.15176439315032744","0.15093075121727226","0.15329393865650873"
"890","1780","1780","1780","0.15176887812194984","0.1483941046469003","0.15491877668558876"
"891","1782","1782","1782","0.15050379464277533","0.14874463144426414","0.15332017640658088"
"892","1784","1784","1784","0.15286471664791548","0.15091275261104659","0.1562958755854096"
"893","1786","1786","1786","0.15058980794684854","0.1488909959903768","0.15234917598272724"
"894","1788","1788","1788","0.15183446190263272","0.14924185305227639","0.15517529312223374"
"895","1790","1790","1790","0.15139053424458923","0.1494297929645692","0.15465289636686605"
"896","1792","1792","1792","0.14978964886197865","0.14744763314019224","0.1523303543470874"
"897","1794","1794","1794","0.15153065395721713","0.14730371383281707","0.1543363861549576"
"898","1796","1796","1796","0.1512097516619768","0.14879689454451578","0.15373643498943124"
"899","1798","1798","1798","0.15229126065187196","0.14958628882680586","0.15516148449125813"
"900","1800","1800","1800","0.15081625264075693","0.1476221480809135","0.153047316956641"
"901","1802","1802","1802","0.15086146742314563","0.14946960700235984","0.1514935149839431"
"902","1804","1804","1804","0.15243978740148512","0.15009959831658112","0.15725739851630602"
"903","1806","1806","1806","0.15199364392620304","0.14964054593371615","0.15543393190750798"
"904","1808","1808","1808","0.15179795654660871","0.14955646838803544","0.15453294621203775"
"905","1810","1810","1810","0.1539356997887461","0.15109588705164603","0.1559332216308049"
"906","1812","1812","1812","0.1514893460092948","0.14883743445509928","0.15302878372493203"
"907","1814","1814","1814","0.15052149270662948","0.14923538411469237","0.15219317682919797"
"908","1816","1816","1816","0.15197338069593033","0.150051133633307","0.15470871996382154"
"909","1818","1818","1818","0.15288735524760305","0.1504372688091135","0.156755341292789"
"910","1820","1820","1820","0.15309293002523852","0.15066238137520307","0.15613936923660157"
"911","1822","1822","1822","0.15165490538277698","0.14839913223290596","0.15435370011793106"
"912","1824","1824","1824","0.1527676919620818","0.15011101642169278","0.15593127110569047"
"913","1826","1826","1826","0.15264451323835848","0.15066312389849382","0.15586893865509474"
"914","1828","1828","1828","0.1512325225213582","0.14892963312948604","0.15374330765868313"
"915","1830","1830","1830","0.1513697107236968","0.14987562209003255","0.15519241695311756"
"916","1832","1832","1832","0.15131786355471508","0.14857290104919116","0.15635046526407978"
"917","1834","1834","1834","0.15020647469814313","0.14713731651705664","0.15269681323646606"
"918","1836","1836","1836","0.15245849649311835","0.14903708534420446","0.15663259514283676"
"919","1838","1838","1838","0.15167600892246216","0.14918382921847007","0.1549694240028245"
"920","1840","1840","1840","0.15287452460661688","0.14949706061043572","0.15708904721699077"
"921","1842","1842","1842","0.15102463793506185","0.14801498095674248","0.15470302925472895"
"922","1844","1844","1844","0.15201900983222122","0.1497407195918711","0.1571389191512052"
"923","1846","1846","1846","0.15227085372641463","0.15056072813683546","0.15632884354420273"
"924","1848","1848","1848","0.15203660572136948","0.14796116502329223","0.15545692857939405"
"925","1850","1850","1850","0.1524650517566831","0.1495044325484443","0.15471326320290432"
"926","1852","1852","1852","0.1521281946999608","0.1489996814484941","0.15854500884707776"
"927","1854","1854","1854","0.15114685254794097","0.15002345381092444","0.1536267029314007"
"928","1856","1856","1856","0.1501125346326265","0.14748048858137525","0.15227659344949576"
"929","1858","1858","1858","0.1533622392395287","0.14905587262381068","0.15774789988333035"
"930","1860","1860","1860","0.15166727380971223","0.1497581445733893","0.15582518020511235"
"931","1862","1862","1862","0.15180145086358204","0.14967908150697307","0.15333431419350788"
"932","1864","1864","1864","0.1522173915420832","0.1493406329097234","0.15602819562441989"
"933","1866","1866","1866","0.15178034592291537","0.1495415304742961","0.15396473560667517"
"934","1868","1868","1868","0.15254608929392063","0.15176323901851244","0.15316395214331716"
"935","1870","1870","1870","0.15189893205663743","0.14911640600726628","0.15555344366833887"
"936","1872","1872","1872","0.14972602690680542","0.1474244645483437","0.15230332623129988"
"937","1874","1874","1874","0.15189954184195784","0.14839905567403283","0.15389664249689022"
"938","1876","1876","1876","0.1511001142711966","0.14708083380132772","0.15304467483619905"
"939","1878","1878","1878","0.15084093370221258","0.14972890327037824","0.15224935905143572"
"940","1880","1880","1880","0.1507978481510934","0.1490236755113923","0.15312338725896638"
"941","1882","1882","1882","0.1515556211479458","0.14948479564515","0.15349499393373436"
"942","1884","1884","1884","0.15132048172860807","0.1485435204912649","0.1533417583412411"
"943","1886","1886","1886","0.15148794990731154","0.14884215026765454","0.1548043430586075"
"944","1888","1888","1888","0.15209481233251582","0.1477731058120007","0.1556150710225574"
"945","1890","1890","1890","0.15070778099472149","0.14877893012325602","0.1544329615076078"
"946","1892","1892","1892","0.15294189757007542","0.14750188408335022","0.154913198354187"
"947","1894","1894","1894","0.1549059570601663","0.15231838175419987","0.1583668616697723"
"948","1896","1896","1896","0.15483197416077468","0.1530092396156628","0.15892009816504096"
"949","1898","1898","1898","0.15275210298367917","0.148086760843578","0.15610925337531947"
"950","1900","1900","1900","0.15290470513892523","0.14918596240184753","0.156442471414672"
"951","1902","1902","1902","0.1535138418630495","0.1496551389547412","0.1592380090211988"
"952","1904","1904","1904","0.15209138399852287","0.14918336688061096","0.15513845776646001"
"953","1906","1906","1906","0.15101150916910672","0.14660190724662833","0.1545298924017409"
"954","1908","1908","1908","0.1534478134719027","0.15049598639545642","0.15607494899564414"
"955","1910","1910","1910","0.15229308842790085","0.14980834166629803","0.15573498350695783"
"956","1912","1912","1912","0.1528136915552631","0.1485458988121191","0.15656823943334736"
"957","1914","1914","1914","0.1496038949957051","0.14513555621384752","0.15207256013710874"
"958","1916","1916","1916","0.15050503437498347","0.1458527166639354","0.15721306665319243"
"959","1918","1918","1918","0.15114841189111067","0.14976987016636953","0.15473941291722085"
"960","1920","1920","1920","0.15226226210079333","0.14927725076228862","0.15644122134276026"
"961","1922","1922","1922","0.1509360196077597","0.146657815344172","0.15369003669993622"
"962","1924","1924","1924","0.15322889046564492","0.1471857140668406","0.1581934027760916"
"963","1926","1926","1926","0.1512864727759195","0.14910427571984644","0.1549336738460584"
"964","1928","1928","1928","0.1518960526977558","0.1505904719853991","0.15321621979075747"
"965","1930","1930","1930","0.15232660005199514","0.15108977108077487","0.15375315225091626"
"966","1932","1932","1932","0.15388203493235314","0.15196673173369346","0.1579802104516331"
"967","1934","1934","1934","0.15249741985246607","0.14968316554419317","0.15629670610863394"
"968","1936","1936","1936","0.1528343233090009","0.1485125201982393","0.15544587239877808"
"969","1938","1938","1938","0.15251430173822897","0.14976942776164995","0.15446288531073682"
"970","1940","1940","1940","0.1526172096379256","0.15145533929826394","0.1538699551771826"
"971","1942","1942","1942","0.15458503834387652","0.14748135674335433","0.15830229772071766"
"972","1944","1944","1944","0.15183505947698533","0.15016183365676775","0.1560317768771907"
"973","1946","1946","1946","0.15069710254846247","0.14740106672303724","0.15278970107525836"
"974","1948","1948","1948","0.15075735017253242","0.14988902684534125","0.15206802589727259"
"975","1950","1950","1950","0.15335839161559733","0.15216330968942002","0.1542487963174788"
"976","1952","1952","1952","0.1526338742385041","0.15112523600061067","0.15497323403195162"
"977","1954","1954","1954","0.1537942592811983","0.15136619733466403","0.1561042243715788"
"978","1956","1956","1956","0.15247492633191148","0.14888228097689296","0.1554226689982878"
"979","1958","1958","1958","0.1532050283515804","0.15045988142645894","0.15680410965273245"
"980","1960","1960","1960","0.15284224315240402","0.15066046411457484","0.1549429728354742"
"981","1962","1962","1962","0.1534116630970394","0.14901026599842418","0.15608759619194862"
"982","1964","1964","1964","0.15358073555990207","0.14899339761788052","0.15811717661934174"
"983","1966","1966","1966","0.1511762569249784","0.14711063111045494","0.15508825822595623"
"984","1968","1968","1968","0.1511347266579645","0.14838545406255188","0.15367140434951448"
"985","1970","1970","1970","0.15247234474038734","0.1494293158084426","0.15559423821094318"
"986","1972","1972","1972","0.15311915279358557","0.15141462671381098","0.15563426101465364"
"987","1974","1974","1974","0.15243994154443566","0.14897660014593234","0.1579064553537432"
"988","1976","1976","1976","0.15219852807629475","0.151045038742869","0.15332580654090344"
"989","1978","1978","1978","0.1520669284412445","0.14926785915769797","0.15316267678984197"
"990","1980","1980","1980","0.15196020078881814","0.14975031281913412","0.15383095916296058"
"991","1982","1982","1982","0.15297982777683525","0.15109997735288963","0.15487425053393758"
"992","1984","1984","1984","0.1521618276591571","0.15021493967416405","0.15451383886683687"
"993","1986","1986","1986","0.152198756580215","0.14996513300829895","0.15622017460778936"
"994","1988","1988","1988","0.15353463062834347","0.1502443908299608","0.15730528069559946"
"995","1990","1990","1990","0.15270348699730793","0.14896360684766072","0.15596471338643766"
"996","1992","1992","1992","0.15184441858402006","0.1495898674398762","0.1571549098243942"
"997","1994","1994","1994","0.1539183364860254","0.15024608144959004","0.1561538191714092"
"998","1996","1996","1996","0.15358099419305654","0.15083348635820976","0.15726632766109525"
"999","1998","1998","1998","0.1518703727596163","0.14836114546968676","0.15342611112148735"